#
# There is insufficient memory for the Java Runtime Environment to continue.
# Native memory allocation (malloc) failed to allocate 1782416 bytes for Chunk::new
# Possible reasons:
#   The system is out of physical RAM or swap space
#   The process is running with CompressedOops enabled, and the Java Heap may be blocking the growth of the native heap
# Possible solutions:
#   Reduce memory load on the system
#   Increase physical memory or swap space
#   Check if swap backing store is full
#   Decrease Java heap size (-Xmx/-Xms)
#   Decrease number of Java threads
#   Decrease Java thread stack sizes (-Xss)
#   Set larger code cache with -XX:ReservedCodeCacheSize=
#   JVM is running with Unscaled Compressed Oops mode in which the Java heap is
#     placed in the first 4GB address space. The Java Heap base address is the
#     maximum limit for the native heap growth. Please use -XX:HeapBaseMinAddress
#     to set the Java Heap base and to place the Java Heap above 4GB virtual address.
# This output file may be truncated or incomplete.
#
#  Out of Memory Error (arena.cpp:189), pid=4388, tid=13076
#
# JRE version: OpenJDK Runtime Environment (17.0.6) (build 17.0.6+0-b2043.56-10027231)
# Java VM: OpenJDK 64-Bit Server VM (17.0.6+0-b2043.56-10027231, mixed mode, tiered, compressed oops, compressed class ptrs, g1 gc, windows-amd64)
# No core dump will be written. Minidumps are not enabled by default on client versions of Windows
#

---------------  S U M M A R Y ------------

Command Line: --add-opens=java.base/java.util=ALL-UNNAMED --add-opens=java.base/java.lang=ALL-UNNAMED --add-opens=java.base/java.lang.invoke=ALL-UNNAMED --add-opens=java.prefs/java.util.prefs=ALL-UNNAMED --add-opens=java.base/java.nio.charset=ALL-UNNAMED --add-opens=java.base/java.net=ALL-UNNAMED --add-opens=java.base/java.util.concurrent.atomic=ALL-UNNAMED -Xmx2048m -Dfile.encoding=UTF-8 -Duser.country=ES -Duser.language=es -Duser.variant org.gradle.launcher.daemon.bootstrap.GradleDaemon 8.0

Host: 11th Gen Intel(R) Core(TM) i7-11800H @ 2.30GHz, 16 cores, 15G,  Windows 11 , 64 bit Build 26100 (10.0.26100.7705)
Time: Fri Mar 13 12:51:00 2026 Hora estándar romance elapsed time: 7.627746 seconds (0d 0h 0m 7s)

---------------  T H R E A D  ---------------

Current thread (0x000002a3fcdc5a60):  JavaThread "C2 CompilerThread1" daemon [_thread_in_native, id=13076, stack(0x000000caeda00000,0x000000caedb00000)]


Current CompileTask:
C2:   7627 8006       4       org.gradle.internal.instantiation.generator.AbstractClassGenerator::inspectType (560 bytes)

Stack: [0x000000caeda00000,0x000000caedb00000]
Native frames: (J=compiled Java code, j=interpreted, Vv=VM code, C=native code)
V  [jvm.dll+0x683c9a]
V  [jvm.dll+0x8427a4]
V  [jvm.dll+0x843f9e]
V  [jvm.dll+0x844603]
V  [jvm.dll+0x249b75]
V  [jvm.dll+0xabcac]
V  [jvm.dll+0xac27c]
V  [jvm.dll+0x368802]
V  [jvm.dll+0x332f31]
V  [jvm.dll+0x3323da]
V  [jvm.dll+0x21c201]
V  [jvm.dll+0x21b621]
V  [jvm.dll+0x1a4fdd]
V  [jvm.dll+0x22b098]
V  [jvm.dll+0x229159]
V  [jvm.dll+0x7f81ec]
V  [jvm.dll+0x7f274a]
V  [jvm.dll+0x682ad5]
C  [ucrtbase.dll+0x37b0]
C  [KERNEL32.DLL+0x2e8d7]
C  [ntdll.dll+0x8c40c]


---------------  P R O C E S S  ---------------

Threads class SMR info:
_java_thread_list=0x000002a3821cca30, length=184, elements={
0x000002a3e165e050, 0x000002a3fc036250, 0x000002a3fc036d10, 0x000002a3fc0243b0,
0x000002a3fc05e5a0, 0x000002a3fc0541f0, 0x000002a3fc058ac0, 0x000002a3fc0596b0,
0x000002a3fc064bb0, 0x000002a3fc0729d0, 0x000002a3fc1bfcf0, 0x000002a3fc1c4210,
0x000002a3fc217210, 0x000002a3fc218ef0, 0x000002a3fcdc5a60, 0x000002a3ff021110,
0x000002a3fc2193c0, 0x000002a3fc2176e0, 0x000002a3fc217bb0, 0x000002a3fc215a00,
0x000002a3fc2163a0, 0x000002a3fc218550, 0x000002a3fc218080, 0x000002a3fc216870,
0x000002a3fc216d40, 0x000002a3fc218a20, 0x000002a3803c6760, 0x000002a3803c8440,
0x000002a3803c5dc0, 0x000002a3803c6c30, 0x000002a3803c7f70, 0x000002a3803c8910,
0x000002a3803c4f50, 0x000002a3803c7100, 0x000002a3803c75d0, 0x000002a3803c7aa0,
0x000002a3803c8de0, 0x000002a3803c6290, 0x000002a3803c58f0, 0x000002a3803cb460,
0x000002a3803c9c50, 0x000002a3803ca120, 0x000002a3803caac0, 0x000002a3803cbe00,
0x000002a3803cb930, 0x000002a3803c92b0, 0x000002a3803cc2d0, 0x000002a3803cc7a0,
0x000002a3803c9780, 0x000002a3803ca5f0, 0x000002a3864e0980, 0x000002a3864e34d0,
0x000002a3864e17f0, 0x000002a3864e2b30, 0x000002a3864e3000, 0x000002a3864e1320,
0x000002a3864dfb10, 0x000002a3864e39a0, 0x000002a3864e1cc0, 0x000002a3864dffe0,
0x000002a3864e0e50, 0x000002a3864e2190, 0x000002a3864e3e70, 0x000002a3864e2660,
0x000002a3864e04b0, 0x000002a3864e4340, 0x000002a3864e64f0, 0x000002a3864e4810,
0x000002a3864e6020, 0x000002a3864e4ce0, 0x000002a3864e69c0, 0x000002a3864e51b0,
0x000002a3864e5680, 0x000002a3864e7360, 0x000002a3864e6e90, 0x000002a3864e5b50,
0x000002a382ffc2b0, 0x000002a382ffcc50, 0x000002a382ffd120, 0x000002a382ffe460,
0x000002a382ffe930, 0x000002a382fff7a0, 0x000002a382ffd5f0, 0x000002a382fffc70,
0x000002a382ffdac0, 0x000002a383000140, 0x000002a382fff2d0, 0x000002a382ffdf90,
0x000002a382ffee00, 0x000002a382ffc780, 0x000002a383001480, 0x000002a383000610,
0x000002a383003160, 0x000002a383000ae0, 0x000002a383000fb0, 0x000002a383001950,
0x000002a383001e20, 0x000002a3830022f0, 0x000002a3830027c0, 0x000002a383002c90,
0x000002a383003630, 0x000002a383003b00, 0x000002a382bba6a0, 0x000002a382bb9d00,
0x000002a382bb9830, 0x000002a382bbb9e0, 0x000002a382bba1d0, 0x000002a382bb89c0,
0x000002a382bb9360, 0x000002a382bbab70, 0x000002a382bb8e90, 0x000002a382bbb040,
0x000002a382bbb510, 0x000002a382bb8020, 0x000002a382bbbeb0, 0x000002a382bb84f0,
0x000002a382bbea00, 0x000002a382bbc380, 0x000002a382bbf3a0, 0x000002a382bbd1f0,
0x000002a382bbcd20, 0x000002a382bbeed0, 0x000002a382bbf870, 0x000002a382bbd6c0,
0x000002a382bbc850, 0x000002a382bbdb90, 0x000002a382bbe060, 0x000002a382bbe530,
0x000002a382cfa540, 0x000002a382cf8390, 0x000002a382cf8860, 0x000002a382cf9200,
0x000002a382cf8d30, 0x000002a382cf9ba0, 0x000002a382cf96d0, 0x000002a382cfb3b0,
0x000002a382cfa070, 0x000002a382cfb880, 0x000002a382cfaa10, 0x000002a382cfaee0,
0x000002a382cf7ec0, 0x000002a382cfc220, 0x000002a382cfed70, 0x000002a382cfe3d0,
0x000002a382cfbd50, 0x000002a382cfd090, 0x000002a382cfcbc0, 0x000002a382cfc6f0,
0x000002a382cfe8a0, 0x000002a382cfdf00, 0x000002a382cfd560, 0x000002a382cfda30,
0x000002a382cff240, 0x000002a382cff710, 0x000002a386a61d40, 0x000002a386a63080,
0x000002a386a64890, 0x000002a386a62bb0, 0x000002a386a643c0, 0x000002a386a63ef0,
0x000002a386a613a0, 0x000002a386a62210, 0x000002a386a626e0, 0x000002a386a61870,
0x000002a386a66570, 0x000002a386a64d60, 0x000002a386a65230, 0x000002a386a65bd0,
0x000002a386a65700, 0x000002a386a660a0, 0x000002a386a66a40, 0x000002a386a66f10,
0x000002a386a63550, 0x000002a386a673e0, 0x000002a386a63a20, 0x000002a386a68250,
0x000002a386a68720, 0x000002a386a678b0, 0x000002a386a67d80, 0x000002a386a68bf0,
0x000002a384a00a30, 0x000002a384a013d0, 0x000002a384a02be0, 0x000002a3805998f0
}

Java Threads: ( => current thread )
  0x000002a3e165e050 JavaThread "main" [_thread_blocked, id=12480, stack(0x000000caec500000,0x000000caec600000)]
  0x000002a3fc036250 JavaThread "Reference Handler" daemon [_thread_blocked, id=22452, stack(0x000000caecc00000,0x000000caecd00000)]
  0x000002a3fc036d10 JavaThread "Finalizer" daemon [_thread_blocked, id=15856, stack(0x000000caecd00000,0x000000caece00000)]
  0x000002a3fc0243b0 JavaThread "Signal Dispatcher" daemon [_thread_blocked, id=21572, stack(0x000000caece00000,0x000000caecf00000)]
  0x000002a3fc05e5a0 JavaThread "Attach Listener" daemon [_thread_blocked, id=20096, stack(0x000000caecf00000,0x000000caed000000)]
  0x000002a3fc0541f0 JavaThread "Service Thread" daemon [_thread_blocked, id=3320, stack(0x000000caed000000,0x000000caed100000)]
  0x000002a3fc058ac0 JavaThread "Monitor Deflation Thread" daemon [_thread_blocked, id=2812, stack(0x000000caed100000,0x000000caed200000)]
  0x000002a3fc0596b0 JavaThread "C2 CompilerThread0" daemon [_thread_in_native, id=17328, stack(0x000000caed200000,0x000000caed300000)]
  0x000002a3fc064bb0 JavaThread "C1 CompilerThread0" daemon [_thread_blocked, id=19812, stack(0x000000caed300000,0x000000caed400000)]
  0x000002a3fc0729d0 JavaThread "Sweeper thread" daemon [_thread_blocked, id=12988, stack(0x000000caed400000,0x000000caed500000)]
  0x000002a3fc1bfcf0 JavaThread "C1 CompilerThread1" daemon [_thread_blocked, id=12796, stack(0x000000caed500000,0x000000caed600000)]
  0x000002a3fc1c4210 JavaThread "C1 CompilerThread2" daemon [_thread_blocked, id=10012, stack(0x000000caed600000,0x000000caed700000)]
  0x000002a3fc217210 JavaThread "Common-Cleaner" daemon [_thread_blocked, id=8284, stack(0x000000caed700000,0x000000caed800000)]
  0x000002a3fc218ef0 JavaThread "Notification Thread" daemon [_thread_blocked, id=20188, stack(0x000000caed800000,0x000000caed900000)]
=>0x000002a3fcdc5a60 JavaThread "C2 CompilerThread1" daemon [_thread_in_native, id=13076, stack(0x000000caeda00000,0x000000caedb00000)]
  0x000002a3ff021110 JavaThread "C1 CompilerThread3" daemon [_thread_blocked, id=8116, stack(0x000000caee100000,0x000000caee200000)]
  0x000002a3fc2193c0 JavaThread "Daemon health stats" [_thread_blocked, id=13164, stack(0x000000caee200000,0x000000caee300000)]
  0x000002a3fc2176e0 JavaThread "Incoming local TCP Connector on port 59839" [_thread_in_native, id=15748, stack(0x000000caee300000,0x000000caee400000)]
  0x000002a3fc217bb0 JavaThread "Daemon periodic checks" [_thread_blocked, id=21212, stack(0x000000caee400000,0x000000caee500000)]
  0x000002a3fc215a00 JavaThread "Daemon" [_thread_blocked, id=20872, stack(0x000000caee500000,0x000000caee600000)]
  0x000002a3fc2163a0 JavaThread "Handler for socket connection from /127.0.0.1:59839 to /127.0.0.1:59840" [_thread_in_native, id=17392, stack(0x000000caee600000,0x000000caee700000)]
  0x000002a3fc218550 JavaThread "Cancel handler" [_thread_blocked, id=4472, stack(0x000000caee700000,0x000000caee800000)]
  0x000002a3fc218080 JavaThread "Daemon worker" [_thread_in_vm, id=1532, stack(0x000000caee800000,0x000000caee900000)]
  0x000002a3fc216870 JavaThread "Asynchronous log dispatcher for DefaultDaemonConnection: socket connection from /127.0.0.1:59839 to /127.0.0.1:59840" [_thread_blocked, id=11088, stack(0x000000caee900000,0x000000caeea00000)]
  0x000002a3fc216d40 JavaThread "Stdin handler" [_thread_blocked, id=15608, stack(0x000000caeea00000,0x000000caeeb00000)]
  0x000002a3fc218a20 JavaThread "Daemon client event forwarder" [_thread_blocked, id=6840, stack(0x000000caeeb00000,0x000000caeec00000)]
  0x000002a3803c6760 JavaThread "Cache worker for journal cache (C:\Users\shuik\Desktop\Android Studio\Sdk\caches\journal-1)" [_thread_blocked, id=11372, stack(0x000000caef400000,0x000000caef500000)]
  0x000002a3803c8440 JavaThread "File lock request listener" [_thread_in_native, id=19392, stack(0x000000caef500000,0x000000caef600000)]
  0x000002a3803c5dc0 JavaThread "Cache worker for file hash cache (C:\Users\shuik\Desktop\Android Studio\Sdk\caches\8.0\fileHashes)" [_thread_blocked, id=1344, stack(0x000000caef600000,0x000000caef700000)]
  0x000002a3803c6c30 JavaThread "File watcher server" daemon [_thread_in_native, id=5056, stack(0x000000caef800000,0x000000caef900000)]
  0x000002a3803c7f70 JavaThread "File watcher consumer" daemon [_thread_blocked, id=1948, stack(0x000000caef900000,0x000000caefa00000)]
  0x000002a3803c8910 JavaThread "Cache worker for checksums cache (C:\Users\shuik\Documents\GitHub\Ovulitos\Android_Ovulitos\.gradle\8.0\checksums)" [_thread_blocked, id=12000, stack(0x000000caefa00000,0x000000caefb00000)]
  0x000002a3803c4f50 JavaThread "Cache worker for cache directory md-rule (C:\Users\shuik\Desktop\Android Studio\Sdk\caches\8.0\md-rule)" [_thread_blocked, id=1724, stack(0x000000caefb00000,0x000000caefc00000)]
  0x000002a3803c7100 JavaThread "Cache worker for file content cache (C:\Users\shuik\Desktop\Android Studio\Sdk\caches\8.0\fileContent)" [_thread_blocked, id=10536, stack(0x000000caefc00000,0x000000caefd00000)]
  0x000002a3803c75d0 JavaThread "Cache worker for file hash cache (C:\Users\shuik\Documents\GitHub\Ovulitos\Android_Ovulitos\.gradle\8.0\fileHashes)" [_thread_blocked, id=1184, stack(0x000000caefd00000,0x000000caefe00000)]
  0x000002a3803c7aa0 JavaThread "Cache worker for cache directory md-supplier (C:\Users\shuik\Desktop\Android Studio\Sdk\caches\8.0\md-supplier)" [_thread_blocked, id=1816, stack(0x000000caefe00000,0x000000caeff00000)]
  0x000002a3803c8de0 JavaThread "Cache worker for execution history cache (C:\Users\shuik\Desktop\Android Studio\Sdk\caches\8.0\executionHistory)" [_thread_blocked, id=12368, stack(0x000000caeff00000,0x000000caf0000000)]
  0x000002a3803c6290 JavaThread "jar transforms" [_thread_blocked, id=22116, stack(0x000000caf0000000,0x000000caf0100000)]
  0x000002a3803c58f0 JavaThread "jar transforms Thread 2" [_thread_blocked, id=16632, stack(0x000000caf0100000,0x000000caf0200000)]
  0x000002a3803cb460 JavaThread "Cache worker for kotlin-dsl (C:\Users\shuik\Desktop\Android Studio\Sdk\caches\8.0\kotlin-dsl)" [_thread_blocked, id=15520, stack(0x000000caf0500000,0x000000caf0600000)]
  0x000002a3803c9c50 JavaThread "jar transforms Thread 3" [_thread_blocked, id=5376, stack(0x000000caf0600000,0x000000caf0700000)]
  0x000002a3803ca120 JavaThread "jar transforms Thread 4" [_thread_blocked, id=18956, stack(0x000000caf0700000,0x000000caf0800000)]
  0x000002a3803caac0 JavaThread "Cache worker for dependencies-accessors (C:\Users\shuik\Documents\GitHub\Ovulitos\Android_Ovulitos\.gradle\8.0\dependencies-accessors)" [_thread_blocked, id=20780, stack(0x000000caf0800000,0x000000caf0900000)]
  0x000002a3803cbe00 JavaThread "Cache worker for Build Output Cleanup Cache (C:\Users\shuik\Documents\GitHub\Ovulitos\Android_Ovulitos\.gradle\buildOutputCleanup)" [_thread_blocked, id=7372, stack(0x000000caf0900000,0x000000caf0a00000)]
  0x000002a3803cb930 JavaThread "jar transforms Thread 5" [_thread_blocked, id=22760, stack(0x000000caf0a00000,0x000000caf0b00000)]
  0x000002a3803c92b0 JavaThread "Unconstrained build operations" [_thread_blocked, id=13332, stack(0x000000caf0b00000,0x000000caf0c00000)]
  0x000002a3803cc2d0 JavaThread "Unconstrained build operations Thread 2" [_thread_blocked, id=22932, stack(0x000000caf0c00000,0x000000caf0d00000)]
  0x000002a3803cc7a0 JavaThread "Unconstrained build operations Thread 3" [_thread_blocked, id=16580, stack(0x000000caf0d00000,0x000000caf0e00000)]
  0x000002a3803c9780 JavaThread "Unconstrained build operations Thread 4" [_thread_blocked, id=11376, stack(0x000000caf0e00000,0x000000caf0f00000)]
  0x000002a3803ca5f0 JavaThread "Unconstrained build operations Thread 5" [_thread_blocked, id=23464, stack(0x000000caf0f00000,0x000000caf1000000)]
  0x000002a3864e0980 JavaThread "Unconstrained build operations Thread 6" [_thread_blocked, id=6808, stack(0x000000caf1000000,0x000000caf1100000)]
  0x000002a3864e34d0 JavaThread "Unconstrained build operations Thread 7" [_thread_blocked, id=7096, stack(0x000000caf1100000,0x000000caf1200000)]
  0x000002a3864e17f0 JavaThread "Unconstrained build operations Thread 8" [_thread_blocked, id=7700, stack(0x000000caf1200000,0x000000caf1300000)]
  0x000002a3864e2b30 JavaThread "Unconstrained build operations Thread 9" [_thread_blocked, id=17060, stack(0x000000caf1300000,0x000000caf1400000)]
  0x000002a3864e3000 JavaThread "Unconstrained build operations Thread 10" [_thread_blocked, id=3676, stack(0x000000caf1400000,0x000000caf1500000)]
  0x000002a3864e1320 JavaThread "Unconstrained build operations Thread 11" [_thread_blocked, id=11364, stack(0x000000caf1500000,0x000000caf1600000)]
  0x000002a3864dfb10 JavaThread "Unconstrained build operations Thread 12" [_thread_blocked, id=17932, stack(0x000000caf1600000,0x000000caf1700000)]
  0x000002a3864e39a0 JavaThread "Unconstrained build operations Thread 13" [_thread_blocked, id=12244, stack(0x000000caf1700000,0x000000caf1800000)]
  0x000002a3864e1cc0 JavaThread "Unconstrained build operations Thread 14" [_thread_blocked, id=13840, stack(0x000000caf1800000,0x000000caf1900000)]
  0x000002a3864dffe0 JavaThread "Unconstrained build operations Thread 15" [_thread_blocked, id=8236, stack(0x000000caf1900000,0x000000caf1a00000)]
  0x000002a3864e0e50 JavaThread "Unconstrained build operations Thread 16" [_thread_blocked, id=11836, stack(0x000000caf1a00000,0x000000caf1b00000)]
  0x000002a3864e2190 JavaThread "Unconstrained build operations Thread 17" [_thread_blocked, id=8772, stack(0x000000caf1b00000,0x000000caf1c00000)]
  0x000002a3864e3e70 JavaThread "Unconstrained build operations Thread 18" [_thread_blocked, id=14936, stack(0x000000caf1c00000,0x000000caf1d00000)]
  0x000002a3864e2660 JavaThread "Unconstrained build operations Thread 19" [_thread_blocked, id=11336, stack(0x000000caf1d00000,0x000000caf1e00000)]
  0x000002a3864e04b0 JavaThread "Unconstrained build operations Thread 20" [_thread_blocked, id=6984, stack(0x000000caf1e00000,0x000000caf1f00000)]
  0x000002a3864e4340 JavaThread "Unconstrained build operations Thread 21" [_thread_blocked, id=13540, stack(0x000000caf1f00000,0x000000caf2000000)]
  0x000002a3864e64f0 JavaThread "Unconstrained build operations Thread 22" [_thread_blocked, id=8428, stack(0x000000caf2000000,0x000000caf2100000)]
  0x000002a3864e4810 JavaThread "Unconstrained build operations Thread 23" [_thread_blocked, id=1972, stack(0x000000caf2100000,0x000000caf2200000)]
  0x000002a3864e6020 JavaThread "Unconstrained build operations Thread 24" [_thread_blocked, id=10992, stack(0x000000caf2200000,0x000000caf2300000)]
  0x000002a3864e4ce0 JavaThread "Unconstrained build operations Thread 25" [_thread_blocked, id=13564, stack(0x000000caf2300000,0x000000caf2400000)]
  0x000002a3864e69c0 JavaThread "Unconstrained build operations Thread 26" [_thread_blocked, id=13372, stack(0x000000caf2400000,0x000000caf2500000)]
  0x000002a3864e51b0 JavaThread "Unconstrained build operations Thread 27" [_thread_blocked, id=10296, stack(0x000000caf2500000,0x000000caf2600000)]
  0x000002a3864e5680 JavaThread "Unconstrained build operations Thread 28" [_thread_blocked, id=14448, stack(0x000000caf2600000,0x000000caf2700000)]
  0x000002a3864e7360 JavaThread "Unconstrained build operations Thread 29" [_thread_blocked, id=19228, stack(0x000000caf2700000,0x000000caf2800000)]
  0x000002a3864e6e90 JavaThread "Unconstrained build operations Thread 30" [_thread_blocked, id=11908, stack(0x000000caf2800000,0x000000caf2900000)]
  0x000002a3864e5b50 JavaThread "Unconstrained build operations Thread 31" [_thread_blocked, id=4280, stack(0x000000caf2900000,0x000000caf2a00000)]
  0x000002a382ffc2b0 JavaThread "Unconstrained build operations Thread 32" [_thread_blocked, id=16720, stack(0x000000caf2a00000,0x000000caf2b00000)]
  0x000002a382ffcc50 JavaThread "Unconstrained build operations Thread 33" [_thread_blocked, id=18012, stack(0x000000caf2b00000,0x000000caf2c00000)]
  0x000002a382ffd120 JavaThread "Unconstrained build operations Thread 34" [_thread_blocked, id=18756, stack(0x000000caf2c00000,0x000000caf2d00000)]
  0x000002a382ffe460 JavaThread "Unconstrained build operations Thread 35" [_thread_blocked, id=14372, stack(0x000000caf2d00000,0x000000caf2e00000)]
  0x000002a382ffe930 JavaThread "Unconstrained build operations Thread 36" [_thread_blocked, id=22972, stack(0x000000caf2e00000,0x000000caf2f00000)]
  0x000002a382fff7a0 JavaThread "Unconstrained build operations Thread 37" [_thread_blocked, id=2504, stack(0x000000caf2f00000,0x000000caf3000000)]
  0x000002a382ffd5f0 JavaThread "Unconstrained build operations Thread 38" [_thread_blocked, id=5064, stack(0x000000caf3000000,0x000000caf3100000)]
  0x000002a382fffc70 JavaThread "Unconstrained build operations Thread 39" [_thread_blocked, id=11904, stack(0x000000caf3100000,0x000000caf3200000)]
  0x000002a382ffdac0 JavaThread "Unconstrained build operations Thread 40" [_thread_blocked, id=10436, stack(0x000000caf3200000,0x000000caf3300000)]
  0x000002a383000140 JavaThread "Unconstrained build operations Thread 41" [_thread_blocked, id=19900, stack(0x000000caf3300000,0x000000caf3400000)]
  0x000002a382fff2d0 JavaThread "Unconstrained build operations Thread 42" [_thread_blocked, id=18340, stack(0x000000caf3400000,0x000000caf3500000)]
  0x000002a382ffdf90 JavaThread "Unconstrained build operations Thread 43" [_thread_blocked, id=19780, stack(0x000000caf3500000,0x000000caf3600000)]
  0x000002a382ffee00 JavaThread "Unconstrained build operations Thread 44" [_thread_blocked, id=12592, stack(0x000000caf3600000,0x000000caf3700000)]
  0x000002a382ffc780 JavaThread "Unconstrained build operations Thread 45" [_thread_blocked, id=12836, stack(0x000000caf3700000,0x000000caf3800000)]
  0x000002a383001480 JavaThread "Unconstrained build operations Thread 46" [_thread_blocked, id=15328, stack(0x000000caf3800000,0x000000caf3900000)]
  0x000002a383000610 JavaThread "Unconstrained build operations Thread 47" [_thread_blocked, id=19420, stack(0x000000caf3900000,0x000000caf3a00000)]
  0x000002a383003160 JavaThread "Unconstrained build operations Thread 48" [_thread_blocked, id=16192, stack(0x000000caf3a00000,0x000000caf3b00000)]
  0x000002a383000ae0 JavaThread "Unconstrained build operations Thread 49" [_thread_blocked, id=11544, stack(0x000000caf3b00000,0x000000caf3c00000)]
  0x000002a383000fb0 JavaThread "Unconstrained build operations Thread 50" [_thread_blocked, id=8716, stack(0x000000caf3c00000,0x000000caf3d00000)]
  0x000002a383001950 JavaThread "Unconstrained build operations Thread 51" [_thread_blocked, id=5788, stack(0x000000caf3d00000,0x000000caf3e00000)]
  0x000002a383001e20 JavaThread "Unconstrained build operations Thread 52" [_thread_blocked, id=14412, stack(0x000000caf3e00000,0x000000caf3f00000)]
  0x000002a3830022f0 JavaThread "Unconstrained build operations Thread 53" [_thread_blocked, id=9416, stack(0x000000caf3f00000,0x000000caf4000000)]
  0x000002a3830027c0 JavaThread "Unconstrained build operations Thread 54" [_thread_blocked, id=9456, stack(0x000000caf4000000,0x000000caf4100000)]
  0x000002a383002c90 JavaThread "Unconstrained build operations Thread 55" [_thread_blocked, id=14556, stack(0x000000caf4100000,0x000000caf4200000)]
  0x000002a383003630 JavaThread "Unconstrained build operations Thread 56" [_thread_blocked, id=18752, stack(0x000000caf4200000,0x000000caf4300000)]
  0x000002a383003b00 JavaThread "Unconstrained build operations Thread 57" [_thread_blocked, id=17116, stack(0x000000caf4300000,0x000000caf4400000)]
  0x000002a382bba6a0 JavaThread "Unconstrained build operations Thread 58" [_thread_blocked, id=10276, stack(0x000000caf4400000,0x000000caf4500000)]
  0x000002a382bb9d00 JavaThread "Unconstrained build operations Thread 59" [_thread_blocked, id=1596, stack(0x000000caf4500000,0x000000caf4600000)]
  0x000002a382bb9830 JavaThread "Unconstrained build operations Thread 60" [_thread_blocked, id=20228, stack(0x000000caf4600000,0x000000caf4700000)]
  0x000002a382bbb9e0 JavaThread "Unconstrained build operations Thread 61" [_thread_blocked, id=13304, stack(0x000000caf4700000,0x000000caf4800000)]
  0x000002a382bba1d0 JavaThread "Unconstrained build operations Thread 62" [_thread_blocked, id=18064, stack(0x000000caf4800000,0x000000caf4900000)]
  0x000002a382bb89c0 JavaThread "Unconstrained build operations Thread 63" [_thread_blocked, id=16924, stack(0x000000caf4900000,0x000000caf4a00000)]
  0x000002a382bb9360 JavaThread "Unconstrained build operations Thread 64" [_thread_blocked, id=20684, stack(0x000000caf4a00000,0x000000caf4b00000)]
  0x000002a382bbab70 JavaThread "Unconstrained build operations Thread 65" [_thread_blocked, id=18848, stack(0x000000caf4b00000,0x000000caf4c00000)]
  0x000002a382bb8e90 JavaThread "Unconstrained build operations Thread 66" [_thread_blocked, id=1932, stack(0x000000caf4c00000,0x000000caf4d00000)]
  0x000002a382bbb040 JavaThread "Unconstrained build operations Thread 67" [_thread_blocked, id=20972, stack(0x000000caf4d00000,0x000000caf4e00000)]
  0x000002a382bbb510 JavaThread "Unconstrained build operations Thread 68" [_thread_blocked, id=17228, stack(0x000000caf4e00000,0x000000caf4f00000)]
  0x000002a382bb8020 JavaThread "Unconstrained build operations Thread 69" [_thread_blocked, id=12884, stack(0x000000caf4f00000,0x000000caf5000000)]
  0x000002a382bbbeb0 JavaThread "Unconstrained build operations Thread 70" [_thread_blocked, id=14008, stack(0x000000caf5000000,0x000000caf5100000)]
  0x000002a382bb84f0 JavaThread "Unconstrained build operations Thread 71" [_thread_blocked, id=2456, stack(0x000000caf5100000,0x000000caf5200000)]
  0x000002a382bbea00 JavaThread "Unconstrained build operations Thread 72" [_thread_blocked, id=6192, stack(0x000000caf5200000,0x000000caf5300000)]
  0x000002a382bbc380 JavaThread "Unconstrained build operations Thread 73" [_thread_blocked, id=4108, stack(0x000000caf5300000,0x000000caf5400000)]
  0x000002a382bbf3a0 JavaThread "Unconstrained build operations Thread 74" [_thread_blocked, id=13832, stack(0x000000caf5400000,0x000000caf5500000)]
  0x000002a382bbd1f0 JavaThread "Unconstrained build operations Thread 75" [_thread_blocked, id=20624, stack(0x000000caf5500000,0x000000caf5600000)]
  0x000002a382bbcd20 JavaThread "Unconstrained build operations Thread 76" [_thread_blocked, id=20776, stack(0x000000caf5600000,0x000000caf5700000)]
  0x000002a382bbeed0 JavaThread "Unconstrained build operations Thread 77" [_thread_blocked, id=22384, stack(0x000000caf5700000,0x000000caf5800000)]
  0x000002a382bbf870 JavaThread "Unconstrained build operations Thread 78" [_thread_blocked, id=5100, stack(0x000000caf5800000,0x000000caf5900000)]
  0x000002a382bbd6c0 JavaThread "Unconstrained build operations Thread 79" [_thread_blocked, id=10444, stack(0x000000caf5900000,0x000000caf5a00000)]
  0x000002a382bbc850 JavaThread "Unconstrained build operations Thread 80" [_thread_blocked, id=7688, stack(0x000000caf5a00000,0x000000caf5b00000)]
  0x000002a382bbdb90 JavaThread "Unconstrained build operations Thread 81" [_thread_blocked, id=5560, stack(0x000000caf5b00000,0x000000caf5c00000)]
  0x000002a382bbe060 JavaThread "Unconstrained build operations Thread 82" [_thread_blocked, id=6928, stack(0x000000caf5c00000,0x000000caf5d00000)]
  0x000002a382bbe530 JavaThread "Unconstrained build operations Thread 83" [_thread_blocked, id=4268, stack(0x000000caf5d00000,0x000000caf5e00000)]
  0x000002a382cfa540 JavaThread "Unconstrained build operations Thread 84" [_thread_blocked, id=9020, stack(0x000000caf5e00000,0x000000caf5f00000)]
  0x000002a382cf8390 JavaThread "Unconstrained build operations Thread 85" [_thread_blocked, id=5452, stack(0x000000caf5f00000,0x000000caf6000000)]
  0x000002a382cf8860 JavaThread "Unconstrained build operations Thread 86" [_thread_blocked, id=18780, stack(0x000000caf6000000,0x000000caf6100000)]
  0x000002a382cf9200 JavaThread "Unconstrained build operations Thread 87" [_thread_blocked, id=10788, stack(0x000000caf6100000,0x000000caf6200000)]
  0x000002a382cf8d30 JavaThread "Unconstrained build operations Thread 88" [_thread_blocked, id=17120, stack(0x000000caf6200000,0x000000caf6300000)]
  0x000002a382cf9ba0 JavaThread "Unconstrained build operations Thread 89" [_thread_blocked, id=6280, stack(0x000000caf6300000,0x000000caf6400000)]
  0x000002a382cf96d0 JavaThread "Unconstrained build operations Thread 90" [_thread_blocked, id=9632, stack(0x000000caf6400000,0x000000caf6500000)]
  0x000002a382cfb3b0 JavaThread "Unconstrained build operations Thread 91" [_thread_blocked, id=21392, stack(0x000000caf6500000,0x000000caf6600000)]
  0x000002a382cfa070 JavaThread "Unconstrained build operations Thread 92" [_thread_blocked, id=11968, stack(0x000000caf6600000,0x000000caf6700000)]
  0x000002a382cfb880 JavaThread "Unconstrained build operations Thread 93" [_thread_blocked, id=12072, stack(0x000000caf6700000,0x000000caf6800000)]
  0x000002a382cfaa10 JavaThread "Unconstrained build operations Thread 94" [_thread_blocked, id=8024, stack(0x000000caf6800000,0x000000caf6900000)]
  0x000002a382cfaee0 JavaThread "Unconstrained build operations Thread 95" [_thread_blocked, id=9428, stack(0x000000caf6900000,0x000000caf6a00000)]
  0x000002a382cf7ec0 JavaThread "Unconstrained build operations Thread 96" [_thread_blocked, id=10888, stack(0x000000caf6a00000,0x000000caf6b00000)]
  0x000002a382cfc220 JavaThread "Unconstrained build operations Thread 97" [_thread_blocked, id=3188, stack(0x000000caf6b00000,0x000000caf6c00000)]
  0x000002a382cfed70 JavaThread "Unconstrained build operations Thread 98" [_thread_blocked, id=15860, stack(0x000000caf6c00000,0x000000caf6d00000)]
  0x000002a382cfe3d0 JavaThread "Unconstrained build operations Thread 99" [_thread_blocked, id=21128, stack(0x000000caf6d00000,0x000000caf6e00000)]
  0x000002a382cfbd50 JavaThread "Unconstrained build operations Thread 100" [_thread_blocked, id=16752, stack(0x000000caf6e00000,0x000000caf6f00000)]
  0x000002a382cfd090 JavaThread "Unconstrained build operations Thread 101" [_thread_blocked, id=23196, stack(0x000000caf6f00000,0x000000caf7000000)]
  0x000002a382cfcbc0 JavaThread "Unconstrained build operations Thread 102" [_thread_blocked, id=15120, stack(0x000000caf7000000,0x000000caf7100000)]
  0x000002a382cfc6f0 JavaThread "Unconstrained build operations Thread 103" [_thread_blocked, id=12108, stack(0x000000caf7100000,0x000000caf7200000)]
  0x000002a382cfe8a0 JavaThread "Unconstrained build operations Thread 104" [_thread_blocked, id=23116, stack(0x000000caf7200000,0x000000caf7300000)]
  0x000002a382cfdf00 JavaThread "Unconstrained build operations Thread 105" [_thread_blocked, id=21512, stack(0x000000caf7300000,0x000000caf7400000)]
  0x000002a382cfd560 JavaThread "Unconstrained build operations Thread 106" [_thread_blocked, id=7840, stack(0x000000caf7400000,0x000000caf7500000)]
  0x000002a382cfda30 JavaThread "Unconstrained build operations Thread 107" [_thread_blocked, id=3180, stack(0x000000caf7500000,0x000000caf7600000)]
  0x000002a382cff240 JavaThread "Unconstrained build operations Thread 108" [_thread_blocked, id=3416, stack(0x000000caf7600000,0x000000caf7700000)]
  0x000002a382cff710 JavaThread "Unconstrained build operations Thread 109" [_thread_blocked, id=3452, stack(0x000000caf7700000,0x000000caf7800000)]
  0x000002a386a61d40 JavaThread "Unconstrained build operations Thread 110" [_thread_blocked, id=15956, stack(0x000000caf7800000,0x000000caf7900000)]
  0x000002a386a63080 JavaThread "Unconstrained build operations Thread 111" [_thread_blocked, id=13596, stack(0x000000caf7900000,0x000000caf7a00000)]
  0x000002a386a64890 JavaThread "Unconstrained build operations Thread 112" [_thread_blocked, id=8136, stack(0x000000caf7a00000,0x000000caf7b00000)]
  0x000002a386a62bb0 JavaThread "Unconstrained build operations Thread 113" [_thread_blocked, id=12064, stack(0x000000caf7b00000,0x000000caf7c00000)]
  0x000002a386a643c0 JavaThread "Unconstrained build operations Thread 114" [_thread_blocked, id=13748, stack(0x000000caf7c00000,0x000000caf7d00000)]
  0x000002a386a63ef0 JavaThread "Unconstrained build operations Thread 115" [_thread_blocked, id=480, stack(0x000000caf7d00000,0x000000caf7e00000)]
  0x000002a386a613a0 JavaThread "Unconstrained build operations Thread 116" [_thread_blocked, id=2824, stack(0x000000caf7e00000,0x000000caf7f00000)]
  0x000002a386a62210 JavaThread "Unconstrained build operations Thread 117" [_thread_blocked, id=3964, stack(0x000000caf7f00000,0x000000caf8000000)]
  0x000002a386a626e0 JavaThread "Unconstrained build operations Thread 118" [_thread_blocked, id=15104, stack(0x000000caf8000000,0x000000caf8100000)]
  0x000002a386a61870 JavaThread "Unconstrained build operations Thread 119" [_thread_blocked, id=13124, stack(0x000000caf8100000,0x000000caf8200000)]
  0x000002a386a66570 JavaThread "Unconstrained build operations Thread 120" [_thread_blocked, id=9180, stack(0x000000caf8200000,0x000000caf8300000)]
  0x000002a386a64d60 JavaThread "Unconstrained build operations Thread 121" [_thread_blocked, id=5688, stack(0x000000caf8300000,0x000000caf8400000)]
  0x000002a386a65230 JavaThread "Unconstrained build operations Thread 122" [_thread_blocked, id=9164, stack(0x000000caf8400000,0x000000caf8500000)]
  0x000002a386a65bd0 JavaThread "Unconstrained build operations Thread 123" [_thread_blocked, id=1576, stack(0x000000caf8500000,0x000000caf8600000)]
  0x000002a386a65700 JavaThread "Unconstrained build operations Thread 124" [_thread_blocked, id=11996, stack(0x000000caf8600000,0x000000caf8700000)]
  0x000002a386a660a0 JavaThread "Unconstrained build operations Thread 125" [_thread_blocked, id=23092, stack(0x000000caf8700000,0x000000caf8800000)]
  0x000002a386a66a40 JavaThread "jar transforms Thread 6" [_thread_blocked, id=14668, stack(0x000000caf8800000,0x000000caf8900000)]
  0x000002a386a66f10 JavaThread "jar transforms Thread 7" [_thread_blocked, id=4552, stack(0x000000caf8900000,0x000000caf8a00000)]
  0x000002a386a63550 JavaThread "jar transforms Thread 8" [_thread_blocked, id=19492, stack(0x000000caf8a00000,0x000000caf8b00000)]
  0x000002a386a673e0 JavaThread "jar transforms Thread 9" [_thread_blocked, id=7360, stack(0x000000caf8b00000,0x000000caf8c00000)]
  0x000002a386a63a20 JavaThread "jar transforms Thread 10" [_thread_blocked, id=17988, stack(0x000000caf8c00000,0x000000caf8d00000)]
  0x000002a386a68250 JavaThread "jar transforms Thread 11" [_thread_blocked, id=13524, stack(0x000000caf8d00000,0x000000caf8e00000)]
  0x000002a386a68720 JavaThread "jar transforms Thread 12" [_thread_blocked, id=5508, stack(0x000000caf8e00000,0x000000caf8f00000)]
  0x000002a386a678b0 JavaThread "jar transforms Thread 13" [_thread_blocked, id=9320, stack(0x000000caf8f00000,0x000000caf9000000)]
  0x000002a386a67d80 JavaThread "jar transforms Thread 14" [_thread_blocked, id=7436, stack(0x000000caf9000000,0x000000caf9100000)]
  0x000002a386a68bf0 JavaThread "jar transforms Thread 15" [_thread_blocked, id=1612, stack(0x000000caf9100000,0x000000caf9200000)]
  0x000002a384a00a30 JavaThread "jar transforms Thread 16" [_thread_blocked, id=15892, stack(0x000000caf9200000,0x000000caf9300000)]
  0x000002a384a013d0 JavaThread "build event listener" [_thread_blocked, id=4032, stack(0x000000caf0400000,0x000000caf0500000)]
  0x000002a384a02be0 JavaThread "Memory manager" [_thread_blocked, id=16268, stack(0x000000caf9300000,0x000000caf9400000)]
  0x000002a3805998f0 JavaThread "C2 CompilerThread2" daemon [_thread_in_native, id=11644, stack(0x000000caef700000,0x000000caef800000)]

Other Threads:
  0x000002a3fc014540 VMThread "VM Thread" [stack: 0x000000caecb00000,0x000000caecc00000] [id=14716]
  0x000002a3e16dec30 WatcherThread [stack: 0x000000caed900000,0x000000caeda00000] [id=8956]
  0x000002a3e16becf0 GCTaskThread "GC Thread#0" [stack: 0x000000caec600000,0x000000caec700000] [id=18820]
  0x000002a3fdf27a90 GCTaskThread "GC Thread#1" [stack: 0x000000caedc00000,0x000000caedd00000] [id=1256]
  0x000002a3fe14d8a0 GCTaskThread "GC Thread#2" [stack: 0x000000caedd00000,0x000000caede00000] [id=5052]
  0x000002a3fd389f70 GCTaskThread "GC Thread#3" [stack: 0x000000caede00000,0x000000caedf00000] [id=1356]
  0x000002a3fd38a5f0 GCTaskThread "GC Thread#4" [stack: 0x000000caedf00000,0x000000caee000000] [id=17232]
  0x000002a3fdac2090 GCTaskThread "GC Thread#5" [stack: 0x000000caee000000,0x000000caee100000] [id=18652]
  0x000002a3fd46f000 GCTaskThread "GC Thread#6" [stack: 0x000000caedb00000,0x000000caedc00000] [id=22748]
  0x000002a3fd46e540 GCTaskThread "GC Thread#7" [stack: 0x000000caeec00000,0x000000caeed00000] [id=23152]
  0x000002a3fd46eaa0 GCTaskThread "GC Thread#8" [stack: 0x000000caeed00000,0x000000caeee00000] [id=17424]
  0x000002a3fd46dd30 GCTaskThread "GC Thread#9" [stack: 0x000000caeee00000,0x000000caeef00000] [id=19104]
  0x000002a3fd46d7d0 GCTaskThread "GC Thread#10" [stack: 0x000000caeef00000,0x000000caef000000] [id=16848]
  0x000002a3fd46da80 GCTaskThread "GC Thread#11" [stack: 0x000000caef000000,0x000000caef100000] [id=3044]
  0x000002a3fd46f2b0 GCTaskThread "GC Thread#12" [stack: 0x000000caef100000,0x000000caef200000] [id=13660]
  0x000002a3e16d0810 ConcurrentGCThread "G1 Main Marker" [stack: 0x000000caec700000,0x000000caec800000] [id=16104]
  0x000002a3e16d18d0 ConcurrentGCThread "G1 Conc#0" [stack: 0x000000caec800000,0x000000caec900000] [id=16596]
  0x000002a3fd46dfe0 ConcurrentGCThread "G1 Conc#1" [stack: 0x000000caef200000,0x000000caef300000] [id=12832]
  0x000002a3fd46e290 ConcurrentGCThread "G1 Conc#2" [stack: 0x000000caef300000,0x000000caef400000] [id=10132]
  0x000002a3e171ece0 ConcurrentGCThread "G1 Refine#0" [stack: 0x000000caec900000,0x000000caeca00000] [id=4972]
  0x000002a3fe429e60 ConcurrentGCThread "G1 Refine#1" [stack: 0x000000caf0300000,0x000000caf0400000] [id=19516]
  0x000002a3fb7ef350 ConcurrentGCThread "G1 Service" [stack: 0x000000caeca00000,0x000000caecb00000] [id=17904]

Threads with active compile tasks:
C2 CompilerThread0     7659 8032       4       sun.reflect.generics.parser.SignatureParser::parsePackageNameAndSimpleClassTypeSignature (119 bytes)
C2 CompilerThread1     7659 8006       4       org.gradle.internal.instantiation.generator.AbstractClassGenerator::inspectType (560 bytes)
C2 CompilerThread2     7659 8045       4       org.gradle.internal.reflect.PropertyAccessorType::of (101 bytes)

VM state: not at safepoint (normal execution)

VM Mutex/Monitor currently owned by a thread: None

Heap address: 0x0000000080000000, size: 2048 MB, Compressed Oops mode: 32-bit

CDS archive(s) not mapped
Compressed class space mapped at: 0x0000000100000000-0x0000000140000000, reserved size: 1073741824
Narrow klass base: 0x0000000000000000, Narrow klass shift: 3, Narrow klass range: 0x140000000

GC Precious Log:
 CPUs: 16 total, 16 available
 Memory: 16085M
 Large Page Support: Disabled
 NUMA Support: Disabled
 Compressed Oops: Enabled (32-bit)
 Heap Region Size: 1M
 Heap Min Capacity: 8M
 Heap Initial Capacity: 252M
 Heap Max Capacity: 2G
 Pre-touch: Disabled
 Parallel Workers: 13
 Concurrent Workers: 3
 Concurrent Refinement Workers: 13
 Periodic GC: Disabled

Heap:
 garbage-first heap   total 247808K, used 61237K [0x0000000080000000, 0x0000000100000000)
  region size 1024K, 12 young (12288K), 6 survivors (6144K)
 Metaspace       used 76314K, committed 76864K, reserved 1122304K
  class space    used 10045K, committed 10304K, reserved 1048576K

Heap Regions: E=young(eden), S=young(survivor), O=old, HS=humongous(starts), HC=humongous(continues), CS=collection set, F=free, OA=open archive, CA=closed archive, TAMS=top-at-mark-start (previous, next)
|   0|0x0000000080000000, 0x0000000080100000, 0x0000000080100000|100%|HS|  |TAMS 0x0000000080100000, 0x0000000080000000| Complete 
|   1|0x0000000080100000, 0x0000000080200000, 0x0000000080200000|100%|HC|  |TAMS 0x0000000080200000, 0x0000000080100000| Complete 
|   2|0x0000000080200000, 0x0000000080300000, 0x0000000080300000|100%|HC|  |TAMS 0x0000000080300000, 0x0000000080200000| Complete 
|   3|0x0000000080300000, 0x0000000080400000, 0x0000000080400000|100%|HC|  |TAMS 0x0000000080400000, 0x0000000080300000| Complete 
|   4|0x0000000080400000, 0x0000000080500000, 0x0000000080500000|100%| O|  |TAMS 0x0000000080500000, 0x0000000080400000| Untracked 
|   5|0x0000000080500000, 0x0000000080600000, 0x0000000080600000|100%| O|  |TAMS 0x0000000080600000, 0x0000000080500000| Untracked 
|   6|0x0000000080600000, 0x0000000080700000, 0x0000000080700000|100%| O|  |TAMS 0x0000000080700000, 0x0000000080600000| Untracked 
|   7|0x0000000080700000, 0x0000000080800000, 0x0000000080800000|100%| O|  |TAMS 0x0000000080800000, 0x0000000080700000| Untracked 
|   8|0x0000000080800000, 0x0000000080900000, 0x0000000080900000|100%| O|  |TAMS 0x0000000080900000, 0x0000000080800000| Untracked 
|   9|0x0000000080900000, 0x0000000080a00000, 0x0000000080a00000|100%| O|  |TAMS 0x0000000080a00000, 0x0000000080900000| Untracked 
|  10|0x0000000080a00000, 0x0000000080b00000, 0x0000000080b00000|100%| O|  |TAMS 0x0000000080b00000, 0x0000000080a00000| Untracked 
|  11|0x0000000080b00000, 0x0000000080c00000, 0x0000000080c00000|100%| O|  |TAMS 0x0000000080c00000, 0x0000000080b00000| Untracked 
|  12|0x0000000080c00000, 0x0000000080d00000, 0x0000000080d00000|100%| O|  |TAMS 0x0000000080d00000, 0x0000000080c00000| Untracked 
|  13|0x0000000080d00000, 0x0000000080e00000, 0x0000000080e00000|100%| O|  |TAMS 0x0000000080e00000, 0x0000000080d00000| Untracked 
|  14|0x0000000080e00000, 0x0000000080f00000, 0x0000000080f00000|100%| O|  |TAMS 0x0000000080f00000, 0x0000000080e00000| Untracked 
|  15|0x0000000080f00000, 0x0000000081000000, 0x0000000081000000|100%| O|  |TAMS 0x0000000081000000, 0x0000000080f00000| Untracked 
|  16|0x0000000081000000, 0x0000000081100000, 0x0000000081100000|100%| O|  |TAMS 0x0000000081100000, 0x0000000081000000| Untracked 
|  17|0x0000000081100000, 0x0000000081200000, 0x0000000081200000|100%| O|  |TAMS 0x0000000081200000, 0x0000000081100000| Untracked 
|  18|0x0000000081200000, 0x0000000081300000, 0x0000000081300000|100%| O|  |TAMS 0x0000000081300000, 0x0000000081200000| Untracked 
|  19|0x0000000081300000, 0x0000000081400000, 0x0000000081400000|100%| O|  |TAMS 0x0000000081400000, 0x0000000081300000| Untracked 
|  20|0x0000000081400000, 0x0000000081500000, 0x0000000081500000|100%| O|  |TAMS 0x0000000081500000, 0x0000000081400000| Untracked 
|  21|0x0000000081500000, 0x0000000081600000, 0x0000000081600000|100%| O|  |TAMS 0x0000000081600000, 0x0000000081500000| Untracked 
|  22|0x0000000081600000, 0x0000000081700000, 0x0000000081700000|100%| O|  |TAMS 0x0000000081700000, 0x0000000081600000| Untracked 
|  23|0x0000000081700000, 0x0000000081800000, 0x0000000081800000|100%| O|  |TAMS 0x0000000081800000, 0x0000000081700000| Untracked 
|  24|0x0000000081800000, 0x0000000081900000, 0x0000000081900000|100%| O|  |TAMS 0x0000000081900000, 0x0000000081800000| Untracked 
|  25|0x0000000081900000, 0x0000000081a00000, 0x0000000081a00000|100%| O|  |TAMS 0x0000000081a00000, 0x0000000081900000| Untracked 
|  26|0x0000000081a00000, 0x0000000081b00000, 0x0000000081b00000|100%| O|  |TAMS 0x0000000081b00000, 0x0000000081a00000| Untracked 
|  27|0x0000000081b00000, 0x0000000081c00000, 0x0000000081c00000|100%| O|  |TAMS 0x0000000081c00000, 0x0000000081b00000| Untracked 
|  28|0x0000000081c00000, 0x0000000081d00000, 0x0000000081d00000|100%| O|  |TAMS 0x0000000081d00000, 0x0000000081c00000| Untracked 
|  29|0x0000000081d00000, 0x0000000081e00000, 0x0000000081e00000|100%| O|  |TAMS 0x0000000081e00000, 0x0000000081d00000| Untracked 
|  30|0x0000000081e00000, 0x0000000081f00000, 0x0000000081f00000|100%| O|  |TAMS 0x0000000081f00000, 0x0000000081e00000| Untracked 
|  31|0x0000000081f00000, 0x0000000082000000, 0x0000000082000000|100%| O|  |TAMS 0x0000000082000000, 0x0000000081f00000| Untracked 
|  32|0x0000000082000000, 0x0000000082100000, 0x0000000082100000|100%|HS|  |TAMS 0x0000000082100000, 0x0000000082000000| Complete 
|  33|0x0000000082100000, 0x0000000082200000, 0x0000000082200000|100%|HS|  |TAMS 0x0000000082200000, 0x0000000082100000| Complete 
|  34|0x0000000082200000, 0x0000000082300000, 0x0000000082300000|100%|HS|  |TAMS 0x0000000082300000, 0x0000000082200000| Complete 
|  35|0x0000000082300000, 0x0000000082400000, 0x0000000082400000|100%| O|  |TAMS 0x0000000082300000, 0x0000000082300000| Untracked 
|  36|0x0000000082400000, 0x0000000082500000, 0x0000000082500000|100%| O|  |TAMS 0x0000000082500000, 0x0000000082400000| Untracked 
|  37|0x0000000082500000, 0x0000000082600000, 0x0000000082600000|100%| O|  |TAMS 0x000000008253e200, 0x0000000082500000| Untracked 
|  38|0x0000000082600000, 0x0000000082700000, 0x0000000082700000|100%| O|  |TAMS 0x0000000082600000, 0x0000000082600000| Untracked 
|  39|0x0000000082700000, 0x0000000082800000, 0x0000000082800000|100%| O|  |TAMS 0x0000000082700000, 0x0000000082700000| Untracked 
|  40|0x0000000082800000, 0x0000000082900000, 0x0000000082900000|100%| O|  |TAMS 0x0000000082800000, 0x0000000082800000| Untracked 
|  41|0x0000000082900000, 0x0000000082a00000, 0x0000000082a00000|100%| O|  |TAMS 0x0000000082900000, 0x0000000082900000| Untracked 
|  42|0x0000000082a00000, 0x0000000082b00000, 0x0000000082b00000|100%| O|  |TAMS 0x0000000082a00000, 0x0000000082a00000| Untracked 
|  43|0x0000000082b00000, 0x0000000082c00000, 0x0000000082c00000|100%| O|  |TAMS 0x0000000082b00000, 0x0000000082b00000| Untracked 
|  44|0x0000000082c00000, 0x0000000082d00000, 0x0000000082d00000|100%| O|  |TAMS 0x0000000082c00000, 0x0000000082c00000| Untracked 
|  45|0x0000000082d00000, 0x0000000082e00000, 0x0000000082e00000|100%| O|  |TAMS 0x0000000082d00000, 0x0000000082d00000| Untracked 
|  46|0x0000000082e00000, 0x0000000082f00000, 0x0000000082f00000|100%| O|  |TAMS 0x0000000082e00000, 0x0000000082e00000| Untracked 
|  47|0x0000000082f00000, 0x0000000083000000, 0x0000000083000000|100%| O|  |TAMS 0x0000000082f00000, 0x0000000082f00000| Untracked 
|  48|0x0000000083000000, 0x0000000083100000, 0x0000000083100000|100%| O|  |TAMS 0x0000000083000000, 0x0000000083000000| Untracked 
|  49|0x0000000083100000, 0x0000000083152000, 0x0000000083200000| 32%| O|  |TAMS 0x0000000083100000, 0x0000000083100000| Untracked 
|  50|0x0000000083200000, 0x0000000083200000, 0x0000000083300000|  0%| F|  |TAMS 0x0000000083200000, 0x0000000083200000| Untracked 
|  51|0x0000000083300000, 0x0000000083300000, 0x0000000083400000|  0%| F|  |TAMS 0x0000000083300000, 0x0000000083300000| Untracked 
|  52|0x0000000083400000, 0x0000000083400000, 0x0000000083500000|  0%| F|  |TAMS 0x0000000083400000, 0x0000000083400000| Untracked 
|  53|0x0000000083500000, 0x0000000083500000, 0x0000000083600000|  0%| F|  |TAMS 0x0000000083500000, 0x0000000083500000| Untracked 
|  54|0x0000000083600000, 0x0000000083600000, 0x0000000083700000|  0%| F|  |TAMS 0x0000000083600000, 0x0000000083600000| Untracked 
|  55|0x0000000083700000, 0x0000000083700000, 0x0000000083800000|  0%| F|  |TAMS 0x0000000083700000, 0x0000000083700000| Untracked 
|  56|0x0000000083800000, 0x0000000083800000, 0x0000000083900000|  0%| F|  |TAMS 0x0000000083800000, 0x0000000083800000| Untracked 
|  57|0x0000000083900000, 0x0000000083900000, 0x0000000083a00000|  0%| F|  |TAMS 0x0000000083900000, 0x0000000083900000| Untracked 
|  58|0x0000000083a00000, 0x0000000083a00000, 0x0000000083b00000|  0%| F|  |TAMS 0x0000000083a00000, 0x0000000083a00000| Untracked 
|  59|0x0000000083b00000, 0x0000000083b00000, 0x0000000083c00000|  0%| F|  |TAMS 0x0000000083b00000, 0x0000000083b00000| Untracked 
|  60|0x0000000083c00000, 0x0000000083c00000, 0x0000000083d00000|  0%| F|  |TAMS 0x0000000083c00000, 0x0000000083c00000| Untracked 
|  61|0x0000000083d00000, 0x0000000083d00000, 0x0000000083e00000|  0%| F|  |TAMS 0x0000000083d00000, 0x0000000083d00000| Untracked 
|  62|0x0000000083e00000, 0x0000000083e00000, 0x0000000083f00000|  0%| F|  |TAMS 0x0000000083e00000, 0x0000000083e00000| Untracked 
|  63|0x0000000083f00000, 0x0000000083f00000, 0x0000000084000000|  0%| F|  |TAMS 0x0000000083f00000, 0x0000000083f00000| Untracked 
|  64|0x0000000084000000, 0x0000000084000000, 0x0000000084100000|  0%| F|  |TAMS 0x0000000084000000, 0x0000000084000000| Untracked 
|  65|0x0000000084100000, 0x0000000084100000, 0x0000000084200000|  0%| F|  |TAMS 0x0000000084100000, 0x0000000084100000| Untracked 
|  66|0x0000000084200000, 0x0000000084200000, 0x0000000084300000|  0%| F|  |TAMS 0x0000000084200000, 0x0000000084200000| Untracked 
|  67|0x0000000084300000, 0x0000000084300000, 0x0000000084400000|  0%| F|  |TAMS 0x0000000084300000, 0x0000000084300000| Untracked 
|  68|0x0000000084400000, 0x0000000084400000, 0x0000000084500000|  0%| F|  |TAMS 0x0000000084400000, 0x0000000084400000| Untracked 
|  69|0x0000000084500000, 0x0000000084500000, 0x0000000084600000|  0%| F|  |TAMS 0x0000000084500000, 0x0000000084500000| Untracked 
|  70|0x0000000084600000, 0x000000008467b680, 0x0000000084700000| 48%| S|CS|TAMS 0x0000000084600000, 0x0000000084600000| Complete 
|  71|0x0000000084700000, 0x0000000084800000, 0x0000000084800000|100%| S|CS|TAMS 0x0000000084700000, 0x0000000084700000| Complete 
|  72|0x0000000084800000, 0x0000000084900000, 0x0000000084900000|100%| S|CS|TAMS 0x0000000084800000, 0x0000000084800000| Complete 
|  73|0x0000000084900000, 0x0000000084a00000, 0x0000000084a00000|100%| S|CS|TAMS 0x0000000084900000, 0x0000000084900000| Complete 
|  74|0x0000000084a00000, 0x0000000084a00000, 0x0000000084b00000|  0%| F|  |TAMS 0x0000000084a00000, 0x0000000084a00000| Untracked 
|  75|0x0000000084b00000, 0x0000000084b00000, 0x0000000084c00000|  0%| F|  |TAMS 0x0000000084b00000, 0x0000000084b00000| Untracked 
|  76|0x0000000084c00000, 0x0000000084c00000, 0x0000000084d00000|  0%| F|  |TAMS 0x0000000084c00000, 0x0000000084c00000| Untracked 
|  77|0x0000000084d00000, 0x0000000084e00000, 0x0000000084e00000|100%| S|CS|TAMS 0x0000000084d00000, 0x0000000084d00000| Complete 
|  78|0x0000000084e00000, 0x0000000084f00000, 0x0000000084f00000|100%| S|CS|TAMS 0x0000000084e00000, 0x0000000084e00000| Complete 
|  79|0x0000000084f00000, 0x0000000084f00000, 0x0000000085000000|  0%| F|  |TAMS 0x0000000084f00000, 0x0000000084f00000| Untracked 
|  80|0x0000000085000000, 0x0000000085000000, 0x0000000085100000|  0%| F|  |TAMS 0x0000000085000000, 0x0000000085000000| Untracked 
|  81|0x0000000085100000, 0x0000000085100000, 0x0000000085200000|  0%| F|  |TAMS 0x0000000085100000, 0x0000000085100000| Untracked 
|  82|0x0000000085200000, 0x0000000085200000, 0x0000000085300000|  0%| F|  |TAMS 0x0000000085200000, 0x0000000085200000| Untracked 
|  83|0x0000000085300000, 0x0000000085300000, 0x0000000085400000|  0%| F|  |TAMS 0x0000000085300000, 0x0000000085300000| Untracked 
|  84|0x0000000085400000, 0x0000000085400000, 0x0000000085500000|  0%| F|  |TAMS 0x0000000085400000, 0x0000000085400000| Untracked 
|  85|0x0000000085500000, 0x0000000085500000, 0x0000000085600000|  0%| F|  |TAMS 0x0000000085500000, 0x0000000085500000| Untracked 
|  86|0x0000000085600000, 0x0000000085600000, 0x0000000085700000|  0%| F|  |TAMS 0x0000000085600000, 0x0000000085600000| Untracked 
|  87|0x0000000085700000, 0x0000000085700000, 0x0000000085800000|  0%| F|  |TAMS 0x0000000085700000, 0x0000000085700000| Untracked 
|  88|0x0000000085800000, 0x0000000085800000, 0x0000000085900000|  0%| F|  |TAMS 0x0000000085800000, 0x0000000085800000| Untracked 
|  89|0x0000000085900000, 0x0000000085900000, 0x0000000085a00000|  0%| F|  |TAMS 0x0000000085900000, 0x0000000085900000| Untracked 
|  90|0x0000000085a00000, 0x0000000085a00000, 0x0000000085b00000|  0%| F|  |TAMS 0x0000000085a00000, 0x0000000085a00000| Untracked 
|  91|0x0000000085b00000, 0x0000000085b00000, 0x0000000085c00000|  0%| F|  |TAMS 0x0000000085b00000, 0x0000000085b00000| Untracked 
|  92|0x0000000085c00000, 0x0000000085c00000, 0x0000000085d00000|  0%| F|  |TAMS 0x0000000085c00000, 0x0000000085c00000| Untracked 
|  93|0x0000000085d00000, 0x0000000085d00000, 0x0000000085e00000|  0%| F|  |TAMS 0x0000000085d00000, 0x0000000085d00000| Untracked 
|  94|0x0000000085e00000, 0x0000000085e00000, 0x0000000085f00000|  0%| F|  |TAMS 0x0000000085e00000, 0x0000000085e00000| Untracked 
|  95|0x0000000085f00000, 0x0000000085f00000, 0x0000000086000000|  0%| F|  |TAMS 0x0000000085f00000, 0x0000000085f00000| Untracked 
|  96|0x0000000086000000, 0x0000000086000000, 0x0000000086100000|  0%| F|  |TAMS 0x0000000086000000, 0x0000000086000000| Untracked 
|  97|0x0000000086100000, 0x0000000086100000, 0x0000000086200000|  0%| F|  |TAMS 0x0000000086100000, 0x0000000086100000| Untracked 
|  98|0x0000000086200000, 0x0000000086200000, 0x0000000086300000|  0%| F|  |TAMS 0x0000000086200000, 0x0000000086200000| Untracked 
|  99|0x0000000086300000, 0x0000000086300000, 0x0000000086400000|  0%| F|  |TAMS 0x0000000086300000, 0x0000000086300000| Untracked 
| 100|0x0000000086400000, 0x0000000086400000, 0x0000000086500000|  0%| F|  |TAMS 0x0000000086400000, 0x0000000086400000| Untracked 
| 101|0x0000000086500000, 0x0000000086500000, 0x0000000086600000|  0%| F|  |TAMS 0x0000000086500000, 0x0000000086500000| Untracked 
| 102|0x0000000086600000, 0x0000000086600000, 0x0000000086700000|  0%| F|  |TAMS 0x0000000086600000, 0x0000000086600000| Untracked 
| 103|0x0000000086700000, 0x0000000086700000, 0x0000000086800000|  0%| F|  |TAMS 0x0000000086700000, 0x0000000086700000| Untracked 
| 104|0x0000000086800000, 0x0000000086800000, 0x0000000086900000|  0%| F|  |TAMS 0x0000000086800000, 0x0000000086800000| Untracked 
| 105|0x0000000086900000, 0x0000000086900000, 0x0000000086a00000|  0%| F|  |TAMS 0x0000000086900000, 0x0000000086900000| Untracked 
| 106|0x0000000086a00000, 0x0000000086a00000, 0x0000000086b00000|  0%| F|  |TAMS 0x0000000086a00000, 0x0000000086a00000| Untracked 
| 107|0x0000000086b00000, 0x0000000086b00000, 0x0000000086c00000|  0%| F|  |TAMS 0x0000000086b00000, 0x0000000086b00000| Untracked 
| 108|0x0000000086c00000, 0x0000000086c00000, 0x0000000086d00000|  0%| F|  |TAMS 0x0000000086c00000, 0x0000000086c00000| Untracked 
| 109|0x0000000086d00000, 0x0000000086d00000, 0x0000000086e00000|  0%| F|  |TAMS 0x0000000086d00000, 0x0000000086d00000| Untracked 
| 110|0x0000000086e00000, 0x0000000086e00000, 0x0000000086f00000|  0%| F|  |TAMS 0x0000000086e00000, 0x0000000086e00000| Untracked 
| 111|0x0000000086f00000, 0x0000000086f00000, 0x0000000087000000|  0%| F|  |TAMS 0x0000000086f00000, 0x0000000086f00000| Untracked 
| 112|0x0000000087000000, 0x0000000087000000, 0x0000000087100000|  0%| F|  |TAMS 0x0000000087000000, 0x0000000087000000| Untracked 
| 113|0x0000000087100000, 0x0000000087100000, 0x0000000087200000|  0%| F|  |TAMS 0x0000000087100000, 0x0000000087100000| Untracked 
| 114|0x0000000087200000, 0x0000000087200000, 0x0000000087300000|  0%| F|  |TAMS 0x0000000087200000, 0x0000000087200000| Untracked 
| 115|0x0000000087300000, 0x0000000087300000, 0x0000000087400000|  0%| F|  |TAMS 0x0000000087300000, 0x0000000087300000| Untracked 
| 116|0x0000000087400000, 0x0000000087400000, 0x0000000087500000|  0%| F|  |TAMS 0x0000000087400000, 0x0000000087400000| Untracked 
| 117|0x0000000087500000, 0x0000000087500000, 0x0000000087600000|  0%| F|  |TAMS 0x0000000087500000, 0x0000000087500000| Untracked 
| 118|0x0000000087600000, 0x0000000087600000, 0x0000000087700000|  0%| F|  |TAMS 0x0000000087600000, 0x0000000087600000| Untracked 
| 119|0x0000000087700000, 0x0000000087700000, 0x0000000087800000|  0%| F|  |TAMS 0x0000000087700000, 0x0000000087700000| Untracked 
| 120|0x0000000087800000, 0x0000000087800000, 0x0000000087900000|  0%| F|  |TAMS 0x0000000087800000, 0x0000000087800000| Untracked 
| 121|0x0000000087900000, 0x0000000087900000, 0x0000000087a00000|  0%| F|  |TAMS 0x0000000087900000, 0x0000000087900000| Untracked 
| 122|0x0000000087a00000, 0x0000000087a00000, 0x0000000087b00000|  0%| F|  |TAMS 0x0000000087a00000, 0x0000000087a00000| Untracked 
| 123|0x0000000087b00000, 0x0000000087b00000, 0x0000000087c00000|  0%| F|  |TAMS 0x0000000087b00000, 0x0000000087b00000| Untracked 
| 124|0x0000000087c00000, 0x0000000087c00000, 0x0000000087d00000|  0%| F|  |TAMS 0x0000000087c00000, 0x0000000087c00000| Untracked 
| 125|0x0000000087d00000, 0x0000000087d00000, 0x0000000087e00000|  0%| F|  |TAMS 0x0000000087d00000, 0x0000000087d00000| Untracked 
| 126|0x0000000087e00000, 0x0000000087e00000, 0x0000000087f00000|  0%| F|  |TAMS 0x0000000087e00000, 0x0000000087e00000| Untracked 
| 127|0x0000000087f00000, 0x0000000087f00000, 0x0000000088000000|  0%| F|  |TAMS 0x0000000087f00000, 0x0000000087f00000| Untracked 
| 128|0x0000000088000000, 0x0000000088000000, 0x0000000088100000|  0%| F|  |TAMS 0x0000000088000000, 0x0000000088000000| Untracked 
| 129|0x0000000088100000, 0x0000000088100000, 0x0000000088200000|  0%| F|  |TAMS 0x0000000088100000, 0x0000000088100000| Untracked 
| 130|0x0000000088200000, 0x0000000088200000, 0x0000000088300000|  0%| F|  |TAMS 0x0000000088200000, 0x0000000088200000| Untracked 
| 131|0x0000000088300000, 0x0000000088300000, 0x0000000088400000|  0%| F|  |TAMS 0x0000000088300000, 0x0000000088300000| Untracked 
| 132|0x0000000088400000, 0x0000000088400000, 0x0000000088500000|  0%| F|  |TAMS 0x0000000088400000, 0x0000000088400000| Untracked 
| 133|0x0000000088500000, 0x0000000088500000, 0x0000000088600000|  0%| F|  |TAMS 0x0000000088500000, 0x0000000088500000| Untracked 
| 134|0x0000000088600000, 0x0000000088600000, 0x0000000088700000|  0%| F|  |TAMS 0x0000000088600000, 0x0000000088600000| Untracked 
| 135|0x0000000088700000, 0x0000000088700000, 0x0000000088800000|  0%| F|  |TAMS 0x0000000088700000, 0x0000000088700000| Untracked 
| 136|0x0000000088800000, 0x0000000088800000, 0x0000000088900000|  0%| F|  |TAMS 0x0000000088800000, 0x0000000088800000| Untracked 
| 137|0x0000000088900000, 0x0000000088900000, 0x0000000088a00000|  0%| F|  |TAMS 0x0000000088900000, 0x0000000088900000| Untracked 
| 138|0x0000000088a00000, 0x0000000088a00000, 0x0000000088b00000|  0%| F|  |TAMS 0x0000000088a00000, 0x0000000088a00000| Untracked 
| 139|0x0000000088b00000, 0x0000000088b00000, 0x0000000088c00000|  0%| F|  |TAMS 0x0000000088b00000, 0x0000000088b00000| Untracked 
| 140|0x0000000088c00000, 0x0000000088c00000, 0x0000000088d00000|  0%| F|  |TAMS 0x0000000088c00000, 0x0000000088c00000| Untracked 
| 141|0x0000000088d00000, 0x0000000088d00000, 0x0000000088e00000|  0%| F|  |TAMS 0x0000000088d00000, 0x0000000088d00000| Untracked 
| 142|0x0000000088e00000, 0x0000000088e00000, 0x0000000088f00000|  0%| F|  |TAMS 0x0000000088e00000, 0x0000000088e00000| Untracked 
| 143|0x0000000088f00000, 0x0000000088f00000, 0x0000000089000000|  0%| F|  |TAMS 0x0000000088f00000, 0x0000000088f00000| Untracked 
| 144|0x0000000089000000, 0x0000000089000000, 0x0000000089100000|  0%| F|  |TAMS 0x0000000089000000, 0x0000000089000000| Untracked 
| 145|0x0000000089100000, 0x0000000089100000, 0x0000000089200000|  0%| F|  |TAMS 0x0000000089100000, 0x0000000089100000| Untracked 
| 146|0x0000000089200000, 0x0000000089200000, 0x0000000089300000|  0%| F|  |TAMS 0x0000000089200000, 0x0000000089200000| Untracked 
| 147|0x0000000089300000, 0x0000000089300000, 0x0000000089400000|  0%| F|  |TAMS 0x0000000089300000, 0x0000000089300000| Untracked 
| 148|0x0000000089400000, 0x0000000089400000, 0x0000000089500000|  0%| F|  |TAMS 0x0000000089400000, 0x0000000089400000| Untracked 
| 149|0x0000000089500000, 0x0000000089500000, 0x0000000089600000|  0%| F|  |TAMS 0x0000000089500000, 0x0000000089500000| Untracked 
| 150|0x0000000089600000, 0x0000000089600000, 0x0000000089700000|  0%| F|  |TAMS 0x0000000089600000, 0x0000000089600000| Untracked 
| 151|0x0000000089700000, 0x0000000089700000, 0x0000000089800000|  0%| F|  |TAMS 0x0000000089700000, 0x0000000089700000| Untracked 
| 152|0x0000000089800000, 0x0000000089800000, 0x0000000089900000|  0%| F|  |TAMS 0x0000000089800000, 0x0000000089800000| Untracked 
| 153|0x0000000089900000, 0x0000000089900000, 0x0000000089a00000|  0%| F|  |TAMS 0x0000000089900000, 0x0000000089900000| Untracked 
| 154|0x0000000089a00000, 0x0000000089a00000, 0x0000000089b00000|  0%| F|  |TAMS 0x0000000089a00000, 0x0000000089a00000| Untracked 
| 155|0x0000000089b00000, 0x0000000089b00000, 0x0000000089c00000|  0%| F|  |TAMS 0x0000000089b00000, 0x0000000089b00000| Untracked 
| 156|0x0000000089c00000, 0x0000000089c00000, 0x0000000089d00000|  0%| F|  |TAMS 0x0000000089c00000, 0x0000000089c00000| Untracked 
| 157|0x0000000089d00000, 0x0000000089d00000, 0x0000000089e00000|  0%| F|  |TAMS 0x0000000089d00000, 0x0000000089d00000| Untracked 
| 158|0x0000000089e00000, 0x0000000089e00000, 0x0000000089f00000|  0%| F|  |TAMS 0x0000000089e00000, 0x0000000089e00000| Untracked 
| 159|0x0000000089f00000, 0x0000000089f00000, 0x000000008a000000|  0%| F|  |TAMS 0x0000000089f00000, 0x0000000089f00000| Untracked 
| 160|0x000000008a000000, 0x000000008a000000, 0x000000008a100000|  0%| F|  |TAMS 0x000000008a000000, 0x000000008a000000| Untracked 
| 161|0x000000008a100000, 0x000000008a100000, 0x000000008a200000|  0%| F|  |TAMS 0x000000008a100000, 0x000000008a100000| Untracked 
| 162|0x000000008a200000, 0x000000008a200000, 0x000000008a300000|  0%| F|  |TAMS 0x000000008a200000, 0x000000008a200000| Untracked 
| 163|0x000000008a300000, 0x000000008a300000, 0x000000008a400000|  0%| F|  |TAMS 0x000000008a300000, 0x000000008a300000| Untracked 
| 164|0x000000008a400000, 0x000000008a400000, 0x000000008a500000|  0%| F|  |TAMS 0x000000008a400000, 0x000000008a400000| Untracked 
| 165|0x000000008a500000, 0x000000008a500000, 0x000000008a600000|  0%| F|  |TAMS 0x000000008a500000, 0x000000008a500000| Untracked 
| 166|0x000000008a600000, 0x000000008a600000, 0x000000008a700000|  0%| F|  |TAMS 0x000000008a600000, 0x000000008a600000| Untracked 
| 167|0x000000008a700000, 0x000000008a700000, 0x000000008a800000|  0%| F|  |TAMS 0x000000008a700000, 0x000000008a700000| Untracked 
| 168|0x000000008a800000, 0x000000008a800000, 0x000000008a900000|  0%| F|  |TAMS 0x000000008a800000, 0x000000008a800000| Untracked 
| 169|0x000000008a900000, 0x000000008a900000, 0x000000008aa00000|  0%| F|  |TAMS 0x000000008a900000, 0x000000008a900000| Untracked 
| 170|0x000000008aa00000, 0x000000008aa00000, 0x000000008ab00000|  0%| F|  |TAMS 0x000000008aa00000, 0x000000008aa00000| Untracked 
| 171|0x000000008ab00000, 0x000000008ab00000, 0x000000008ac00000|  0%| F|  |TAMS 0x000000008ab00000, 0x000000008ab00000| Untracked 
| 172|0x000000008ac00000, 0x000000008ac00000, 0x000000008ad00000|  0%| F|  |TAMS 0x000000008ac00000, 0x000000008ac00000| Untracked 
| 173|0x000000008ad00000, 0x000000008ad00000, 0x000000008ae00000|  0%| F|  |TAMS 0x000000008ad00000, 0x000000008ad00000| Untracked 
| 174|0x000000008ae00000, 0x000000008ae00000, 0x000000008af00000|  0%| F|  |TAMS 0x000000008ae00000, 0x000000008ae00000| Untracked 
| 175|0x000000008af00000, 0x000000008af00000, 0x000000008b000000|  0%| F|  |TAMS 0x000000008af00000, 0x000000008af00000| Untracked 
| 176|0x000000008b000000, 0x000000008b000000, 0x000000008b100000|  0%| F|  |TAMS 0x000000008b000000, 0x000000008b000000| Untracked 
| 177|0x000000008b100000, 0x000000008b100000, 0x000000008b200000|  0%| F|  |TAMS 0x000000008b100000, 0x000000008b100000| Untracked 
| 178|0x000000008b200000, 0x000000008b200000, 0x000000008b300000|  0%| F|  |TAMS 0x000000008b200000, 0x000000008b200000| Untracked 
| 179|0x000000008b300000, 0x000000008b300000, 0x000000008b400000|  0%| F|  |TAMS 0x000000008b300000, 0x000000008b300000| Untracked 
| 180|0x000000008b400000, 0x000000008b400000, 0x000000008b500000|  0%| F|  |TAMS 0x000000008b400000, 0x000000008b400000| Untracked 
| 181|0x000000008b500000, 0x000000008b500000, 0x000000008b600000|  0%| F|  |TAMS 0x000000008b500000, 0x000000008b500000| Untracked 
| 182|0x000000008b600000, 0x000000008b600000, 0x000000008b700000|  0%| F|  |TAMS 0x000000008b600000, 0x000000008b600000| Untracked 
| 183|0x000000008b700000, 0x000000008b700000, 0x000000008b800000|  0%| F|  |TAMS 0x000000008b700000, 0x000000008b700000| Untracked 
| 184|0x000000008b800000, 0x000000008b800000, 0x000000008b900000|  0%| F|  |TAMS 0x000000008b800000, 0x000000008b800000| Untracked 
| 185|0x000000008b900000, 0x000000008b900000, 0x000000008ba00000|  0%| F|  |TAMS 0x000000008b900000, 0x000000008b900000| Untracked 
| 186|0x000000008ba00000, 0x000000008ba00000, 0x000000008bb00000|  0%| F|  |TAMS 0x000000008ba00000, 0x000000008ba00000| Untracked 
| 187|0x000000008bb00000, 0x000000008bb00000, 0x000000008bc00000|  0%| F|  |TAMS 0x000000008bb00000, 0x000000008bb00000| Untracked 
| 188|0x000000008bc00000, 0x000000008bc00000, 0x000000008bd00000|  0%| F|  |TAMS 0x000000008bc00000, 0x000000008bc00000| Untracked 
| 189|0x000000008bd00000, 0x000000008bd00000, 0x000000008be00000|  0%| F|  |TAMS 0x000000008bd00000, 0x000000008bd00000| Untracked 
| 190|0x000000008be00000, 0x000000008be00000, 0x000000008bf00000|  0%| F|  |TAMS 0x000000008be00000, 0x000000008be00000| Untracked 
| 191|0x000000008bf00000, 0x000000008bf00000, 0x000000008c000000|  0%| F|  |TAMS 0x000000008bf00000, 0x000000008bf00000| Untracked 
| 192|0x000000008c000000, 0x000000008c000000, 0x000000008c100000|  0%| F|  |TAMS 0x000000008c000000, 0x000000008c000000| Untracked 
| 193|0x000000008c100000, 0x000000008c100000, 0x000000008c200000|  0%| F|  |TAMS 0x000000008c100000, 0x000000008c100000| Untracked 
| 194|0x000000008c200000, 0x000000008c200000, 0x000000008c300000|  0%| F|  |TAMS 0x000000008c200000, 0x000000008c200000| Untracked 
| 195|0x000000008c300000, 0x000000008c300000, 0x000000008c400000|  0%| F|  |TAMS 0x000000008c300000, 0x000000008c300000| Untracked 
| 196|0x000000008c400000, 0x000000008c400000, 0x000000008c500000|  0%| F|  |TAMS 0x000000008c400000, 0x000000008c400000| Untracked 
| 197|0x000000008c500000, 0x000000008c500000, 0x000000008c600000|  0%| F|  |TAMS 0x000000008c500000, 0x000000008c500000| Untracked 
| 198|0x000000008c600000, 0x000000008c600000, 0x000000008c700000|  0%| F|  |TAMS 0x000000008c600000, 0x000000008c600000| Untracked 
| 199|0x000000008c700000, 0x000000008c700000, 0x000000008c800000|  0%| F|  |TAMS 0x000000008c700000, 0x000000008c700000| Untracked 
| 200|0x000000008c800000, 0x000000008c800000, 0x000000008c900000|  0%| F|  |TAMS 0x000000008c800000, 0x000000008c800000| Untracked 
| 201|0x000000008c900000, 0x000000008c900000, 0x000000008ca00000|  0%| F|  |TAMS 0x000000008c900000, 0x000000008c900000| Untracked 
| 202|0x000000008ca00000, 0x000000008ca00000, 0x000000008cb00000|  0%| F|  |TAMS 0x000000008ca00000, 0x000000008ca00000| Untracked 
| 203|0x000000008cb00000, 0x000000008cb00000, 0x000000008cc00000|  0%| F|  |TAMS 0x000000008cb00000, 0x000000008cb00000| Untracked 
| 204|0x000000008cc00000, 0x000000008cc00000, 0x000000008cd00000|  0%| F|  |TAMS 0x000000008cc00000, 0x000000008cc00000| Untracked 
| 205|0x000000008cd00000, 0x000000008cd00000, 0x000000008ce00000|  0%| F|  |TAMS 0x000000008cd00000, 0x000000008cd00000| Untracked 
| 206|0x000000008ce00000, 0x000000008ce00000, 0x000000008cf00000|  0%| F|  |TAMS 0x000000008ce00000, 0x000000008ce00000| Untracked 
| 207|0x000000008cf00000, 0x000000008cf00000, 0x000000008d000000|  0%| F|  |TAMS 0x000000008cf00000, 0x000000008cf00000| Untracked 
| 208|0x000000008d000000, 0x000000008d000000, 0x000000008d100000|  0%| F|  |TAMS 0x000000008d000000, 0x000000008d000000| Untracked 
| 209|0x000000008d100000, 0x000000008d100000, 0x000000008d200000|  0%| F|  |TAMS 0x000000008d100000, 0x000000008d100000| Untracked 
| 210|0x000000008d200000, 0x000000008d200000, 0x000000008d300000|  0%| F|  |TAMS 0x000000008d200000, 0x000000008d200000| Untracked 
| 211|0x000000008d300000, 0x000000008d300000, 0x000000008d400000|  0%| F|  |TAMS 0x000000008d300000, 0x000000008d300000| Untracked 
| 212|0x000000008d400000, 0x000000008d400000, 0x000000008d500000|  0%| F|  |TAMS 0x000000008d400000, 0x000000008d400000| Untracked 
| 213|0x000000008d500000, 0x000000008d500000, 0x000000008d600000|  0%| F|  |TAMS 0x000000008d500000, 0x000000008d500000| Untracked 
| 214|0x000000008d600000, 0x000000008d600000, 0x000000008d700000|  0%| F|  |TAMS 0x000000008d600000, 0x000000008d600000| Untracked 
| 215|0x000000008d700000, 0x000000008d700000, 0x000000008d800000|  0%| F|  |TAMS 0x000000008d700000, 0x000000008d700000| Untracked 
| 216|0x000000008d800000, 0x000000008d800000, 0x000000008d900000|  0%| F|  |TAMS 0x000000008d800000, 0x000000008d800000| Untracked 
| 217|0x000000008d900000, 0x000000008d900000, 0x000000008da00000|  0%| F|  |TAMS 0x000000008d900000, 0x000000008d900000| Untracked 
| 218|0x000000008da00000, 0x000000008da00000, 0x000000008db00000|  0%| F|  |TAMS 0x000000008da00000, 0x000000008da00000| Untracked 
| 219|0x000000008db00000, 0x000000008db00000, 0x000000008dc00000|  0%| F|  |TAMS 0x000000008db00000, 0x000000008db00000| Untracked 
| 220|0x000000008dc00000, 0x000000008dc00000, 0x000000008dd00000|  0%| F|  |TAMS 0x000000008dc00000, 0x000000008dc00000| Untracked 
| 221|0x000000008dd00000, 0x000000008dd00000, 0x000000008de00000|  0%| F|  |TAMS 0x000000008dd00000, 0x000000008dd00000| Untracked 
| 222|0x000000008de00000, 0x000000008de00000, 0x000000008df00000|  0%| F|  |TAMS 0x000000008de00000, 0x000000008de00000| Untracked 
| 223|0x000000008df00000, 0x000000008df00000, 0x000000008e000000|  0%| F|  |TAMS 0x000000008df00000, 0x000000008df00000| Untracked 
| 224|0x000000008e000000, 0x000000008e000000, 0x000000008e100000|  0%| F|  |TAMS 0x000000008e000000, 0x000000008e000000| Untracked 
| 225|0x000000008e100000, 0x000000008e100000, 0x000000008e200000|  0%| F|  |TAMS 0x000000008e100000, 0x000000008e100000| Untracked 
| 226|0x000000008e200000, 0x000000008e200000, 0x000000008e300000|  0%| F|  |TAMS 0x000000008e200000, 0x000000008e200000| Untracked 
| 227|0x000000008e300000, 0x000000008e300000, 0x000000008e400000|  0%| F|  |TAMS 0x000000008e300000, 0x000000008e300000| Untracked 
| 228|0x000000008e400000, 0x000000008e400000, 0x000000008e500000|  0%| F|  |TAMS 0x000000008e400000, 0x000000008e400000| Untracked 
| 229|0x000000008e500000, 0x000000008e500000, 0x000000008e600000|  0%| F|  |TAMS 0x000000008e500000, 0x000000008e500000| Untracked 
| 230|0x000000008e600000, 0x000000008e600000, 0x000000008e700000|  0%| F|  |TAMS 0x000000008e600000, 0x000000008e600000| Untracked 
| 231|0x000000008e700000, 0x000000008e700000, 0x000000008e800000|  0%| F|  |TAMS 0x000000008e700000, 0x000000008e700000| Untracked 
| 232|0x000000008e800000, 0x000000008e800000, 0x000000008e900000|  0%| F|  |TAMS 0x000000008e800000, 0x000000008e800000| Untracked 
| 233|0x000000008e900000, 0x000000008e900000, 0x000000008ea00000|  0%| F|  |TAMS 0x000000008e900000, 0x000000008e900000| Untracked 
| 234|0x000000008ea00000, 0x000000008ea00000, 0x000000008eb00000|  0%| F|  |TAMS 0x000000008ea00000, 0x000000008ea00000| Untracked 
| 235|0x000000008eb00000, 0x000000008eb60080, 0x000000008ec00000| 37%| E|  |TAMS 0x000000008eb00000, 0x000000008eb00000| Complete 
| 236|0x000000008ec00000, 0x000000008ed00000, 0x000000008ed00000|100%| E|CS|TAMS 0x000000008ec00000, 0x000000008ec00000| Complete 
| 237|0x000000008ed00000, 0x000000008ee00000, 0x000000008ee00000|100%| E|CS|TAMS 0x000000008ed00000, 0x000000008ed00000| Complete 
| 238|0x000000008ee00000, 0x000000008ef00000, 0x000000008ef00000|100%| E|CS|TAMS 0x000000008ee00000, 0x000000008ee00000| Complete 
| 239|0x000000008ef00000, 0x000000008f000000, 0x000000008f000000|100%| E|CS|TAMS 0x000000008ef00000, 0x000000008ef00000| Complete 
| 240|0x000000008f000000, 0x000000008f100000, 0x000000008f100000|100%| E|CS|TAMS 0x000000008f000000, 0x000000008f000000| Complete 
| 251|0x000000008fb00000, 0x000000008fc00000, 0x000000008fc00000|100%| E|CS|TAMS 0x000000008fb00000, 0x000000008fb00000| Complete 

Card table byte_map: [0x000002a3f47a0000,0x000002a3f4ba0000] _byte_map_base: 0x000002a3f43a0000

Marking Bits (Prev, Next): (CMBitMap*) 0x000002a3e16bf250, (CMBitMap*) 0x000002a3e16bf210
 Prev Bits: [0x000002a3f6fa0000, 0x000002a3f8fa0000)
 Next Bits: [0x000002a3f4fa0000, 0x000002a3f6fa0000)

Polling page: 0x000002a3df570000

Metaspace:

Usage:
  Non-class:     64.73 MB used.
      Class:      9.81 MB used.
       Both:     74.54 MB used.

Virtual space:
  Non-class space:       72.00 MB reserved,      65.06 MB ( 90%) committed,  9 nodes.
      Class space:        1.00 GB reserved,      10.06 MB ( <1%) committed,  1 nodes.
             Both:        1.07 GB reserved,      75.12 MB (  7%) committed. 

Chunk freelists:
   Non-Class:  2.05 MB
       Class:  1.75 MB
        Both:  3.80 MB

MaxMetaspaceSize: unlimited
CompressedClassSpaceSize: 1.00 GB
Initial GC threshold: 21.00 MB
Current GC threshold: 98.88 MB
CDS: off
MetaspaceReclaimPolicy: balanced
 - commit_granule_bytes: 65536.
 - commit_granule_words: 8192.
 - virtual_space_node_default_size: 1048576.
 - enlarge_chunks_in_place: 1.
 - new_chunks_are_fully_committed: 0.
 - uncommit_free_chunks: 1.
 - use_allocation_guard: 0.
 - handle_deallocations: 1.


Internal statistics:

num_allocs_failed_limit: 11.
num_arena_births: 736.
num_arena_deaths: 0.
num_vsnodes_births: 10.
num_vsnodes_deaths: 0.
num_space_committed: 1202.
num_space_uncommitted: 0.
num_chunks_returned_to_freelist: 11.
num_chunks_taken_from_freelist: 3296.
num_chunk_merges: 8.
num_chunk_splits: 2273.
num_chunks_enlarged: 1603.
num_purges: 0.
num_inconsistent_stats: 0.

CodeHeap 'non-profiled nmethods': size=119168Kb used=4021Kb max_used=4021Kb free=115146Kb
 bounds [0x000002a3ec6c0000, 0x000002a3ecab0000, 0x000002a3f3b20000]
CodeHeap 'profiled nmethods': size=119104Kb used=13967Kb max_used=13967Kb free=105136Kb
 bounds [0x000002a3e4b20000, 0x000002a3e58d0000, 0x000002a3ebf70000]
CodeHeap 'non-nmethods': size=7488Kb used=4077Kb max_used=4106Kb free=3410Kb
 bounds [0x000002a3ebf70000, 0x000002a3ec380000, 0x000002a3ec6c0000]
 total_blobs=8164 nmethods=7258 adapters=813
 compilation: enabled
              stopped_count=0, restarted_count=0
 full_count=0

Compilation events (20 events):
Event: 7.439 Thread 0x000002a3fc1c4210 8034       3       org.gradle.internal.instantiation.generator.AbstractClassGenerator$MethodMetadata::getName (8 bytes)
Event: 7.439 Thread 0x000002a3fc1c4210 nmethod 8034 0x000002a3e58bab90 code [0x000002a3e58bad20, 0x000002a3e58bae58]
Event: 7.441 Thread 0x000002a3fc1c4210 8035       1       com.android.build.gradle.internal.services.ProjectServices::getObjectFactory (5 bytes)
Event: 7.441 Thread 0x000002a3fc1c4210 nmethod 8035 0x000002a3ecaa3e10 code [0x000002a3ecaa3fa0, 0x000002a3ecaa4078]
Event: 7.441 Thread 0x000002a3805998f0 nmethod 8033 0x000002a3ecaa4110 code [0x000002a3ecaa42a0, 0x000002a3ecaa45d8]
Event: 7.447 Thread 0x000002a3805998f0 8036       4       java.lang.StringLatin1::regionMatchesCI (98 bytes)
Event: 7.450 Thread 0x000002a3fc1bfcf0 8038       3       org.gradle.configuration.internal.DefaultUserCodeApplicationContext$CurrentApplication::reapplyLater (10 bytes)
Event: 7.450 Thread 0x000002a3fc1c4210 8039       3       org.gradle.configuration.internal.DefaultUserCodeApplicationContext$CurrentApplication$1::<init> (15 bytes)
Event: 7.450 Thread 0x000002a3fc1c4210 nmethod 8039 0x000002a3e58baf10 code [0x000002a3e58bb0c0, 0x000002a3e58bb2d8]
Event: 7.450 Thread 0x000002a3fc1bfcf0 nmethod 8038 0x000002a3e58bb390 code [0x000002a3e58bb540, 0x000002a3e58bb818]
Event: 7.453 Thread 0x000002a3805998f0 nmethod 8036 0x000002a3ecaa4710 code [0x000002a3ecaa48c0, 0x000002a3ecaa4ef8]
Event: 7.453 Thread 0x000002a3805998f0 8037       4       org.gradle.internal.instantiation.generator.ParamsMatchingConstructorSelector::vetoParameters (1 bytes)
Event: 7.453 Thread 0x000002a3805998f0 nmethod 8037 0x000002a3ecaa5290 code [0x000002a3ecaa5400, 0x000002a3ecaa5478]
Event: 7.453 Thread 0x000002a3fc064bb0 8040       3       java.lang.reflect.Constructor::getExceptionTypes (11 bytes)
Event: 7.453 Thread 0x000002a3805998f0 8041       4       org.objectweb.asm.MethodWriter::computeMethodInfoSize (571 bytes)
Event: 7.453 Thread 0x000002a3fc064bb0 nmethod 8040 0x000002a3e58bb910 code [0x000002a3e58bbac0, 0x000002a3e58bbd68]
Event: 7.459 Thread 0x000002a3805998f0 nmethod 8041 0x000002a3ecaa5590 code [0x000002a3ecaa57e0, 0x000002a3ecaa5fb0]
Event: 7.459 Thread 0x000002a3805998f0 8042       4       org.objectweb.asm.MethodWriter::putMethodInfo (1274 bytes)
Event: 7.462 Thread 0x000002a3fc064bb0 8046       3       jdk.proxy1.$Proxy17::<init> (6 bytes)
Event: 7.462 Thread 0x000002a3fc064bb0 nmethod 8046 0x000002a3e58bbe90 code [0x000002a3e58bc060, 0x000002a3e58bc3e8]

GC Heap History (20 events):
Event: 3.146 GC heap before
{Heap before GC invocations=8 (full 0):
 garbage-first heap   total 68608K, used 24587K [0x0000000080000000, 0x0000000100000000)
  region size 1024K, 6 young (6144K), 4 survivors (4096K)
 Metaspace       used 35651K, committed 35968K, reserved 1081344K
  class space    used 4888K, committed 5056K, reserved 1048576K
}
Event: 3.150 GC heap after
{Heap after GC invocations=9 (full 0):
 garbage-first heap   total 68608K, used 24124K [0x0000000080000000, 0x0000000100000000)
  region size 1024K, 3 young (3072K), 3 survivors (3072K)
 Metaspace       used 35651K, committed 35968K, reserved 1081344K
  class space    used 4888K, committed 5056K, reserved 1048576K
}
Event: 3.463 GC heap before
{Heap before GC invocations=10 (full 0):
 garbage-first heap   total 68608K, used 47676K [0x0000000080000000, 0x0000000100000000)
  region size 1024K, 27 young (27648K), 3 survivors (3072K)
 Metaspace       used 40828K, committed 41152K, reserved 1089536K
  class space    used 5380K, committed 5504K, reserved 1048576K
}
Event: 3.467 GC heap after
{Heap after GC invocations=11 (full 0):
 garbage-first heap   total 123904K, used 28120K [0x0000000080000000, 0x0000000100000000)
  region size 1024K, 4 young (4096K), 4 survivors (4096K)
 Metaspace       used 40828K, committed 41152K, reserved 1089536K
  class space    used 5380K, committed 5504K, reserved 1048576K
}
Event: 3.471 GC heap before
{Heap before GC invocations=11 (full 0):
 garbage-first heap   total 123904K, used 30168K [0x0000000080000000, 0x0000000100000000)
  region size 1024K, 6 young (6144K), 4 survivors (4096K)
 Metaspace       used 40829K, committed 41152K, reserved 1089536K
  class space    used 5380K, committed 5504K, reserved 1048576K
}
Event: 3.474 GC heap after
{Heap after GC invocations=12 (full 0):
 garbage-first heap   total 123904K, used 27887K [0x0000000080000000, 0x0000000100000000)
  region size 1024K, 1 young (1024K), 1 survivors (1024K)
 Metaspace       used 40829K, committed 41152K, reserved 1089536K
  class space    used 5380K, committed 5504K, reserved 1048576K
}
Event: 4.122 GC heap before
{Heap before GC invocations=12 (full 0):
 garbage-first heap   total 123904K, used 88303K [0x0000000080000000, 0x0000000100000000)
  region size 1024K, 57 young (58368K), 1 survivors (1024K)
 Metaspace       used 46920K, committed 47360K, reserved 1097728K
  class space    used 6148K, committed 6336K, reserved 1048576K
}
Event: 4.126 GC heap after
{Heap after GC invocations=13 (full 0):
 garbage-first heap   total 123904K, used 31904K [0x0000000080000000, 0x0000000100000000)
  region size 1024K, 5 young (5120K), 5 survivors (5120K)
 Metaspace       used 46920K, committed 47360K, reserved 1097728K
  class space    used 6148K, committed 6336K, reserved 1048576K
}
Event: 4.949 GC heap before
{Heap before GC invocations=13 (full 0):
 garbage-first heap   total 123904K, used 87200K [0x0000000080000000, 0x0000000100000000)
  region size 1024K, 59 young (60416K), 5 survivors (5120K)
 Metaspace       used 53231K, committed 53696K, reserved 1097728K
  class space    used 7090K, committed 7296K, reserved 1048576K
}
Event: 4.954 GC heap after
{Heap after GC invocations=14 (full 0):
 garbage-first heap   total 123904K, used 35583K [0x0000000080000000, 0x0000000100000000)
  region size 1024K, 4 young (4096K), 4 survivors (4096K)
 Metaspace       used 53231K, committed 53696K, reserved 1097728K
  class space    used 7090K, committed 7296K, reserved 1048576K
}
Event: 5.708 GC heap before
{Heap before GC invocations=14 (full 0):
 garbage-first heap   total 123904K, used 92927K [0x0000000080000000, 0x0000000100000000)
  region size 1024K, 57 young (58368K), 4 survivors (4096K)
 Metaspace       used 57244K, committed 57728K, reserved 1105920K
  class space    used 7617K, committed 7808K, reserved 1048576K
}
Event: 5.712 GC heap after
{Heap after GC invocations=15 (full 0):
 garbage-first heap   total 123904K, used 45304K [0x0000000080000000, 0x0000000100000000)
  region size 1024K, 8 young (8192K), 8 survivors (8192K)
 Metaspace       used 57244K, committed 57728K, reserved 1105920K
  class space    used 7617K, committed 7808K, reserved 1048576K
}
Event: 5.896 GC heap before
{Heap before GC invocations=15 (full 0):
 garbage-first heap   total 123904K, used 59640K [0x0000000080000000, 0x0000000100000000)
  region size 1024K, 23 young (23552K), 8 survivors (8192K)
 Metaspace       used 60000K, committed 60480K, reserved 1105920K
  class space    used 7891K, committed 8128K, reserved 1048576K
}
Event: 5.900 GC heap after
{Heap after GC invocations=16 (full 0):
 garbage-first heap   total 123904K, used 46718K [0x0000000080000000, 0x0000000100000000)
  region size 1024K, 2 young (2048K), 2 survivors (2048K)
 Metaspace       used 60000K, committed 60480K, reserved 1105920K
  class space    used 7891K, committed 8128K, reserved 1048576K
}
Event: 6.470 GC heap before
{Heap before GC invocations=17 (full 0):
 garbage-first heap   total 123904K, used 99966K [0x0000000080000000, 0x0000000100000000)
  region size 1024K, 48 young (49152K), 2 survivors (2048K)
 Metaspace       used 66175K, committed 66752K, reserved 1114112K
  class space    used 8717K, committed 9024K, reserved 1048576K
}
Event: 6.474 GC heap after
{Heap after GC invocations=18 (full 0):
 garbage-first heap   total 123904K, used 50645K [0x0000000080000000, 0x0000000100000000)
  region size 1024K, 5 young (5120K), 5 survivors (5120K)
 Metaspace       used 66175K, committed 66752K, reserved 1114112K
  class space    used 8717K, committed 9024K, reserved 1048576K
}
Event: 6.957 GC heap before
{Heap before GC invocations=18 (full 0):
 garbage-first heap   total 123904K, used 95701K [0x0000000080000000, 0x0000000100000000)
  region size 1024K, 49 young (50176K), 5 survivors (5120K)
 Metaspace       used 71173K, committed 71744K, reserved 1114112K
  class space    used 9385K, committed 9664K, reserved 1048576K
}
Event: 6.963 GC heap after
{Heap after GC invocations=19 (full 0):
 garbage-first heap   total 123904K, used 53500K [0x0000000080000000, 0x0000000100000000)
  region size 1024K, 3 young (3072K), 3 survivors (3072K)
 Metaspace       used 71173K, committed 71744K, reserved 1114112K
  class space    used 9385K, committed 9664K, reserved 1048576K
}
Event: 7.432 GC heap before
{Heap before GC invocations=19 (full 0):
 garbage-first heap   total 123904K, used 96508K [0x0000000080000000, 0x0000000100000000)
  region size 1024K, 45 young (46080K), 3 survivors (3072K)
 Metaspace       used 75701K, committed 76288K, reserved 1122304K
  class space    used 9963K, committed 10240K, reserved 1048576K
}
Event: 7.437 GC heap after
{Heap after GC invocations=20 (full 0):
 garbage-first heap   total 247808K, used 56117K [0x0000000080000000, 0x0000000100000000)
  region size 1024K, 6 young (6144K), 6 survivors (6144K)
 Metaspace       used 75701K, committed 76288K, reserved 1122304K
  class space    used 9963K, committed 10240K, reserved 1048576K
}

Dll operation events (2 events):
Event: 0.005 Loaded shared library C:\Program Files\Android\Android Studio\jbr\bin\java.dll
Event: 0.295 Loaded shared library C:\Program Files\Android\Android Studio\jbr\bin\verify.dll

Deoptimization events (20 events):
Event: 7.262 Thread 0x000002a3fc218080 DEOPT PACKING pc=0x000002a3ec8d72ac sp=0x000000caee8f85e0
Event: 7.262 Thread 0x000002a3fc218080 DEOPT UNPACKING pc=0x000002a3ebfca1a3 sp=0x000000caee8f85a0 mode 2
Event: 7.263 Thread 0x000002a3fc218080 Uncommon trap: trap_request=0xffffffde fr.pc=0x000002a3eca22a28 relative=0x0000000000002768
Event: 7.263 Thread 0x000002a3fc218080 Uncommon trap: reason=class_check action=maybe_recompile pc=0x000002a3eca22a28 method=jdk.internal.loader.Resource.getBytes()[B @ 10 c2
Event: 7.263 Thread 0x000002a3fc218080 DEOPT PACKING pc=0x000002a3eca22a28 sp=0x000000caee8f8430
Event: 7.263 Thread 0x000002a3fc218080 DEOPT UNPACKING pc=0x000002a3ebfca1a3 sp=0x000000caee8f8448 mode 2
Event: 7.264 Thread 0x000002a3fc218080 Uncommon trap: trap_request=0xffffffde fr.pc=0x000002a3ec8a1674 relative=0x00000000000055b4
Event: 7.264 Thread 0x000002a3fc218080 Uncommon trap: reason=class_check action=maybe_recompile pc=0x000002a3ec8a1674 method=jdk.internal.loader.URLClassPath.getLoader(I)Ljdk/internal/loader/URLClassPath$Loader; @ 190 c2
Event: 7.264 Thread 0x000002a3fc218080 DEOPT PACKING pc=0x000002a3ec8a1674 sp=0x000000caee8f84f0
Event: 7.264 Thread 0x000002a3fc218080 DEOPT UNPACKING pc=0x000002a3ebfca1a3 sp=0x000000caee8f8510 mode 2
Event: 7.264 Thread 0x000002a3fc218080 Uncommon trap: trap_request=0xffffffde fr.pc=0x000002a3ec8d72ac relative=0x000000000000050c
Event: 7.264 Thread 0x000002a3fc218080 Uncommon trap: reason=class_check action=maybe_recompile pc=0x000002a3ec8d72ac method=jdk.internal.loader.URLClassPath.getResource(Ljava/lang/String;Z)Ljdk/internal/loader/Resource; @ 53 c2
Event: 7.264 Thread 0x000002a3fc218080 DEOPT PACKING pc=0x000002a3ec8d72ac sp=0x000000caee8f85e0
Event: 7.264 Thread 0x000002a3fc218080 DEOPT UNPACKING pc=0x000002a3ebfca1a3 sp=0x000000caee8f85a0 mode 2
Event: 7.265 Thread 0x000002a3fc218080 Uncommon trap: trap_request=0xffffffde fr.pc=0x000002a3eca22a28 relative=0x0000000000002768
Event: 7.265 Thread 0x000002a3fc218080 Uncommon trap: reason=class_check action=maybe_recompile pc=0x000002a3eca22a28 method=jdk.internal.loader.Resource.getBytes()[B @ 10 c2
Event: 7.265 Thread 0x000002a3fc218080 DEOPT PACKING pc=0x000002a3eca22a28 sp=0x000000caee8f8430
Event: 7.265 Thread 0x000002a3fc218080 DEOPT UNPACKING pc=0x000002a3ebfca1a3 sp=0x000000caee8f8448 mode 2
Event: 7.324 Thread 0x000002a3fc218080 DEOPT PACKING pc=0x000002a3e5665fbb sp=0x000000caee8f8050
Event: 7.324 Thread 0x000002a3fc218080 DEOPT UNPACKING pc=0x000002a3ebfcace3 sp=0x000000caee8f75f0 mode 0

Classes unloaded (0 events):
No events

Classes redefined (0 events):
No events

Internal exceptions (20 events):
Event: 5.145 Thread 0x000002a3fc218a20 Exception <a 'java/lang/NoSuchMethodError'{0x00000000869ac3c0}: static Lorg/gradle/internal/build/event/types/AbstractProjectConfigurationResult;.<clinit>()V> (0x00000000869ac3c0) 
thrown [s\src\hotspot\share\prims\jni.cpp, line 1108]
Event: 5.146 Thread 0x000002a3fc218a20 Exception <a 'java/lang/NoSuchMethodError'{0x00000000869ad670}: static Lorg/gradle/internal/build/event/types/AbstractOperationResult;.<clinit>()V> (0x00000000869ad670) 
thrown [s\src\hotspot\share\prims\jni.cpp, line 1108]
Event: 5.146 Thread 0x000002a3fc218a20 Exception <a 'java/lang/NoSuchMethodError'{0x00000000869ae8b0}: static Lorg/gradle/internal/build/event/types/AbstractResult;.<clinit>()V> (0x00000000869ae8b0) 
thrown [s\src\hotspot\share\prims\jni.cpp, line 1108]
Event: 5.148 Thread 0x000002a3fc218a20 Exception <a 'java/lang/NoSuchMethodError'{0x00000000869c36d0}: static Lorg/gradle/internal/build/event/types/DefaultPluginApplicationResult;.<clinit>()V> (0x00000000869c36d0) 
thrown [s\src\hotspot\share\prims\jni.cpp, line 1108]
Event: 5.150 Thread 0x000002a3fc218a20 Exception <a 'java/lang/NoSuchMethodError'{0x00000000869ce5a0}: static Lorg/gradle/internal/build/event/types/DefaultBinaryPluginIdentifier;.<clinit>()V> (0x00000000869ce5a0) 
thrown [s\src\hotspot\share\prims\jni.cpp, line 1108]
Event: 5.154 Thread 0x000002a3fc218a20 Exception <a 'java/lang/NoSuchMethodError'{0x00000000869edd68}: static Lorg/gradle/internal/build/event/types/DefaultScriptPluginIdentifier;.<clinit>()V> (0x00000000869edd68) 
thrown [s\src\hotspot\share\prims\jni.cpp, line 1108]
Event: 5.235 Thread 0x000002a3fc218080 Implicit null exception at 0x000002a3ec9c0a8f to 0x000002a3ec9c1198
Event: 5.235 Thread 0x000002a3fc218080 Implicit null exception at 0x000002a3ec9bfa94 to 0x000002a3ec9c0168
Event: 5.367 Thread 0x000002a3fc218080 Exception <a 'java/lang/ClassNotFoundException'{0x0000000085cb4870}: org/gradle/api/internal/plugins/DefaultObjectConfigurationActionBeanInfo> (0x0000000085cb4870) 
thrown [s\src\hotspot\share\classfile\systemDictionary.cpp, line 256]
Event: 5.368 Thread 0x000002a3fc218080 Exception <a 'java/lang/ClassNotFoundException'{0x0000000085cc86c8}: org/gradle/api/internal/plugins/DefaultObjectConfigurationActionCustomizer> (0x0000000085cc86c8) 
thrown [s\src\hotspot\share\classfile\systemDictionary.cpp, line 256]
Event: 5.478 Thread 0x000002a3fc218080 Exception <a 'java/lang/NoSuchMethodError'{0x0000000085190740}: 'java.lang.Object java.lang.invoke.DirectMethodHandle$Holder.newInvokeSpecial(java.lang.Object, java.lang.Object, java.lang.Object, java.lang.Object, int)'> (0x0000000085190740) 
thrown [s\src\hotspot\share\interpreter\linkResolver.cpp, line 771]
Event: 5.479 Thread 0x000002a3fc218080 Exception <a 'java/lang/NoSuchMethodError'{0x0000000085195b88}: 'java.lang.Object java.lang.invoke.DirectMethodHandle$Holder.invokeSpecial(java.lang.Object, java.lang.Object, java.lang.Object, java.lang.Object, java.lang.Object, int)'> (0x0000000085195b88) 
thrown [s\src\hotspot\share\interpreter\linkResolver.cpp, line 771]
Event: 5.479 Thread 0x000002a3fc218080 Exception <a 'java/lang/NoSuchMethodError'{0x000000008519a908}: 'java.lang.Object java.lang.invoke.Invokers$Holder.linkToTargetMethod(java.lang.Object, java.lang.Object, java.lang.Object, int, java.lang.Object)'> (0x000000008519a908) 
thrown [s\src\hotspot\share\interpreter\linkResolver.cpp, line 771]
Event: 5.694 Thread 0x000002a3fc218080 Exception <a 'java/lang/NoSuchMethodError'{0x000000008442db10}: 'int java.lang.invoke.DirectMethodHandle$Holder.invokeInterface(java.lang.Object, java.lang.Object, java.lang.Object, java.lang.Object)'> (0x000000008442db10) 
thrown [s\src\hotspot\share\interpreter\linkResolver.cpp, line 771]
Event: 6.194 Thread 0x000002a3fc218080 Exception <a 'java/lang/IncompatibleClassChangeError'{0x0000000086661008}: Found class java.lang.Object, but interface was expected> (0x0000000086661008) 
thrown [s\src\hotspot\share\interpreter\linkResolver.cpp, line 838]
Event: 6.229 Thread 0x000002a3fc218080 Implicit null exception at 0x000002a3ec92b259 to 0x000002a3ec92b3f0
Event: 6.229 Thread 0x000002a3fc218080 Implicit null exception at 0x000002a3ec960b8d to 0x000002a3ec9612f8
Event: 6.314 Thread 0x000002a3fc218080 Implicit null exception at 0x000002a3ec8b340c to 0x000002a3ec8b3542
Event: 6.405 Thread 0x000002a3fc218080 Exception <a 'sun/nio/fs/WindowsException'{0x0000000084d18558}> (0x0000000084d18558) 
thrown [s\src\hotspot\share\prims\jni.cpp, line 517]
Event: 6.786 Thread 0x000002a3fc218080 Implicit null exception at 0x000002a3eca42248 to 0x000002a3eca42334

VM Operations (20 events):
Event: 6.297 Executing VM operation: HandshakeAllThreads
Event: 6.297 Executing VM operation: HandshakeAllThreads done
Event: 6.320 Executing VM operation: HandshakeAllThreads
Event: 6.320 Executing VM operation: HandshakeAllThreads done
Event: 6.321 Executing VM operation: HandshakeAllThreads
Event: 6.321 Executing VM operation: HandshakeAllThreads done
Event: 6.400 Executing VM operation: ICBufferFull
Event: 6.400 Executing VM operation: ICBufferFull done
Event: 6.470 Executing VM operation: G1CollectForAllocation
Event: 6.474 Executing VM operation: G1CollectForAllocation done
Event: 6.771 Executing VM operation: ICBufferFull
Event: 6.772 Executing VM operation: ICBufferFull done
Event: 6.957 Executing VM operation: G1CollectForAllocation
Event: 6.963 Executing VM operation: G1CollectForAllocation done
Event: 7.238 Executing VM operation: ICBufferFull
Event: 7.239 Executing VM operation: ICBufferFull done
Event: 7.302 Executing VM operation: HandshakeAllThreads
Event: 7.302 Executing VM operation: HandshakeAllThreads done
Event: 7.431 Executing VM operation: G1CollectForAllocation
Event: 7.437 Executing VM operation: G1CollectForAllocation done

Events (20 events):
Event: 6.403 loading class java/security/KeyStore$ProtectionParameter done
Event: 6.404 loading class sun/nio/fs/WindowsException
Event: 6.405 loading class sun/nio/fs/WindowsException done
Event: 6.666 loading class java/security/KeyStore
Event: 6.666 loading class java/security/KeyStore done
Event: 6.666 loading class java/security/KeyStore$1
Event: 6.666 loading class java/security/KeyStore$1 done
Event: 6.752 loading class javax/xml/stream/XMLStreamException
Event: 6.752 loading class javax/xml/stream/XMLStreamException done
Event: 6.766 loading class sun/reflect/annotation/AnnotationInvocationHandler$1
Event: 6.766 loading class sun/reflect/annotation/AnnotationInvocationHandler$1 done
Event: 6.941 Thread 0x000002a38234fd90 Thread exited: 0x000002a38234fd90
Event: 6.982 Thread 0x000002a3ff8c5b60 Thread exited: 0x000002a3ff8c5b60
Event: 7.101 loading class java/util/ArrayList$SubList$1
Event: 7.101 loading class java/util/ArrayList$SubList$1 done
Event: 7.233 Thread 0x000002a3805998f0 Thread added: 0x000002a3805998f0
Event: 7.250 loading class jdk/internal/loader/URLClassPath$FileLoader
Event: 7.250 loading class jdk/internal/loader/URLClassPath$FileLoader done
Event: 7.252 loading class jdk/internal/loader/URLClassPath$FileLoader$1
Event: 7.252 loading class jdk/internal/loader/URLClassPath$FileLoader$1 done


Dynamic libraries:
0x00007ff782840000 - 0x00007ff78284a000 	C:\Program Files\Android\Android Studio\jbr\bin\java.exe
0x00007ffa6e6a0000 - 0x00007ffa6e908000 	C:\WINDOWS\SYSTEM32\ntdll.dll
0x00007ffa6ccd0000 - 0x00007ffa6cd99000 	C:\WINDOWS\System32\KERNEL32.DLL
0x00007ffa6b430000 - 0x00007ffa6b821000 	C:\WINDOWS\System32\KERNELBASE.dll
0x00007ffa6b220000 - 0x00007ffa6b36b000 	C:\WINDOWS\System32\ucrtbase.dll
0x00007ffa2ceb0000 - 0x00007ffa2cec7000 	C:\Program Files\Android\Android Studio\jbr\bin\jli.dll
0x00007ffa6d530000 - 0x00007ffa6d6f6000 	C:\WINDOWS\System32\USER32.dll
0x00007ffa662b0000 - 0x00007ffa662cb000 	C:\Program Files\Android\Android Studio\jbr\bin\VCRUNTIME140.dll
0x00007ffa6b010000 - 0x00007ffa6b037000 	C:\WINDOWS\System32\win32u.dll
0x00007ffa50560000 - 0x00007ffa507f3000 	C:\WINDOWS\WinSxS\amd64_microsoft.windows.common-controls_6595b64144ccf1df_6.0.26100.7824_none_3e0870b2e3345462\COMCTL32.dll
0x00007ffa6d700000 - 0x00007ffa6d72b000 	C:\WINDOWS\System32\GDI32.dll
0x00007ffa6b040000 - 0x00007ffa6b16b000 	C:\WINDOWS\System32\gdi32full.dll
0x00007ffa6d360000 - 0x00007ffa6d409000 	C:\WINDOWS\System32\msvcrt.dll
0x00007ffa6b170000 - 0x00007ffa6b213000 	C:\WINDOWS\System32\msvcp_win.dll
0x00007ffa6e050000 - 0x00007ffa6e081000 	C:\WINDOWS\System32\IMM32.DLL
0x00007ffa661e0000 - 0x00007ffa661ec000 	C:\Program Files\Android\Android Studio\jbr\bin\vcruntime140_1.dll
0x00007ffa0fdd0000 - 0x00007ffa0fe5d000 	C:\Program Files\Android\Android Studio\jbr\bin\msvcp140.dll
0x00007ff9f8880000 - 0x00007ff9f94ee000 	C:\Program Files\Android\Android Studio\jbr\bin\server\jvm.dll
0x00007ffa6df90000 - 0x00007ffa6e044000 	C:\WINDOWS\System32\ADVAPI32.dll
0x00007ffa6ce90000 - 0x00007ffa6cf36000 	C:\WINDOWS\System32\sechost.dll
0x00007ffa6d410000 - 0x00007ffa6d528000 	C:\WINDOWS\System32\RPCRT4.dll
0x00007ffa58050000 - 0x00007ffa5805a000 	C:\WINDOWS\SYSTEM32\WSOCK32.dll
0x00007ffa58ce0000 - 0x00007ffa58d15000 	C:\WINDOWS\SYSTEM32\WINMM.dll
0x00007ffa64220000 - 0x00007ffa6422b000 	C:\WINDOWS\SYSTEM32\VERSION.dll
0x00007ffa6e5e0000 - 0x00007ffa6e654000 	C:\WINDOWS\System32\WS2_32.dll
0x00007ffa69ce0000 - 0x00007ffa69cfb000 	C:\WINDOWS\SYSTEM32\kernel.appcore.dll
0x00007ffa56540000 - 0x00007ffa5654a000 	C:\Program Files\Android\Android Studio\jbr\bin\jimage.dll
0x00007ffa69080000 - 0x00007ffa692c2000 	C:\WINDOWS\SYSTEM32\DBGHELP.DLL
0x00007ffa6cf40000 - 0x00007ffa6d2c6000 	C:\WINDOWS\System32\combase.dll
0x00007ffa6cdb0000 - 0x00007ffa6ce87000 	C:\WINDOWS\System32\OLEAUT32.dll
0x00007ffa4d640000 - 0x00007ffa4d67b000 	C:\WINDOWS\SYSTEM32\dbgcore.DLL
0x00007ffa6b830000 - 0x00007ffa6b8d5000 	C:\WINDOWS\System32\bcryptPrimitives.dll
0x00007ffa0a360000 - 0x00007ffa0a385000 	C:\Program Files\Android\Android Studio\jbr\bin\java.dll
0x00007ffa4fb40000 - 0x00007ffa4fb58000 	C:\Program Files\Android\Android Studio\jbr\bin\zip.dll
0x00007ffa6d830000 - 0x00007ffa6df82000 	C:\WINDOWS\System32\SHELL32.dll
0x00007ffa6c2d0000 - 0x00007ffa6c43a000 	C:\WINDOWS\System32\wintypes.dll
0x00007ffa6ba60000 - 0x00007ffa6c2c3000 	C:\WINDOWS\System32\windows.storage.dll
0x00007ffa6c630000 - 0x00007ffa6c726000 	C:\WINDOWS\System32\SHCORE.dll
0x00007ffa6e090000 - 0x00007ffa6e0f7000 	C:\WINDOWS\System32\shlwapi.dll
0x00007ffa6aea0000 - 0x00007ffa6aec9000 	C:\WINDOWS\SYSTEM32\profapi.dll
0x00007ffa4cb00000 - 0x00007ffa4cb19000 	C:\Program Files\Android\Android Studio\jbr\bin\net.dll
0x00007ffa63ea0000 - 0x00007ffa63fc7000 	C:\WINDOWS\SYSTEM32\WINHTTP.dll
0x00007ffa6a230000 - 0x00007ffa6a29b000 	C:\WINDOWS\system32\mswsock.dll
0x00007ffa4caa0000 - 0x00007ffa4cab6000 	C:\Program Files\Android\Android Studio\jbr\bin\nio.dll
0x00007ffa560f0000 - 0x00007ffa56100000 	C:\Program Files\Android\Android Studio\jbr\bin\verify.dll
0x00007ff9e8d00000 - 0x00007ff9e8d27000 	C:\Users\shuik\Desktop\Android Studio\Sdk\native\68d5fa5c4cc2d200863cafc0d521ce42e7d3e7ee720ec0a83991735586a16f82\windows-amd64\native-platform.dll
0x00007ffa022d0000 - 0x00007ffa02414000 	C:\Users\shuik\Desktop\Android Studio\Sdk\native\e376f236ea51e6404a007f0833ffe2c6e607c4080706a723a18a27aeea778392\windows-amd64\native-platform-file-events.dll
0x00007ffa559e0000 - 0x00007ffa559e9000 	C:\Program Files\Android\Android Studio\jbr\bin\management.dll
0x00007ffa509f0000 - 0x00007ffa509fb000 	C:\Program Files\Android\Android Studio\jbr\bin\management_ext.dll
0x00007ffa6d2d0000 - 0x00007ffa6d2d8000 	C:\WINDOWS\System32\PSAPI.DLL
0x00007ffa6a620000 - 0x00007ffa6a63b000 	C:\WINDOWS\SYSTEM32\CRYPTSP.dll
0x00007ffa69c40000 - 0x00007ffa69c79000 	C:\WINDOWS\system32\rsaenh.dll
0x00007ffa6a2e0000 - 0x00007ffa6a30b000 	C:\WINDOWS\SYSTEM32\USERENV.dll
0x00007ffa6ae70000 - 0x00007ffa6ae9a000 	C:\WINDOWS\SYSTEM32\bcrypt.dll
0x00007ffa6a480000 - 0x00007ffa6a48c000 	C:\WINDOWS\SYSTEM32\CRYPTBASE.dll
0x00007ffa696e0000 - 0x00007ffa69714000 	C:\WINDOWS\SYSTEM32\IPHLPAPI.DLL
0x00007ffa6c440000 - 0x00007ffa6c44a000 	C:\WINDOWS\System32\NSI.dll
0x00007ffa64260000 - 0x00007ffa6427e000 	C:\WINDOWS\SYSTEM32\dhcpcsvc6.DLL
0x00007ffa64230000 - 0x00007ffa64253000 	C:\WINDOWS\SYSTEM32\dhcpcsvc.DLL
0x00007ffa69770000 - 0x00007ffa6989c000 	C:\WINDOWS\SYSTEM32\DNSAPI.dll
0x00007ffa4d7d0000 - 0x00007ffa4d7d8000 	C:\WINDOWS\system32\wshunix.dll

dbghelp: loaded successfully - version: 4.0.5 - missing functions: none
symbol engine: initialized successfully - sym options: 0x614 - pdb path: .;C:\Program Files\Android\Android Studio\jbr\bin;C:\WINDOWS\SYSTEM32;C:\WINDOWS\WinSxS\amd64_microsoft.windows.common-controls_6595b64144ccf1df_6.0.26100.7824_none_3e0870b2e3345462;C:\Program Files\Android\Android Studio\jbr\bin\server;C:\Users\shuik\Desktop\Android Studio\Sdk\native\68d5fa5c4cc2d200863cafc0d521ce42e7d3e7ee720ec0a83991735586a16f82\windows-amd64;C:\Users\shuik\Desktop\Android Studio\Sdk\native\e376f236ea51e6404a007f0833ffe2c6e607c4080706a723a18a27aeea778392\windows-amd64

VM Arguments:
jvm_args: --add-opens=java.base/java.util=ALL-UNNAMED --add-opens=java.base/java.lang=ALL-UNNAMED --add-opens=java.base/java.lang.invoke=ALL-UNNAMED --add-opens=java.prefs/java.util.prefs=ALL-UNNAMED --add-opens=java.base/java.nio.charset=ALL-UNNAMED --add-opens=java.base/java.net=ALL-UNNAMED --add-opens=java.base/java.util.concurrent.atomic=ALL-UNNAMED -Xmx2048m -Dfile.encoding=UTF-8 -Duser.country=ES -Duser.language=es -Duser.variant 
java_command: org.gradle.launcher.daemon.bootstrap.GradleDaemon 8.0
java_class_path (initial): C:\Users\shuik\Desktop\Android Studio\Sdk\wrapper\dists\gradle-8.0-bin\ca5e32bp14vu59qr306oxotwh\gradle-8.0\lib\gradle-launcher-8.0.jar
Launcher Type: SUN_STANDARD

[Global flags]
     intx CICompilerCount                          = 12                                        {product} {ergonomic}
     uint ConcGCThreads                            = 3                                         {product} {ergonomic}
     uint G1ConcRefinementThreads                  = 13                                        {product} {ergonomic}
   size_t G1HeapRegionSize                         = 1048576                                   {product} {ergonomic}
    uintx GCDrainStackTargetSize                   = 64                                        {product} {ergonomic}
   size_t InitialHeapSize                          = 264241152                                 {product} {ergonomic}
   size_t MarkStackSize                            = 4194304                                   {product} {ergonomic}
   size_t MaxHeapSize                              = 2147483648                                {product} {command line}
   size_t MaxNewSize                               = 1287651328                                {product} {ergonomic}
   size_t MinHeapDeltaBytes                        = 1048576                                   {product} {ergonomic}
   size_t MinHeapSize                              = 8388608                                   {product} {ergonomic}
    uintx NonNMethodCodeHeapSize                   = 7602480                                {pd product} {ergonomic}
    uintx NonProfiledCodeHeapSize                  = 122027880                              {pd product} {ergonomic}
    uintx ProfiledCodeHeapSize                     = 122027880                              {pd product} {ergonomic}
    uintx ReservedCodeCacheSize                    = 251658240                              {pd product} {ergonomic}
     bool SegmentedCodeCache                       = true                                      {product} {ergonomic}
   size_t SoftMaxHeapSize                          = 2147483648                             {manageable} {ergonomic}
     bool UseCompressedClassPointers               = true                           {product lp64_product} {ergonomic}
     bool UseCompressedOops                        = true                           {product lp64_product} {ergonomic}
     bool UseG1GC                                  = true                                      {product} {ergonomic}
     bool UseLargePagesIndividualAllocation        = false                                  {pd product} {ergonomic}

Logging:
Log output configuration:
 #0: stdout all=warning uptime,level,tags
 #1: stderr all=off uptime,level,tags

Environment Variables:
PATH=C:\Program Files\Common Files\Oracle\Java\javapath;C:\Program Files (x86)\Common Files\Oracle\Java\java8path;C:\Program Files (x86)\Common Files\Oracle\Java\javapath;C:\WINDOWS\system32;C:\WINDOWS;C:\WINDOWS\System32\Wbem;C:\WINDOWS\System32\WindowsPowerShell\v1.0\;C:\WINDOWS\System32\OpenSSH\;C:\Program Files\dotnet\;C:\Program Files (x86)\NVIDIA Corporation\PhysX\Common;C:\Program Files\NVIDIA Corporation\NVIDIA app\NvDLISR;C:\Program Files\Docker\Docker\resources\bin;C:\Program Files\Apache\apache-maven-3.9.11\bin;C:\Program Files\nodejs\;C:\Users\shuik\AppData\Local\Programs\Python\Launcher\;C:\Users\shuik\AppData\Local\Microsoft\WindowsApps;C:\Users\shuik\AppData\Local\Programs\Microsoft VS Code\bin;C:\Users\shuik\AppData\Local\GitHubDesktop\bin;C:\Users\shuik\AppData\Local\spicetify;C:\Program Files\MongoDB\Server\8.2\bin;C:\Users\shuik\.dotnet\tools;C:\Users\shuik\AppData\Roaming\npm;C:\Users\shuik\AppData\Local\Programs\Python\Python314\Scripts;C:\Users\shuik\AppData\Local\Programs\Python\Python314;
USERNAME=shuik
OS=Windows_NT
PROCESSOR_IDENTIFIER=Intel64 Family 6 Model 141 Stepping 1, GenuineIntel
TMP=C:\Users\shuik\AppData\Local\Temp
TEMP=C:\Users\shuik\AppData\Local\Temp


JNI global refs:
JNI global refs: 34, weak refs: 0

JNI global refs memory usage: 843, weak refs: 841


---------------  S Y S T E M  ---------------

OS:
 Windows 11 , 64 bit Build 26100 (10.0.26100.7705)
OS uptime: 28 days 19:14 hours
Hyper-V role detected

CPU: total 16 (initial active 16) (8 cores per cpu, 2 threads per core) family 6 model 141 stepping 1 microcode 0x34, cx8, cmov, fxsr, ht, mmx, 3dnowpref, sse, sse2, sse3, ssse3, sse4.1, sse4.2, popcnt, lzcnt, tsc, tscinvbit, avx, avx2, aes, erms, clmul, bmi1, bmi2, adx, avx512f, avx512dq, avx512cd, avx512bw, avx512vl, sha, fma, vzeroupper, avx512_vpopcntdq, avx512_vpclmulqdq, avx512_vaes, avx512_vnni, clflush, clflushopt, clwb, avx512_vbmi2, avx512_vbmi, hv

Memory: 4k page, system-wide physical 16085M (1274M free)
TotalPageFile size 65237M (AvailPageFile size 22M)
current process WorkingSet (physical memory assigned to process): 361M, peak: 361M
current process commit charge ("private bytes"): 526M, peak: 526M

vm_info: OpenJDK 64-Bit Server VM (17.0.6+0-b2043.56-10027231) for windows-amd64 JRE (17.0.6+0-b2043.56-10027231), built on Apr 28 2023 00:43:19 by "androidbuild" with MS VC++ 16.10 / 16.11 (VS2019)

END.
