#
# There is insufficient memory for the Java Runtime Environment to continue.
# Native memory allocation (mmap) failed to map 68157440 bytes for G1 virtual space
# Possible reasons:
#   The system is out of physical RAM or swap space
#   The process is running with CompressedOops enabled, and the Java Heap may be blocking the growth of the native heap
# Possible solutions:
#   Reduce memory load on the system
#   Increase physical memory or swap space
#   Check if swap backing store is full
#   Decrease Java heap size (-Xmx/-Xms)
#   Decrease number of Java threads
#   Decrease Java thread stack sizes (-Xss)
#   Set larger code cache with -XX:ReservedCodeCacheSize=
#   JVM is running with Unscaled Compressed Oops mode in which the Java heap is
#     placed in the first 4GB address space. The Java Heap base address is the
#     maximum limit for the native heap growth. Please use -XX:HeapBaseMinAddress
#     to set the Java Heap base and to place the Java Heap above 4GB virtual address.
# This output file may be truncated or incomplete.
#
#  Out of Memory Error (os_windows.cpp:3769), pid=11184, tid=8256
#
# JRE version: OpenJDK Runtime Environment (17.0.6) (build 17.0.6+0-b2043.56-10027231)
# Java VM: OpenJDK 64-Bit Server VM (17.0.6+0-b2043.56-10027231, mixed mode, tiered, compressed oops, compressed class ptrs, g1 gc, windows-amd64)
# No core dump will be written. Minidumps are not enabled by default on client versions of Windows
#

---------------  S U M M A R Y ------------

Command Line: --add-opens=java.base/java.util=ALL-UNNAMED --add-opens=java.base/java.lang=ALL-UNNAMED --add-opens=java.base/java.lang.invoke=ALL-UNNAMED --add-opens=java.prefs/java.util.prefs=ALL-UNNAMED --add-opens=java.base/java.nio.charset=ALL-UNNAMED --add-opens=java.base/java.net=ALL-UNNAMED --add-opens=java.base/java.util.concurrent.atomic=ALL-UNNAMED -Xmx2048m -Dfile.encoding=UTF-8 -Duser.country=ES -Duser.language=es -Duser.variant org.gradle.launcher.daemon.bootstrap.GradleDaemon 8.0

Host: 11th Gen Intel(R) Core(TM) i7-11800H @ 2.30GHz, 16 cores, 15G,  Windows 11 , 64 bit Build 26100 (10.0.26100.7705)
Time: Fri Mar 13 12:40:25 2026 Hora estándar romance elapsed time: 10.749293 seconds (0d 0h 0m 10s)

---------------  T H R E A D  ---------------

Current thread (0x000001bc60878010):  VMThread "VM Thread" [stack: 0x000000af48700000,0x000000af48800000] [id=8256]

Stack: [0x000000af48700000,0x000000af48800000]
Native frames: (J=compiled Java code, j=interpreted, Vv=VM code, C=native code)
V  [jvm.dll+0x683c9a]
V  [jvm.dll+0x8427a4]
V  [jvm.dll+0x843f9e]
V  [jvm.dll+0x844603]
V  [jvm.dll+0x249b75]
V  [jvm.dll+0x680b69]
V  [jvm.dll+0x67505a]
V  [jvm.dll+0x309acb]
V  [jvm.dll+0x310f86]
V  [jvm.dll+0x3608ee]
V  [jvm.dll+0x360b1f]
V  [jvm.dll+0x2dfbf8]
V  [jvm.dll+0x2ddec4]
V  [jvm.dll+0x2dd4cc]
V  [jvm.dll+0x322261]
V  [jvm.dll+0x848ccb]
V  [jvm.dll+0x849a04]
V  [jvm.dll+0x849f1d]
V  [jvm.dll+0x84a2f4]
V  [jvm.dll+0x84a3c0]
V  [jvm.dll+0x7f274a]
V  [jvm.dll+0x682ad5]
C  [ucrtbase.dll+0x37b0]
C  [KERNEL32.DLL+0x2e8d7]
C  [ntdll.dll+0x8c40c]

VM_Operation (0x000000af4a5f1a00): G1TryInitiateConcMark, mode: safepoint, requested by thread 0x000001bc61c638a0


---------------  P R O C E S S  ---------------

Threads class SMR info:
_java_thread_list=0x000001bc648c7b30, length=185, elements={
0x000001bc4353ccc0, 0x000001bc6085b750, 0x000001bc6085c5c0, 0x000001bc60886290,
0x000001bc608b9030, 0x000001bc608b9500, 0x000001bc608bd9e0, 0x000001bc608c49a0,
0x000001bc608e5660, 0x000001bc608ea1a0, 0x000001bc60a44480, 0x000001bc60a44990,
0x000001bc60a91750, 0x000001bc60a93c40, 0x000001bc60bfe950, 0x000001bc621e8c00,
0x000001bc62019cd0, 0x000001bc62e4c0e0, 0x000001bc63747e90, 0x000001bc61f66650,
0x000001bc63f7b030, 0x000001bc61c633d0, 0x000001bc61c638a0, 0x000001bc61f19120,
0x000001bc61f195f0, 0x000001bc62cd3030, 0x000001bc63553b30, 0x000001bc63554e70,
0x000001bc63555340, 0x000001bc63555810, 0x000001bc63554000, 0x000001bc63553190,
0x000001bc63555ce0, 0x000001bc635561b0, 0x000001bc635544d0, 0x000001bc635527f0,
0x000001bc663674e0, 0x000001bc663679b0, 0x000001bc66368350, 0x000001bc66366670,
0x000001bc66364e60, 0x000001bc63a9e1d0, 0x000001bc63a9e6a0, 0x000001bc63a9f040,
0x000001bc63aa0850, 0x000001bc63a9eb70, 0x000001bc63a9f510, 0x000001bc63a9d830,
0x000001bc63a9dd00, 0x000001bc63a9f9e0, 0x000001bc63a9feb0, 0x000001bc63aa0380,
0x000001bc665afea0, 0x000001bc665af9d0, 0x000001bc665af500, 0x000001bc665b0370,
0x000001bc665b0840, 0x000001bc665ae690, 0x000001bc665b0d10, 0x000001bc665b11e0,
0x000001bc665b16b0, 0x000001bc665af030, 0x000001bc665adcf0, 0x000001bc665b1b80,
0x000001bc665aeb60, 0x000001bc665ae1c0, 0x000001bc665b3860, 0x000001bc665b2050,
0x000001bc665b2520, 0x000001bc665b3d30, 0x000001bc665b29f0, 0x000001bc665b5070,
0x000001bc665b4200, 0x000001bc665b46d0, 0x000001bc665b2ec0, 0x000001bc665b3390,
0x000001bc665b4ba0, 0x000001bc665b5540, 0x000001bc614540a0, 0x000001bc61451080,
0x000001bc614506e0, 0x000001bc61451ef0, 0x000001bc61452d60, 0x000001bc61451a20,
0x000001bc61451550, 0x000001bc614523c0, 0x000001bc61450bb0, 0x000001bc61453230,
0x000001bc614558b0, 0x000001bc61453bd0, 0x000001bc61452890, 0x000001bc61453700,
0x000001bc61457f30, 0x000001bc61457a60, 0x000001bc61456250, 0x000001bc61456720,
0x000001bc61456bf0, 0x000001bc61454570, 0x000001bc614570c0, 0x000001bc61454a40,
0x000001bc61454f10, 0x000001bc61455d80, 0x000001bc614553e0, 0x000001bc61457590,
0x000001bc62236520, 0x000001bc62234370, 0x000001bc622356b0, 0x000001bc62236ec0,
0x000001bc62235b80, 0x000001bc622351e0, 0x000001bc622369f0, 0x000001bc62238200,
0x000001bc62236050, 0x000001bc62237d30, 0x000001bc62234840, 0x000001bc62237390,
0x000001bc62237860, 0x000001bc622386d0, 0x000001bc62234d10, 0x000001bc62239a10,
0x000001bc62238ba0, 0x000001bc62239070, 0x000001bc6223a3b0, 0x000001bc62239540,
0x000001bc62239ee0, 0x000001bc6223b6f0, 0x000001bc6223a880, 0x000001bc6223ad50,
0x000001bc6223b220, 0x000001bc6223bbc0, 0x000001bc65f8cb40, 0x000001bc65f8b330,
0x000001bc65f89ff0, 0x000001bc65f89180, 0x000001bc65f8b800, 0x000001bc65f8bcd0,
0x000001bc65f8c1a0, 0x000001bc65f8a990, 0x000001bc65f8c670, 0x000001bc65f89b20,
0x000001bc65f8ae60, 0x000001bc65f8d010, 0x000001bc65f8a4c0, 0x000001bc65f8fb60,
0x000001bc65f89650, 0x000001bc65f909d0, 0x000001bc65f8f690, 0x000001bc65f90030,
0x000001bc65f90500, 0x000001bc65f8ecf0, 0x000001bc65f8d9b0, 0x000001bc65f8e350,
0x000001bc65f8d4e0, 0x000001bc65f8de80, 0x000001bc65f8f1c0, 0x000001bc65f8e820,
0x000001bc6620a220, 0x000001bc6620ba30, 0x000001bc6620bf00, 0x000001bc66208540,
0x000001bc662093b0, 0x000001bc66209d50, 0x000001bc6620c3d0, 0x000001bc66208a10,
0x000001bc6620c8a0, 0x000001bc66208ee0, 0x000001bc6620b560, 0x000001bc6620a6f0,
0x000001bc6620d240, 0x000001bc6620cd70, 0x000001bc6620abc0, 0x000001bc66209880,
0x000001bc6620e580, 0x000001bc6620d710, 0x000001bc6620dbe0, 0x000001bc6620ea50,
0x000001bc6620e0b0, 0x000001bc6620b090, 0x000001bc6620ef20, 0x000001bc6620f8c0,
0x000001bc6620f3f0, 0x000001bc658a3dc0, 0x000001bc65997df0, 0x000001bc658a3420,
0x000001bc65998810
}

Java Threads: ( => current thread )
  0x000001bc4353ccc0 JavaThread "main" [_thread_blocked, id=22392, stack(0x000000af48100000,0x000000af48200000)]
  0x000001bc6085b750 JavaThread "Reference Handler" daemon [_thread_blocked, id=8788, stack(0x000000af48800000,0x000000af48900000)]
  0x000001bc6085c5c0 JavaThread "Finalizer" daemon [_thread_blocked, id=9944, stack(0x000000af48900000,0x000000af48a00000)]
  0x000001bc60886290 JavaThread "Signal Dispatcher" daemon [_thread_blocked, id=16312, stack(0x000000af48a00000,0x000000af48b00000)]
  0x000001bc608b9030 JavaThread "Attach Listener" daemon [_thread_blocked, id=21664, stack(0x000000af48b00000,0x000000af48c00000)]
  0x000001bc608b9500 JavaThread "Service Thread" daemon [_thread_blocked, id=13492, stack(0x000000af48c00000,0x000000af48d00000)]
  0x000001bc608bd9e0 JavaThread "Monitor Deflation Thread" daemon [_thread_blocked, id=3104, stack(0x000000af48d00000,0x000000af48e00000)]
  0x000001bc608c49a0 JavaThread "C2 CompilerThread0" daemon [_thread_blocked, id=13940, stack(0x000000af48e00000,0x000000af48f00000)]
  0x000001bc608e5660 JavaThread "C1 CompilerThread0" daemon [_thread_blocked, id=15856, stack(0x000000af48f00000,0x000000af49000000)]
  0x000001bc608ea1a0 JavaThread "Sweeper thread" daemon [_thread_blocked, id=11940, stack(0x000000af49000000,0x000000af49100000)]
  0x000001bc60a44480 JavaThread "C1 CompilerThread1" daemon [_thread_blocked, id=10864, stack(0x000000af49100000,0x000000af49200000)]
  0x000001bc60a44990 JavaThread "C1 CompilerThread2" daemon [_thread_blocked, id=6884, stack(0x000000af49200000,0x000000af49300000)]
  0x000001bc60a91750 JavaThread "Common-Cleaner" daemon [_thread_blocked, id=21116, stack(0x000000af49300000,0x000000af49400000)]
  0x000001bc60a93c40 JavaThread "Notification Thread" daemon [_thread_blocked, id=16884, stack(0x000000af49400000,0x000000af49500000)]
  0x000001bc60bfe950 JavaThread "C2 CompilerThread1" daemon [_thread_blocked, id=5376, stack(0x000000af49600000,0x000000af49700000)]
  0x000001bc621e8c00 JavaThread "C1 CompilerThread3" daemon [_thread_blocked, id=1936, stack(0x000000af49e00000,0x000000af49f00000)]
  0x000001bc62019cd0 JavaThread "Daemon health stats" [_thread_blocked, id=18108, stack(0x000000af49f00000,0x000000af4a000000)]
  0x000001bc62e4c0e0 JavaThread "Incoming local TCP Connector on port 51003" [_thread_in_native, id=15620, stack(0x000000af4a000000,0x000000af4a100000)]
  0x000001bc63747e90 JavaThread "Daemon periodic checks" [_thread_blocked, id=4476, stack(0x000000af4a100000,0x000000af4a200000)]
  0x000001bc61f66650 JavaThread "Daemon" [_thread_blocked, id=10484, stack(0x000000af4a200000,0x000000af4a300000)]
  0x000001bc63f7b030 JavaThread "Handler for socket connection from /127.0.0.1:51003 to /127.0.0.1:51004" [_thread_in_native, id=20972, stack(0x000000af4a300000,0x000000af4a400000)]
  0x000001bc61c633d0 JavaThread "Cancel handler" [_thread_blocked, id=5288, stack(0x000000af4a400000,0x000000af4a500000)]
  0x000001bc61c638a0 JavaThread "Daemon worker" [_thread_blocked, id=2772, stack(0x000000af4a500000,0x000000af4a600000)]
  0x000001bc61f19120 JavaThread "Asynchronous log dispatcher for DefaultDaemonConnection: socket connection from /127.0.0.1:51003 to /127.0.0.1:51004" [_thread_blocked, id=21872, stack(0x000000af4a600000,0x000000af4a700000)]
  0x000001bc61f195f0 JavaThread "Stdin handler" [_thread_blocked, id=2328, stack(0x000000af4a700000,0x000000af4a800000)]
  0x000001bc62cd3030 JavaThread "Daemon client event forwarder" [_thread_blocked, id=13744, stack(0x000000af4a800000,0x000000af4a900000)]
  0x000001bc63553b30 JavaThread "Cache worker for journal cache (C:\Users\shuik\Desktop\Android Studio\Sdk\caches\journal-1)" [_thread_blocked, id=20176, stack(0x000000af49700000,0x000000af49800000)]
  0x000001bc63554e70 JavaThread "File lock request listener" [_thread_in_native, id=3244, stack(0x000000af4b100000,0x000000af4b200000)]
  0x000001bc63555340 JavaThread "Cache worker for file hash cache (C:\Users\shuik\Desktop\Android Studio\Sdk\caches\8.0\fileHashes)" [_thread_blocked, id=14816, stack(0x000000af4b200000,0x000000af4b300000)]
  0x000001bc63555810 JavaThread "File watcher server" daemon [_thread_in_native, id=21696, stack(0x000000af4b400000,0x000000af4b500000)]
  0x000001bc63554000 JavaThread "File watcher consumer" daemon [_thread_blocked, id=15104, stack(0x000000af4b500000,0x000000af4b600000)]
  0x000001bc63553190 JavaThread "Cache worker for checksums cache (C:\Users\shuik\Documents\GitHub\Ovulitos\Android_Ovulitos\.gradle\8.0\checksums)" [_thread_blocked, id=11276, stack(0x000000af4b600000,0x000000af4b700000)]
  0x000001bc63555ce0 JavaThread "Cache worker for cache directory md-rule (C:\Users\shuik\Desktop\Android Studio\Sdk\caches\8.0\md-rule)" [_thread_blocked, id=1304, stack(0x000000af4b700000,0x000000af4b800000)]
  0x000001bc635561b0 JavaThread "Cache worker for file content cache (C:\Users\shuik\Desktop\Android Studio\Sdk\caches\8.0\fileContent)" [_thread_blocked, id=4000, stack(0x000000af4b800000,0x000000af4b900000)]
  0x000001bc635544d0 JavaThread "Cache worker for file hash cache (C:\Users\shuik\Documents\GitHub\Ovulitos\Android_Ovulitos\.gradle\8.0\fileHashes)" [_thread_blocked, id=16744, stack(0x000000af4b900000,0x000000af4ba00000)]
  0x000001bc635527f0 JavaThread "Cache worker for cache directory md-supplier (C:\Users\shuik\Desktop\Android Studio\Sdk\caches\8.0\md-supplier)" [_thread_blocked, id=1892, stack(0x000000af4ba00000,0x000000af4bb00000)]
  0x000001bc663674e0 JavaThread "Cache worker for execution history cache (C:\Users\shuik\Desktop\Android Studio\Sdk\caches\8.0\executionHistory)" [_thread_blocked, id=3236, stack(0x000000af4bb00000,0x000000af4bc00000)]
  0x000001bc663679b0 JavaThread "jar transforms" [_thread_blocked, id=17248, stack(0x000000af4bc00000,0x000000af4bd00000)]
  0x000001bc66368350 JavaThread "jar transforms Thread 2" [_thread_blocked, id=21240, stack(0x000000af4bd00000,0x000000af4be00000)]
  0x000001bc66366670 JavaThread "Cache worker for kotlin-dsl (C:\Users\shuik\Desktop\Android Studio\Sdk\caches\8.0\kotlin-dsl)" [_thread_blocked, id=6084, stack(0x000000af4c100000,0x000000af4c200000)]
  0x000001bc66364e60 JavaThread "jar transforms Thread 3" [_thread_blocked, id=16928, stack(0x000000af4c200000,0x000000af4c300000)]
  0x000001bc63a9e1d0 JavaThread "jar transforms Thread 4" [_thread_blocked, id=14532, stack(0x000000af4c300000,0x000000af4c400000)]
  0x000001bc63a9e6a0 JavaThread "Cache worker for dependencies-accessors (C:\Users\shuik\Documents\GitHub\Ovulitos\Android_Ovulitos\.gradle\8.0\dependencies-accessors)" [_thread_blocked, id=17484, stack(0x000000af4c400000,0x000000af4c500000)]
  0x000001bc63a9f040 JavaThread "Cache worker for Build Output Cleanup Cache (C:\Users\shuik\Documents\GitHub\Ovulitos\Android_Ovulitos\.gradle\buildOutputCleanup)" [_thread_blocked, id=20448, stack(0x000000af4bf00000,0x000000af4c000000)]
  0x000001bc63aa0850 JavaThread "jar transforms Thread 5" [_thread_blocked, id=21544, stack(0x000000af4c000000,0x000000af4c100000)]
  0x000001bc63a9eb70 JavaThread "Unconstrained build operations" [_thread_blocked, id=19288, stack(0x000000af4c500000,0x000000af4c600000)]
  0x000001bc63a9f510 JavaThread "Unconstrained build operations Thread 2" [_thread_blocked, id=19576, stack(0x000000af4c600000,0x000000af4c700000)]
  0x000001bc63a9d830 JavaThread "Unconstrained build operations Thread 3" [_thread_blocked, id=12476, stack(0x000000af4c800000,0x000000af4c900000)]
  0x000001bc63a9dd00 JavaThread "Unconstrained build operations Thread 4" [_thread_blocked, id=15764, stack(0x000000af4c900000,0x000000af4ca00000)]
  0x000001bc63a9f9e0 JavaThread "Unconstrained build operations Thread 5" [_thread_blocked, id=11700, stack(0x000000af4ca00000,0x000000af4cb00000)]
  0x000001bc63a9feb0 JavaThread "Unconstrained build operations Thread 6" [_thread_blocked, id=1716, stack(0x000000af4cb00000,0x000000af4cc00000)]
  0x000001bc63aa0380 JavaThread "Unconstrained build operations Thread 7" [_thread_blocked, id=848, stack(0x000000af4cc00000,0x000000af4cd00000)]
  0x000001bc665afea0 JavaThread "Unconstrained build operations Thread 8" [_thread_blocked, id=19476, stack(0x000000af4cd00000,0x000000af4ce00000)]
  0x000001bc665af9d0 JavaThread "Unconstrained build operations Thread 9" [_thread_blocked, id=4536, stack(0x000000af4ce00000,0x000000af4cf00000)]
  0x000001bc665af500 JavaThread "Unconstrained build operations Thread 10" [_thread_blocked, id=10548, stack(0x000000af4cf00000,0x000000af4d000000)]
  0x000001bc665b0370 JavaThread "Unconstrained build operations Thread 11" [_thread_blocked, id=23328, stack(0x000000af4d000000,0x000000af4d100000)]
  0x000001bc665b0840 JavaThread "Unconstrained build operations Thread 12" [_thread_blocked, id=8308, stack(0x000000af4d100000,0x000000af4d200000)]
  0x000001bc665ae690 JavaThread "Unconstrained build operations Thread 13" [_thread_blocked, id=19872, stack(0x000000af4d200000,0x000000af4d300000)]
  0x000001bc665b0d10 JavaThread "Unconstrained build operations Thread 14" [_thread_blocked, id=16924, stack(0x000000af4d300000,0x000000af4d400000)]
  0x000001bc665b11e0 JavaThread "Unconstrained build operations Thread 15" [_thread_blocked, id=15496, stack(0x000000af4d400000,0x000000af4d500000)]
  0x000001bc665b16b0 JavaThread "Unconstrained build operations Thread 16" [_thread_blocked, id=18136, stack(0x000000af4d500000,0x000000af4d600000)]
  0x000001bc665af030 JavaThread "Unconstrained build operations Thread 17" [_thread_blocked, id=5324, stack(0x000000af4d600000,0x000000af4d700000)]
  0x000001bc665adcf0 JavaThread "Unconstrained build operations Thread 18" [_thread_blocked, id=8448, stack(0x000000af4d700000,0x000000af4d800000)]
  0x000001bc665b1b80 JavaThread "Unconstrained build operations Thread 19" [_thread_blocked, id=14312, stack(0x000000af4d800000,0x000000af4d900000)]
  0x000001bc665aeb60 JavaThread "Unconstrained build operations Thread 20" [_thread_blocked, id=1316, stack(0x000000af4d900000,0x000000af4da00000)]
  0x000001bc665ae1c0 JavaThread "Unconstrained build operations Thread 21" [_thread_blocked, id=18472, stack(0x000000af4da00000,0x000000af4db00000)]
  0x000001bc665b3860 JavaThread "Unconstrained build operations Thread 22" [_thread_blocked, id=17788, stack(0x000000af4db00000,0x000000af4dc00000)]
  0x000001bc665b2050 JavaThread "Unconstrained build operations Thread 23" [_thread_blocked, id=15608, stack(0x000000af4dc00000,0x000000af4dd00000)]
  0x000001bc665b2520 JavaThread "Unconstrained build operations Thread 24" [_thread_blocked, id=4472, stack(0x000000af4dd00000,0x000000af4de00000)]
  0x000001bc665b3d30 JavaThread "Unconstrained build operations Thread 25" [_thread_blocked, id=19140, stack(0x000000af4de00000,0x000000af4df00000)]
  0x000001bc665b29f0 JavaThread "Unconstrained build operations Thread 26" [_thread_blocked, id=20980, stack(0x000000af4df00000,0x000000af4e000000)]
  0x000001bc665b5070 JavaThread "Unconstrained build operations Thread 27" [_thread_blocked, id=11140, stack(0x000000af4e000000,0x000000af4e100000)]
  0x000001bc665b4200 JavaThread "Unconstrained build operations Thread 28" [_thread_blocked, id=12396, stack(0x000000af4e100000,0x000000af4e200000)]
  0x000001bc665b46d0 JavaThread "Unconstrained build operations Thread 29" [_thread_blocked, id=2028, stack(0x000000af4e200000,0x000000af4e300000)]
  0x000001bc665b2ec0 JavaThread "Unconstrained build operations Thread 30" [_thread_blocked, id=10776, stack(0x000000af4e300000,0x000000af4e400000)]
  0x000001bc665b3390 JavaThread "Unconstrained build operations Thread 31" [_thread_blocked, id=23152, stack(0x000000af4e400000,0x000000af4e500000)]
  0x000001bc665b4ba0 JavaThread "Unconstrained build operations Thread 32" [_thread_blocked, id=7300, stack(0x000000af4e500000,0x000000af4e600000)]
  0x000001bc665b5540 JavaThread "Unconstrained build operations Thread 33" [_thread_blocked, id=15304, stack(0x000000af4e600000,0x000000af4e700000)]
  0x000001bc614540a0 JavaThread "Unconstrained build operations Thread 34" [_thread_blocked, id=17648, stack(0x000000af4e700000,0x000000af4e800000)]
  0x000001bc61451080 JavaThread "Unconstrained build operations Thread 35" [_thread_blocked, id=15420, stack(0x000000af4e800000,0x000000af4e900000)]
  0x000001bc614506e0 JavaThread "Unconstrained build operations Thread 36" [_thread_blocked, id=11548, stack(0x000000af4e900000,0x000000af4ea00000)]
  0x000001bc61451ef0 JavaThread "Unconstrained build operations Thread 37" [_thread_blocked, id=14436, stack(0x000000af4ea00000,0x000000af4eb00000)]
  0x000001bc61452d60 JavaThread "Unconstrained build operations Thread 38" [_thread_blocked, id=22120, stack(0x000000af4eb00000,0x000000af4ec00000)]
  0x000001bc61451a20 JavaThread "Unconstrained build operations Thread 39" [_thread_blocked, id=21096, stack(0x000000af4ec00000,0x000000af4ed00000)]
  0x000001bc61451550 JavaThread "Unconstrained build operations Thread 40" [_thread_blocked, id=7432, stack(0x000000af4ed00000,0x000000af4ee00000)]
  0x000001bc614523c0 JavaThread "Unconstrained build operations Thread 41" [_thread_blocked, id=22712, stack(0x000000af4ee00000,0x000000af4ef00000)]
  0x000001bc61450bb0 JavaThread "Unconstrained build operations Thread 42" [_thread_blocked, id=8808, stack(0x000000af4ef00000,0x000000af4f000000)]
  0x000001bc61453230 JavaThread "Unconstrained build operations Thread 43" [_thread_blocked, id=10784, stack(0x000000af4f000000,0x000000af4f100000)]
  0x000001bc614558b0 JavaThread "Unconstrained build operations Thread 44" [_thread_blocked, id=10648, stack(0x000000af4f100000,0x000000af4f200000)]
  0x000001bc61453bd0 JavaThread "Unconstrained build operations Thread 45" [_thread_blocked, id=15212, stack(0x000000af4f200000,0x000000af4f300000)]
  0x000001bc61452890 JavaThread "Unconstrained build operations Thread 46" [_thread_blocked, id=5464, stack(0x000000af4f300000,0x000000af4f400000)]
  0x000001bc61453700 JavaThread "Unconstrained build operations Thread 47" [_thread_blocked, id=8724, stack(0x000000af4f400000,0x000000af4f500000)]
  0x000001bc61457f30 JavaThread "Unconstrained build operations Thread 48" [_thread_blocked, id=21572, stack(0x000000af4f500000,0x000000af4f600000)]
  0x000001bc61457a60 JavaThread "Unconstrained build operations Thread 49" [_thread_blocked, id=7436, stack(0x000000af4f600000,0x000000af4f700000)]
  0x000001bc61456250 JavaThread "Unconstrained build operations Thread 50" [_thread_blocked, id=13504, stack(0x000000af4f700000,0x000000af4f800000)]
  0x000001bc61456720 JavaThread "Unconstrained build operations Thread 51" [_thread_blocked, id=20208, stack(0x000000af4f800000,0x000000af4f900000)]
  0x000001bc61456bf0 JavaThread "Unconstrained build operations Thread 52" [_thread_blocked, id=22324, stack(0x000000af4f900000,0x000000af4fa00000)]
  0x000001bc61454570 JavaThread "Unconstrained build operations Thread 53" [_thread_blocked, id=3180, stack(0x000000af4fa00000,0x000000af4fb00000)]
  0x000001bc614570c0 JavaThread "Unconstrained build operations Thread 54" [_thread_blocked, id=15964, stack(0x000000af4fb00000,0x000000af4fc00000)]
  0x000001bc61454a40 JavaThread "Unconstrained build operations Thread 55" [_thread_blocked, id=7840, stack(0x000000af4fc00000,0x000000af4fd00000)]
  0x000001bc61454f10 JavaThread "Unconstrained build operations Thread 56" [_thread_blocked, id=8444, stack(0x000000af4fd00000,0x000000af4fe00000)]
  0x000001bc61455d80 JavaThread "Unconstrained build operations Thread 57" [_thread_blocked, id=16016, stack(0x000000af4fe00000,0x000000af4ff00000)]
  0x000001bc614553e0 JavaThread "Unconstrained build operations Thread 58" [_thread_blocked, id=12576, stack(0x000000af4ff00000,0x000000af50000000)]
  0x000001bc61457590 JavaThread "Unconstrained build operations Thread 59" [_thread_blocked, id=15284, stack(0x000000af50000000,0x000000af50100000)]
  0x000001bc62236520 JavaThread "Unconstrained build operations Thread 60" [_thread_blocked, id=11376, stack(0x000000af50100000,0x000000af50200000)]
  0x000001bc62234370 JavaThread "Unconstrained build operations Thread 61" [_thread_blocked, id=11836, stack(0x000000af50200000,0x000000af50300000)]
  0x000001bc622356b0 JavaThread "Unconstrained build operations Thread 62" [_thread_blocked, id=8428, stack(0x000000af50300000,0x000000af50400000)]
  0x000001bc62236ec0 JavaThread "Unconstrained build operations Thread 63" [_thread_blocked, id=14936, stack(0x000000af50400000,0x000000af50500000)]
  0x000001bc62235b80 JavaThread "Unconstrained build operations Thread 64" [_thread_blocked, id=7772, stack(0x000000af50500000,0x000000af50600000)]
  0x000001bc622351e0 JavaThread "Unconstrained build operations Thread 65" [_thread_blocked, id=15752, stack(0x000000af50600000,0x000000af50700000)]
  0x000001bc622369f0 JavaThread "Unconstrained build operations Thread 66" [_thread_blocked, id=11028, stack(0x000000af50700000,0x000000af50800000)]
  0x000001bc62238200 JavaThread "Unconstrained build operations Thread 67" [_thread_blocked, id=21012, stack(0x000000af50800000,0x000000af50900000)]
  0x000001bc62236050 JavaThread "Unconstrained build operations Thread 68" [_thread_blocked, id=10448, stack(0x000000af50900000,0x000000af50a00000)]
  0x000001bc62237d30 JavaThread "Unconstrained build operations Thread 69" [_thread_blocked, id=20160, stack(0x000000af50a00000,0x000000af50b00000)]
  0x000001bc62234840 JavaThread "Unconstrained build operations Thread 70" [_thread_blocked, id=21284, stack(0x000000af50b00000,0x000000af50c00000)]
  0x000001bc62237390 JavaThread "Unconstrained build operations Thread 71" [_thread_blocked, id=12444, stack(0x000000af50c00000,0x000000af50d00000)]
  0x000001bc62237860 JavaThread "Unconstrained build operations Thread 72" [_thread_blocked, id=17508, stack(0x000000af50d00000,0x000000af50e00000)]
  0x000001bc622386d0 JavaThread "Unconstrained build operations Thread 73" [_thread_blocked, id=10788, stack(0x000000af50e00000,0x000000af50f00000)]
  0x000001bc62234d10 JavaThread "Unconstrained build operations Thread 74" [_thread_blocked, id=16752, stack(0x000000af50f00000,0x000000af51000000)]
  0x000001bc62239a10 JavaThread "Unconstrained build operations Thread 75" [_thread_blocked, id=20436, stack(0x000000af51000000,0x000000af51100000)]
  0x000001bc62238ba0 JavaThread "Unconstrained build operations Thread 76" [_thread_blocked, id=15692, stack(0x000000af51100000,0x000000af51200000)]
  0x000001bc62239070 JavaThread "Unconstrained build operations Thread 77" [_thread_blocked, id=3420, stack(0x000000af51200000,0x000000af51300000)]
  0x000001bc6223a3b0 JavaThread "Unconstrained build operations Thread 78" [_thread_blocked, id=15928, stack(0x000000af51300000,0x000000af51400000)]
  0x000001bc62239540 JavaThread "Unconstrained build operations Thread 79" [_thread_blocked, id=20652, stack(0x000000af51400000,0x000000af51500000)]
  0x000001bc62239ee0 JavaThread "Unconstrained build operations Thread 80" [_thread_blocked, id=19280, stack(0x000000af51500000,0x000000af51600000)]
  0x000001bc6223b6f0 JavaThread "Unconstrained build operations Thread 81" [_thread_blocked, id=5364, stack(0x000000af51600000,0x000000af51700000)]
  0x000001bc6223a880 JavaThread "Unconstrained build operations Thread 82" [_thread_blocked, id=15976, stack(0x000000af51700000,0x000000af51800000)]
  0x000001bc6223ad50 JavaThread "Unconstrained build operations Thread 83" [_thread_blocked, id=13812, stack(0x000000af51800000,0x000000af51900000)]
  0x000001bc6223b220 JavaThread "Unconstrained build operations Thread 84" [_thread_blocked, id=12380, stack(0x000000af51900000,0x000000af51a00000)]
  0x000001bc6223bbc0 JavaThread "Unconstrained build operations Thread 85" [_thread_blocked, id=14944, stack(0x000000af51a00000,0x000000af51b00000)]
  0x000001bc65f8cb40 JavaThread "Unconstrained build operations Thread 86" [_thread_blocked, id=13256, stack(0x000000af51b00000,0x000000af51c00000)]
  0x000001bc65f8b330 JavaThread "Unconstrained build operations Thread 87" [_thread_blocked, id=23284, stack(0x000000af51c00000,0x000000af51d00000)]
  0x000001bc65f89ff0 JavaThread "Unconstrained build operations Thread 88" [_thread_blocked, id=18600, stack(0x000000af51d00000,0x000000af51e00000)]
  0x000001bc65f89180 JavaThread "Unconstrained build operations Thread 89" [_thread_blocked, id=5080, stack(0x000000af51e00000,0x000000af51f00000)]
  0x000001bc65f8b800 JavaThread "Unconstrained build operations Thread 90" [_thread_blocked, id=10168, stack(0x000000af51f00000,0x000000af52000000)]
  0x000001bc65f8bcd0 JavaThread "Unconstrained build operations Thread 91" [_thread_blocked, id=7688, stack(0x000000af52000000,0x000000af52100000)]
  0x000001bc65f8c1a0 JavaThread "Unconstrained build operations Thread 92" [_thread_blocked, id=2336, stack(0x000000af52100000,0x000000af52200000)]
  0x000001bc65f8a990 JavaThread "Unconstrained build operations Thread 93" [_thread_blocked, id=20148, stack(0x000000af52200000,0x000000af52300000)]
  0x000001bc65f8c670 JavaThread "Unconstrained build operations Thread 94" [_thread_blocked, id=21728, stack(0x000000af52300000,0x000000af52400000)]
  0x000001bc65f89b20 JavaThread "Unconstrained build operations Thread 95" [_thread_blocked, id=9456, stack(0x000000af52400000,0x000000af52500000)]
  0x000001bc65f8ae60 JavaThread "Unconstrained build operations Thread 96" [_thread_blocked, id=8688, stack(0x000000af52500000,0x000000af52600000)]
  0x000001bc65f8d010 JavaThread "Unconstrained build operations Thread 97" [_thread_blocked, id=3272, stack(0x000000af52600000,0x000000af52700000)]
  0x000001bc65f8a4c0 JavaThread "Unconstrained build operations Thread 98" [_thread_blocked, id=18632, stack(0x000000af52700000,0x000000af52800000)]
  0x000001bc65f8fb60 JavaThread "Unconstrained build operations Thread 99" [_thread_blocked, id=14248, stack(0x000000af52800000,0x000000af52900000)]
  0x000001bc65f89650 JavaThread "Unconstrained build operations Thread 100" [_thread_blocked, id=22964, stack(0x000000af52900000,0x000000af52a00000)]
  0x000001bc65f909d0 JavaThread "Unconstrained build operations Thread 101" [_thread_blocked, id=10996, stack(0x000000af52a00000,0x000000af52b00000)]
  0x000001bc65f8f690 JavaThread "Unconstrained build operations Thread 102" [_thread_blocked, id=23092, stack(0x000000af52b00000,0x000000af52c00000)]
  0x000001bc65f90030 JavaThread "Unconstrained build operations Thread 103" [_thread_blocked, id=23344, stack(0x000000af52c00000,0x000000af52d00000)]
  0x000001bc65f90500 JavaThread "Unconstrained build operations Thread 104" [_thread_blocked, id=20592, stack(0x000000af52d00000,0x000000af52e00000)]
  0x000001bc65f8ecf0 JavaThread "Unconstrained build operations Thread 105" [_thread_blocked, id=20276, stack(0x000000af52e00000,0x000000af52f00000)]
  0x000001bc65f8d9b0 JavaThread "Unconstrained build operations Thread 106" [_thread_blocked, id=2284, stack(0x000000af52f00000,0x000000af53000000)]
  0x000001bc65f8e350 JavaThread "Unconstrained build operations Thread 107" [_thread_blocked, id=7080, stack(0x000000af53000000,0x000000af53100000)]
  0x000001bc65f8d4e0 JavaThread "Unconstrained build operations Thread 108" [_thread_blocked, id=14580, stack(0x000000af53100000,0x000000af53200000)]
  0x000001bc65f8de80 JavaThread "Unconstrained build operations Thread 109" [_thread_blocked, id=10472, stack(0x000000af53200000,0x000000af53300000)]
  0x000001bc65f8f1c0 JavaThread "Unconstrained build operations Thread 110" [_thread_blocked, id=11448, stack(0x000000af53300000,0x000000af53400000)]
  0x000001bc65f8e820 JavaThread "Unconstrained build operations Thread 111" [_thread_blocked, id=18028, stack(0x000000af53400000,0x000000af53500000)]
  0x000001bc6620a220 JavaThread "Unconstrained build operations Thread 112" [_thread_blocked, id=20020, stack(0x000000af53500000,0x000000af53600000)]
  0x000001bc6620ba30 JavaThread "Unconstrained build operations Thread 113" [_thread_blocked, id=756, stack(0x000000af53600000,0x000000af53700000)]
  0x000001bc6620bf00 JavaThread "Unconstrained build operations Thread 114" [_thread_blocked, id=688, stack(0x000000af53700000,0x000000af53800000)]
  0x000001bc66208540 JavaThread "Unconstrained build operations Thread 115" [_thread_blocked, id=20996, stack(0x000000af53800000,0x000000af53900000)]
  0x000001bc662093b0 JavaThread "Unconstrained build operations Thread 116" [_thread_blocked, id=20180, stack(0x000000af53900000,0x000000af53a00000)]
  0x000001bc66209d50 JavaThread "Unconstrained build operations Thread 117" [_thread_blocked, id=19484, stack(0x000000af53a00000,0x000000af53b00000)]
  0x000001bc6620c3d0 JavaThread "Unconstrained build operations Thread 118" [_thread_blocked, id=11624, stack(0x000000af53b00000,0x000000af53c00000)]
  0x000001bc66208a10 JavaThread "Unconstrained build operations Thread 119" [_thread_blocked, id=17132, stack(0x000000af53c00000,0x000000af53d00000)]
  0x000001bc6620c8a0 JavaThread "Unconstrained build operations Thread 120" [_thread_blocked, id=10444, stack(0x000000af53d00000,0x000000af53e00000)]
  0x000001bc66208ee0 JavaThread "Unconstrained build operations Thread 121" [_thread_blocked, id=18412, stack(0x000000af53e00000,0x000000af53f00000)]
  0x000001bc6620b560 JavaThread "Unconstrained build operations Thread 122" [_thread_blocked, id=21500, stack(0x000000af53f00000,0x000000af54000000)]
  0x000001bc6620a6f0 JavaThread "Unconstrained build operations Thread 123" [_thread_blocked, id=18740, stack(0x000000af54000000,0x000000af54100000)]
  0x000001bc6620d240 JavaThread "Unconstrained build operations Thread 124" [_thread_blocked, id=15292, stack(0x000000af54100000,0x000000af54200000)]
  0x000001bc6620cd70 JavaThread "Unconstrained build operations Thread 125" [_thread_blocked, id=20596, stack(0x000000af54200000,0x000000af54300000)]
  0x000001bc6620abc0 JavaThread "jar transforms Thread 6" [_thread_blocked, id=1584, stack(0x000000af54300000,0x000000af54400000)]
  0x000001bc66209880 JavaThread "jar transforms Thread 7" [_thread_blocked, id=8024, stack(0x000000af54400000,0x000000af54500000)]
  0x000001bc6620e580 JavaThread "jar transforms Thread 8" [_thread_blocked, id=10296, stack(0x000000af54500000,0x000000af54600000)]
  0x000001bc6620d710 JavaThread "jar transforms Thread 9" [_thread_blocked, id=3188, stack(0x000000af54600000,0x000000af54700000)]
  0x000001bc6620dbe0 JavaThread "jar transforms Thread 10" [_thread_blocked, id=15864, stack(0x000000af54700000,0x000000af54800000)]
  0x000001bc6620ea50 JavaThread "jar transforms Thread 11" [_thread_blocked, id=9428, stack(0x000000af54800000,0x000000af54900000)]
  0x000001bc6620e0b0 JavaThread "jar transforms Thread 12" [_thread_blocked, id=9372, stack(0x000000af54900000,0x000000af54a00000)]
  0x000001bc6620b090 JavaThread "jar transforms Thread 13" [_thread_blocked, id=5512, stack(0x000000af54a00000,0x000000af54b00000)]
  0x000001bc6620ef20 JavaThread "jar transforms Thread 14" [_thread_blocked, id=5740, stack(0x000000af54b00000,0x000000af54c00000)]
  0x000001bc6620f8c0 JavaThread "jar transforms Thread 15" [_thread_blocked, id=4388, stack(0x000000af54c00000,0x000000af54d00000)]
  0x000001bc6620f3f0 JavaThread "jar transforms Thread 16" [_thread_blocked, id=13668, stack(0x000000af54d00000,0x000000af54e00000)]
  0x000001bc658a3dc0 JavaThread "build event listener" [_thread_blocked, id=11008, stack(0x000000af4b300000,0x000000af4b400000)]
  0x000001bc65997df0 JavaThread "C2 CompilerThread2" daemon [_thread_blocked, id=5056, stack(0x000000af4be00000,0x000000af4bf00000)]
  0x000001bc658a3420 JavaThread "Memory manager" [_thread_blocked, id=6404, stack(0x000000af54e00000,0x000000af54f00000)]
  0x000001bc65998810 JavaThread "C2 CompilerThread3" daemon [_thread_blocked, id=16988, stack(0x000000af54f00000,0x000000af55000000)]

Other Threads:
=>0x000001bc60878010 VMThread "VM Thread" [stack: 0x000000af48700000,0x000000af48800000] [id=8256]
  0x000001bc6098b390 WatcherThread [stack: 0x000000af49500000,0x000000af49600000] [id=10268]
  0x000001bc4359dc20 GCTaskThread "GC Thread#0" [stack: 0x000000af48200000,0x000000af48300000] [id=11372]
  0x000001bc61df2170 GCTaskThread "GC Thread#1" [stack: 0x000000af49900000,0x000000af49a00000] [id=14432]
  0x000001bc61b11bf0 GCTaskThread "GC Thread#2" [stack: 0x000000af49a00000,0x000000af49b00000] [id=11808]
  0x000001bc61b122a0 GCTaskThread "GC Thread#3" [stack: 0x000000af49b00000,0x000000af49c00000] [id=9640]
  0x000001bc61acc7f0 GCTaskThread "GC Thread#4" [stack: 0x000000af49c00000,0x000000af49d00000] [id=22536]
  0x000001bc61d9e880 GCTaskThread "GC Thread#5" [stack: 0x000000af49d00000,0x000000af49e00000] [id=12708]
  0x000001bc635577c0 GCTaskThread "GC Thread#6" [stack: 0x000000af49800000,0x000000af49900000] [id=18212]
  0x000001bc63557a70 GCTaskThread "GC Thread#7" [stack: 0x000000af4a900000,0x000000af4aa00000] [id=18304]
  0x000001bc63557d20 GCTaskThread "GC Thread#8" [stack: 0x000000af4aa00000,0x000000af4ab00000] [id=20428]
  0x000001bc63557fd0 GCTaskThread "GC Thread#9" [stack: 0x000000af4ab00000,0x000000af4ac00000] [id=19004]
  0x000001bc62336ce0 GCTaskThread "GC Thread#10" [stack: 0x000000af4ac00000,0x000000af4ad00000] [id=22976]
  0x000001bc623377a0 GCTaskThread "GC Thread#11" [stack: 0x000000af4ad00000,0x000000af4ae00000] [id=21028]
  0x000001bc62337240 GCTaskThread "GC Thread#12" [stack: 0x000000af4ae00000,0x000000af4af00000] [id=1848]
  0x000001bc435aea70 ConcurrentGCThread "G1 Main Marker" [stack: 0x000000af48300000,0x000000af48400000] [id=19104]
  0x000001bc435b0060 ConcurrentGCThread "G1 Conc#0" [stack: 0x000000af48400000,0x000000af48500000] [id=11868]
  0x000001bc623374f0 ConcurrentGCThread "G1 Conc#1" [stack: 0x000000af4af00000,0x000000af4b000000] [id=6088]
  0x000001bc62336f90 ConcurrentGCThread "G1 Conc#2" [stack: 0x000000af4b000000,0x000000af4b100000] [id=19896]
  0x000001bc5fa15cc0 ConcurrentGCThread "G1 Refine#0" [stack: 0x000000af48500000,0x000000af48600000] [id=1660]
  0x000001bc5fa170b0 ConcurrentGCThread "G1 Service" [stack: 0x000000af48600000,0x000000af48700000] [id=1844]

Threads with active compile tasks:
C2 CompilerThread0    10814 7369 % !   4       java.util.jar.Attributes::read @ 214 (494 bytes)
C2 CompilerThread1    10814 7439       4       java.math.BigInteger::shiftLeftImplWorker (43 bytes)
C2 CompilerThread2    10814 7423 %     4       java.math.BigInteger::implSquareToLen @ 9 (154 bytes)
C2 CompilerThread3    10814 7424       4       java.math.BigInteger::montReduce (99 bytes)

VM state: at safepoint (normal execution)

VM Mutex/Monitor currently owned by a thread:  ([mutex/lock_event])
[0x000001bc43148b80] Threads_lock - owner thread: 0x000001bc60878010
[0x000001bc4353b100] Heap_lock - owner thread: 0x000001bc61c638a0

Heap address: 0x0000000080000000, size: 2048 MB, Compressed Oops mode: 32-bit

CDS archive(s) not mapped
Compressed class space mapped at: 0x0000000100000000-0x0000000140000000, reserved size: 1073741824
Narrow klass base: 0x0000000000000000, Narrow klass shift: 3, Narrow klass range: 0x140000000

GC Precious Log:
 CPUs: 16 total, 16 available
 Memory: 16085M
 Large Page Support: Disabled
 NUMA Support: Disabled
 Compressed Oops: Enabled (32-bit)
 Heap Region Size: 1M
 Heap Min Capacity: 8M
 Heap Initial Capacity: 252M
 Heap Max Capacity: 2G
 Pre-touch: Disabled
 Parallel Workers: 13
 Concurrent Workers: 3
 Concurrent Refinement Workers: 13
 Periodic GC: Disabled

Heap:
 garbage-first heap   total 258048K, used 57650K [0x0000000080000000, 0x0000000100000000)
  region size 1024K, 4 young (4096K), 4 survivors (4096K)
 Metaspace       used 71105K, committed 71680K, reserved 1114112K
  class space    used 9340K, committed 9664K, reserved 1048576K

Heap Regions: E=young(eden), S=young(survivor), O=old, HS=humongous(starts), HC=humongous(continues), CS=collection set, F=free, OA=open archive, CA=closed archive, TAMS=top-at-mark-start (previous, next)
|   0|0x0000000080000000, 0x0000000080100000, 0x0000000080100000|100%|HS|  |TAMS 0x0000000080100000, 0x0000000080100000| Complete 
|   1|0x0000000080100000, 0x0000000080200000, 0x0000000080200000|100%|HC|  |TAMS 0x0000000080200000, 0x0000000080200000| Complete 
|   2|0x0000000080200000, 0x0000000080300000, 0x0000000080300000|100%|HC|  |TAMS 0x0000000080300000, 0x0000000080300000| Complete 
|   3|0x0000000080300000, 0x0000000080400000, 0x0000000080400000|100%|HC|  |TAMS 0x0000000080400000, 0x0000000080400000| Complete 
|   4|0x0000000080400000, 0x0000000080500000, 0x0000000080500000|100%| O|  |TAMS 0x0000000080500000, 0x0000000080500000| Untracked 
|   5|0x0000000080500000, 0x0000000080600000, 0x0000000080600000|100%| O|  |TAMS 0x0000000080600000, 0x0000000080600000| Untracked 
|   6|0x0000000080600000, 0x0000000080700000, 0x0000000080700000|100%| O|  |TAMS 0x0000000080700000, 0x0000000080700000| Untracked 
|   7|0x0000000080700000, 0x0000000080800000, 0x0000000080800000|100%| O|  |TAMS 0x0000000080800000, 0x0000000080800000| Untracked 
|   8|0x0000000080800000, 0x0000000080900000, 0x0000000080900000|100%| O|  |TAMS 0x0000000080900000, 0x0000000080900000| Untracked 
|   9|0x0000000080900000, 0x0000000080a00000, 0x0000000080a00000|100%| O|  |TAMS 0x0000000080a00000, 0x0000000080a00000| Untracked 
|  10|0x0000000080a00000, 0x0000000080b00000, 0x0000000080b00000|100%| O|  |TAMS 0x0000000080b00000, 0x0000000080b00000| Untracked 
|  11|0x0000000080b00000, 0x0000000080c00000, 0x0000000080c00000|100%| O|  |TAMS 0x0000000080c00000, 0x0000000080c00000| Untracked 
|  12|0x0000000080c00000, 0x0000000080d00000, 0x0000000080d00000|100%| O|  |TAMS 0x0000000080d00000, 0x0000000080d00000| Untracked 
|  13|0x0000000080d00000, 0x0000000080e00000, 0x0000000080e00000|100%| O|  |TAMS 0x0000000080e00000, 0x0000000080e00000| Untracked 
|  14|0x0000000080e00000, 0x0000000080f00000, 0x0000000080f00000|100%| O|  |TAMS 0x0000000080f00000, 0x0000000080f00000| Untracked 
|  15|0x0000000080f00000, 0x0000000081000000, 0x0000000081000000|100%| O|  |TAMS 0x0000000081000000, 0x0000000081000000| Untracked 
|  16|0x0000000081000000, 0x0000000081100000, 0x0000000081100000|100%| O|  |TAMS 0x0000000081100000, 0x0000000081100000| Untracked 
|  17|0x0000000081100000, 0x0000000081200000, 0x0000000081200000|100%| O|  |TAMS 0x0000000081200000, 0x0000000081200000| Untracked 
|  18|0x0000000081200000, 0x0000000081300000, 0x0000000081300000|100%| O|  |TAMS 0x0000000081300000, 0x0000000081300000| Untracked 
|  19|0x0000000081300000, 0x0000000081400000, 0x0000000081400000|100%| O|  |TAMS 0x0000000081400000, 0x0000000081400000| Untracked 
|  20|0x0000000081400000, 0x0000000081500000, 0x0000000081500000|100%| O|  |TAMS 0x0000000081500000, 0x0000000081500000| Untracked 
|  21|0x0000000081500000, 0x0000000081600000, 0x0000000081600000|100%| O|  |TAMS 0x0000000081600000, 0x0000000081600000| Untracked 
|  22|0x0000000081600000, 0x0000000081700000, 0x0000000081700000|100%| O|  |TAMS 0x0000000081700000, 0x0000000081700000| Untracked 
|  23|0x0000000081700000, 0x0000000081800000, 0x0000000081800000|100%| O|  |TAMS 0x0000000081800000, 0x0000000081800000| Untracked 
|  24|0x0000000081800000, 0x0000000081900000, 0x0000000081900000|100%| O|  |TAMS 0x0000000081900000, 0x0000000081900000| Untracked 
|  25|0x0000000081900000, 0x0000000081a00000, 0x0000000081a00000|100%| O|  |TAMS 0x0000000081a00000, 0x0000000081a00000| Untracked 
|  26|0x0000000081a00000, 0x0000000081b00000, 0x0000000081b00000|100%| O|  |TAMS 0x0000000081b00000, 0x0000000081b00000| Untracked 
|  27|0x0000000081b00000, 0x0000000081c00000, 0x0000000081c00000|100%| O|  |TAMS 0x0000000081c00000, 0x0000000081c00000| Untracked 
|  28|0x0000000081c00000, 0x0000000081d00000, 0x0000000081d00000|100%| O|  |TAMS 0x0000000081d00000, 0x0000000081d00000| Untracked 
|  29|0x0000000081d00000, 0x0000000081e00000, 0x0000000081e00000|100%| O|  |TAMS 0x0000000081e00000, 0x0000000081e00000| Untracked 
|  30|0x0000000081e00000, 0x0000000081f00000, 0x0000000081f00000|100%| O|  |TAMS 0x0000000081ec3800, 0x0000000081f00000| Untracked 
|  31|0x0000000081f00000, 0x0000000082000000, 0x0000000082000000|100%|HS|  |TAMS 0x0000000081f00000, 0x0000000082000000| Complete 
|  32|0x0000000082000000, 0x0000000082100000, 0x0000000082100000|100%|HS|  |TAMS 0x0000000082000000, 0x0000000082100000| Complete 
|  33|0x0000000082100000, 0x0000000082200000, 0x0000000082200000|100%|HS|  |TAMS 0x0000000082100000, 0x0000000082200000| Complete 
|  34|0x0000000082200000, 0x0000000082300000, 0x0000000082300000|100%|HS|  |TAMS 0x0000000082200000, 0x0000000082300000| Complete 
|  35|0x0000000082300000, 0x0000000082400000, 0x0000000082400000|100%| O|  |TAMS 0x0000000082300000, 0x0000000082400000| Untracked 
|  36|0x0000000082400000, 0x0000000082500000, 0x0000000082500000|100%| O|  |TAMS 0x0000000082400000, 0x0000000082500000| Untracked 
|  37|0x0000000082500000, 0x0000000082600000, 0x0000000082600000|100%| O|  |TAMS 0x0000000082500000, 0x0000000082600000| Untracked 
|  38|0x0000000082600000, 0x0000000082700000, 0x0000000082700000|100%| O|  |TAMS 0x0000000082600000, 0x0000000082700000| Untracked 
|  39|0x0000000082700000, 0x0000000082800000, 0x0000000082800000|100%| O|  |TAMS 0x0000000082700000, 0x0000000082800000| Untracked 
|  40|0x0000000082800000, 0x0000000082900000, 0x0000000082900000|100%| O|  |TAMS 0x0000000082800000, 0x0000000082900000| Untracked 
|  41|0x0000000082900000, 0x0000000082a00000, 0x0000000082a00000|100%| O|  |TAMS 0x0000000082900000, 0x0000000082a00000| Untracked 
|  42|0x0000000082a00000, 0x0000000082b00000, 0x0000000082b00000|100%| O|  |TAMS 0x0000000082a00000, 0x0000000082b00000| Untracked 
|  43|0x0000000082b00000, 0x0000000082c00000, 0x0000000082c00000|100%| O|  |TAMS 0x0000000082b00000, 0x0000000082c00000| Untracked 
|  44|0x0000000082c00000, 0x0000000082d00000, 0x0000000082d00000|100%| O|  |TAMS 0x0000000082c00000, 0x0000000082d00000| Untracked 
|  45|0x0000000082d00000, 0x0000000082e00000, 0x0000000082e00000|100%| O|  |TAMS 0x0000000082d00000, 0x0000000082e00000| Untracked 
|  46|0x0000000082e00000, 0x0000000082f00000, 0x0000000082f00000|100%| O|  |TAMS 0x0000000082e00000, 0x0000000082f00000| Untracked 
|  47|0x0000000082f00000, 0x0000000083000000, 0x0000000083000000|100%| O|  |TAMS 0x0000000082f00000, 0x0000000083000000| Untracked 
|  48|0x0000000083000000, 0x0000000083100000, 0x0000000083100000|100%| O|  |TAMS 0x0000000083000000, 0x0000000083059400| Untracked 
|  49|0x0000000083100000, 0x0000000083100000, 0x0000000083200000|  0%| F|  |TAMS 0x0000000083100000, 0x0000000083100000| Untracked 
|  50|0x0000000083200000, 0x0000000083300000, 0x0000000083300000|100%|HS|  |TAMS 0x0000000083200000, 0x0000000083300000| Complete 
|  51|0x0000000083300000, 0x0000000083400000, 0x0000000083400000|100%|HS|  |TAMS 0x0000000083300000, 0x0000000083400000| Complete 
|  52|0x0000000083400000, 0x0000000083500000, 0x0000000083500000|100%| O|  |TAMS 0x0000000083400000, 0x0000000083400000| Untracked 
|  53|0x0000000083500000, 0x00000000835aa200, 0x0000000083600000| 66%| O|  |TAMS 0x0000000083500000, 0x0000000083500000| Untracked 
|  54|0x0000000083600000, 0x0000000083600000, 0x0000000083700000|  0%| F|  |TAMS 0x0000000083600000, 0x0000000083600000| Untracked 
|  55|0x0000000083700000, 0x0000000083700000, 0x0000000083800000|  0%| F|  |TAMS 0x0000000083700000, 0x0000000083700000| Untracked 
|  56|0x0000000083800000, 0x0000000083800000, 0x0000000083900000|  0%| F|  |TAMS 0x0000000083800000, 0x0000000083800000| Untracked 
|  57|0x0000000083900000, 0x0000000083900000, 0x0000000083a00000|  0%| F|  |TAMS 0x0000000083900000, 0x0000000083900000| Untracked 
|  58|0x0000000083a00000, 0x0000000083a00000, 0x0000000083b00000|  0%| F|  |TAMS 0x0000000083a00000, 0x0000000083a00000| Untracked 
|  59|0x0000000083b00000, 0x0000000083b00000, 0x0000000083c00000|  0%| F|  |TAMS 0x0000000083b00000, 0x0000000083b00000| Untracked 
|  60|0x0000000083c00000, 0x0000000083c00000, 0x0000000083d00000|  0%| F|  |TAMS 0x0000000083c00000, 0x0000000083c00000| Untracked 
|  61|0x0000000083d00000, 0x0000000083d00000, 0x0000000083e00000|  0%| F|  |TAMS 0x0000000083d00000, 0x0000000083d00000| Untracked 
|  62|0x0000000083e00000, 0x0000000083e00000, 0x0000000083f00000|  0%| F|  |TAMS 0x0000000083e00000, 0x0000000083e00000| Untracked 
|  63|0x0000000083f00000, 0x0000000083f00000, 0x0000000084000000|  0%| F|  |TAMS 0x0000000083f00000, 0x0000000083f00000| Untracked 
|  64|0x0000000084000000, 0x0000000084000000, 0x0000000084100000|  0%| F|  |TAMS 0x0000000084000000, 0x0000000084000000| Untracked 
|  65|0x0000000084100000, 0x0000000084100000, 0x0000000084200000|  0%| F|  |TAMS 0x0000000084100000, 0x0000000084100000| Untracked 
|  66|0x0000000084200000, 0x0000000084200000, 0x0000000084300000|  0%| F|  |TAMS 0x0000000084200000, 0x0000000084200000| Untracked 
|  67|0x0000000084300000, 0x0000000084300000, 0x0000000084400000|  0%| F|  |TAMS 0x0000000084300000, 0x0000000084300000| Untracked 
|  68|0x0000000084400000, 0x0000000084400000, 0x0000000084500000|  0%| F|  |TAMS 0x0000000084400000, 0x0000000084400000| Untracked 
|  69|0x0000000084500000, 0x0000000084500000, 0x0000000084600000|  0%| F|  |TAMS 0x0000000084500000, 0x0000000084500000| Untracked 
|  70|0x0000000084600000, 0x0000000084600000, 0x0000000084700000|  0%| F|  |TAMS 0x0000000084600000, 0x0000000084600000| Untracked 
|  71|0x0000000084700000, 0x0000000084700000, 0x0000000084800000|  0%| F|  |TAMS 0x0000000084700000, 0x0000000084700000| Untracked 
|  72|0x0000000084800000, 0x0000000084800000, 0x0000000084900000|  0%| F|  |TAMS 0x0000000084800000, 0x0000000084800000| Untracked 
|  73|0x0000000084900000, 0x0000000084900000, 0x0000000084a00000|  0%| F|  |TAMS 0x0000000084900000, 0x0000000084900000| Untracked 
|  74|0x0000000084a00000, 0x0000000084a00000, 0x0000000084b00000|  0%| F|  |TAMS 0x0000000084a00000, 0x0000000084a00000| Untracked 
|  75|0x0000000084b00000, 0x0000000084b00000, 0x0000000084c00000|  0%| F|  |TAMS 0x0000000084b00000, 0x0000000084b00000| Untracked 
|  76|0x0000000084c00000, 0x0000000084c00000, 0x0000000084d00000|  0%| F|  |TAMS 0x0000000084c00000, 0x0000000084c00000| Untracked 
|  77|0x0000000084d00000, 0x0000000084d00000, 0x0000000084e00000|  0%| F|  |TAMS 0x0000000084d00000, 0x0000000084d00000| Untracked 
|  78|0x0000000084e00000, 0x0000000084e00000, 0x0000000084f00000|  0%| F|  |TAMS 0x0000000084e00000, 0x0000000084e00000| Untracked 
|  79|0x0000000084f00000, 0x0000000084f00000, 0x0000000085000000|  0%| F|  |TAMS 0x0000000084f00000, 0x0000000084f00000| Untracked 
|  80|0x0000000085000000, 0x0000000085000000, 0x0000000085100000|  0%| F|  |TAMS 0x0000000085000000, 0x0000000085000000| Untracked 
|  81|0x0000000085100000, 0x0000000085100000, 0x0000000085200000|  0%| F|  |TAMS 0x0000000085100000, 0x0000000085100000| Untracked 
|  82|0x0000000085200000, 0x0000000085200000, 0x0000000085300000|  0%| F|  |TAMS 0x0000000085200000, 0x0000000085200000| Untracked 
|  83|0x0000000085300000, 0x0000000085300000, 0x0000000085400000|  0%| F|  |TAMS 0x0000000085300000, 0x0000000085300000| Untracked 
|  84|0x0000000085400000, 0x0000000085400000, 0x0000000085500000|  0%| F|  |TAMS 0x0000000085400000, 0x0000000085400000| Untracked 
|  85|0x0000000085500000, 0x0000000085500000, 0x0000000085600000|  0%| F|  |TAMS 0x0000000085500000, 0x0000000085500000| Untracked 
|  86|0x0000000085600000, 0x0000000085600000, 0x0000000085700000|  0%| F|  |TAMS 0x0000000085600000, 0x0000000085600000| Untracked 
|  87|0x0000000085700000, 0x0000000085700000, 0x0000000085800000|  0%| F|  |TAMS 0x0000000085700000, 0x0000000085700000| Untracked 
|  88|0x0000000085800000, 0x0000000085800000, 0x0000000085900000|  0%| F|  |TAMS 0x0000000085800000, 0x0000000085800000| Untracked 
|  89|0x0000000085900000, 0x0000000085900000, 0x0000000085a00000|  0%| F|  |TAMS 0x0000000085900000, 0x0000000085900000| Untracked 
|  90|0x0000000085a00000, 0x0000000085a00000, 0x0000000085b00000|  0%| F|  |TAMS 0x0000000085a00000, 0x0000000085a00000| Untracked 
|  91|0x0000000085b00000, 0x0000000085b00000, 0x0000000085c00000|  0%| F|  |TAMS 0x0000000085b00000, 0x0000000085b00000| Untracked 
|  92|0x0000000085c00000, 0x0000000085c00000, 0x0000000085d00000|  0%| F|  |TAMS 0x0000000085c00000, 0x0000000085c00000| Untracked 
|  93|0x0000000085d00000, 0x0000000085d00000, 0x0000000085e00000|  0%| F|  |TAMS 0x0000000085d00000, 0x0000000085d00000| Untracked 
|  94|0x0000000085e00000, 0x0000000085e00000, 0x0000000085f00000|  0%| F|  |TAMS 0x0000000085e00000, 0x0000000085e00000| Untracked 
|  95|0x0000000085f00000, 0x0000000085f00000, 0x0000000086000000|  0%| F|  |TAMS 0x0000000085f00000, 0x0000000085f00000| Untracked 
|  96|0x0000000086000000, 0x0000000086000000, 0x0000000086100000|  0%| F|  |TAMS 0x0000000086000000, 0x0000000086000000| Untracked 
|  97|0x0000000086100000, 0x0000000086100000, 0x0000000086200000|  0%| F|  |TAMS 0x0000000086100000, 0x0000000086100000| Untracked 
|  98|0x0000000086200000, 0x0000000086200000, 0x0000000086300000|  0%| F|  |TAMS 0x0000000086200000, 0x0000000086200000| Untracked 
|  99|0x0000000086300000, 0x0000000086300000, 0x0000000086400000|  0%| F|  |TAMS 0x0000000086300000, 0x0000000086300000| Untracked 
| 100|0x0000000086400000, 0x00000000864a27e0, 0x0000000086500000| 63%| S|CS|TAMS 0x0000000086400000, 0x0000000086400000| Complete 
| 101|0x0000000086500000, 0x0000000086600000, 0x0000000086600000|100%| S|CS|TAMS 0x0000000086500000, 0x0000000086500000| Complete 
| 102|0x0000000086600000, 0x0000000086700000, 0x0000000086700000|100%| S|CS|TAMS 0x0000000086600000, 0x0000000086600000| Complete 
| 103|0x0000000086700000, 0x0000000086800000, 0x0000000086800000|100%| S|CS|TAMS 0x0000000086700000, 0x0000000086700000| Complete 
| 104|0x0000000086800000, 0x0000000086800000, 0x0000000086900000|  0%| F|  |TAMS 0x0000000086800000, 0x0000000086800000| Untracked 
| 105|0x0000000086900000, 0x0000000086900000, 0x0000000086a00000|  0%| F|  |TAMS 0x0000000086900000, 0x0000000086900000| Untracked 
| 106|0x0000000086a00000, 0x0000000086a00000, 0x0000000086b00000|  0%| F|  |TAMS 0x0000000086a00000, 0x0000000086a00000| Untracked 
| 107|0x0000000086b00000, 0x0000000086b00000, 0x0000000086c00000|  0%| F|  |TAMS 0x0000000086b00000, 0x0000000086b00000| Untracked 
| 108|0x0000000086c00000, 0x0000000086c00000, 0x0000000086d00000|  0%| F|  |TAMS 0x0000000086c00000, 0x0000000086c00000| Untracked 
| 109|0x0000000086d00000, 0x0000000086d00000, 0x0000000086e00000|  0%| F|  |TAMS 0x0000000086d00000, 0x0000000086d00000| Untracked 
| 110|0x0000000086e00000, 0x0000000086e00000, 0x0000000086f00000|  0%| F|  |TAMS 0x0000000086e00000, 0x0000000086e00000| Untracked 
| 111|0x0000000086f00000, 0x0000000086f00000, 0x0000000087000000|  0%| F|  |TAMS 0x0000000086f00000, 0x0000000086f00000| Untracked 
| 112|0x0000000087000000, 0x0000000087000000, 0x0000000087100000|  0%| F|  |TAMS 0x0000000087000000, 0x0000000087000000| Untracked 
| 113|0x0000000087100000, 0x0000000087100000, 0x0000000087200000|  0%| F|  |TAMS 0x0000000087100000, 0x0000000087100000| Untracked 
| 114|0x0000000087200000, 0x0000000087200000, 0x0000000087300000|  0%| F|  |TAMS 0x0000000087200000, 0x0000000087200000| Untracked 
| 115|0x0000000087300000, 0x0000000087300000, 0x0000000087400000|  0%| F|  |TAMS 0x0000000087300000, 0x0000000087300000| Untracked 
| 116|0x0000000087400000, 0x0000000087400000, 0x0000000087500000|  0%| F|  |TAMS 0x0000000087400000, 0x0000000087400000| Untracked 
| 117|0x0000000087500000, 0x0000000087500000, 0x0000000087600000|  0%| F|  |TAMS 0x0000000087500000, 0x0000000087500000| Untracked 
| 118|0x0000000087600000, 0x0000000087600000, 0x0000000087700000|  0%| F|  |TAMS 0x0000000087600000, 0x0000000087600000| Untracked 
| 119|0x0000000087700000, 0x0000000087700000, 0x0000000087800000|  0%| F|  |TAMS 0x0000000087700000, 0x0000000087700000| Untracked 
| 120|0x0000000087800000, 0x0000000087800000, 0x0000000087900000|  0%| F|  |TAMS 0x0000000087800000, 0x0000000087800000| Untracked 
| 121|0x0000000087900000, 0x0000000087900000, 0x0000000087a00000|  0%| F|  |TAMS 0x0000000087900000, 0x0000000087900000| Untracked 
| 122|0x0000000087a00000, 0x0000000087a00000, 0x0000000087b00000|  0%| F|  |TAMS 0x0000000087a00000, 0x0000000087a00000| Untracked 
| 123|0x0000000087b00000, 0x0000000087b00000, 0x0000000087c00000|  0%| F|  |TAMS 0x0000000087b00000, 0x0000000087b00000| Untracked 
| 124|0x0000000087c00000, 0x0000000087c00000, 0x0000000087d00000|  0%| F|  |TAMS 0x0000000087c00000, 0x0000000087c00000| Untracked 
| 125|0x0000000087d00000, 0x0000000087d00000, 0x0000000087e00000|  0%| F|  |TAMS 0x0000000087d00000, 0x0000000087d00000| Untracked 
| 126|0x0000000087e00000, 0x0000000087e00000, 0x0000000087f00000|  0%| F|  |TAMS 0x0000000087e00000, 0x0000000087e00000| Untracked 
| 127|0x0000000087f00000, 0x0000000087f00000, 0x0000000088000000|  0%| F|  |TAMS 0x0000000087f00000, 0x0000000087f00000| Untracked 
| 128|0x0000000088000000, 0x0000000088000000, 0x0000000088100000|  0%| F|  |TAMS 0x0000000088000000, 0x0000000088000000| Untracked 
| 129|0x0000000088100000, 0x0000000088100000, 0x0000000088200000|  0%| F|  |TAMS 0x0000000088100000, 0x0000000088100000| Untracked 
| 130|0x0000000088200000, 0x0000000088200000, 0x0000000088300000|  0%| F|  |TAMS 0x0000000088200000, 0x0000000088200000| Untracked 
| 131|0x0000000088300000, 0x0000000088300000, 0x0000000088400000|  0%| F|  |TAMS 0x0000000088300000, 0x0000000088300000| Untracked 
| 132|0x0000000088400000, 0x0000000088400000, 0x0000000088500000|  0%| F|  |TAMS 0x0000000088400000, 0x0000000088400000| Untracked 
| 133|0x0000000088500000, 0x0000000088500000, 0x0000000088600000|  0%| F|  |TAMS 0x0000000088500000, 0x0000000088500000| Untracked 
| 134|0x0000000088600000, 0x0000000088600000, 0x0000000088700000|  0%| F|  |TAMS 0x0000000088600000, 0x0000000088600000| Untracked 
| 135|0x0000000088700000, 0x0000000088700000, 0x0000000088800000|  0%| F|  |TAMS 0x0000000088700000, 0x0000000088700000| Untracked 
| 136|0x0000000088800000, 0x0000000088800000, 0x0000000088900000|  0%| F|  |TAMS 0x0000000088800000, 0x0000000088800000| Untracked 
| 137|0x0000000088900000, 0x0000000088900000, 0x0000000088a00000|  0%| F|  |TAMS 0x0000000088900000, 0x0000000088900000| Untracked 
| 138|0x0000000088a00000, 0x0000000088a00000, 0x0000000088b00000|  0%| F|  |TAMS 0x0000000088a00000, 0x0000000088a00000| Untracked 
| 139|0x0000000088b00000, 0x0000000088b00000, 0x0000000088c00000|  0%| F|  |TAMS 0x0000000088b00000, 0x0000000088b00000| Untracked 
| 140|0x0000000088c00000, 0x0000000088c00000, 0x0000000088d00000|  0%| F|  |TAMS 0x0000000088c00000, 0x0000000088c00000| Untracked 
| 141|0x0000000088d00000, 0x0000000088d00000, 0x0000000088e00000|  0%| F|  |TAMS 0x0000000088d00000, 0x0000000088d00000| Untracked 
| 142|0x0000000088e00000, 0x0000000088e00000, 0x0000000088f00000|  0%| F|  |TAMS 0x0000000088e00000, 0x0000000088e00000| Untracked 
| 143|0x0000000088f00000, 0x0000000088f00000, 0x0000000089000000|  0%| F|  |TAMS 0x0000000088f00000, 0x0000000088f00000| Untracked 
| 144|0x0000000089000000, 0x0000000089000000, 0x0000000089100000|  0%| F|  |TAMS 0x0000000089000000, 0x0000000089000000| Untracked 
| 145|0x0000000089100000, 0x0000000089100000, 0x0000000089200000|  0%| F|  |TAMS 0x0000000089100000, 0x0000000089100000| Untracked 
| 146|0x0000000089200000, 0x0000000089200000, 0x0000000089300000|  0%| F|  |TAMS 0x0000000089200000, 0x0000000089200000| Untracked 
| 147|0x0000000089300000, 0x0000000089300000, 0x0000000089400000|  0%| F|  |TAMS 0x0000000089300000, 0x0000000089300000| Untracked 
| 148|0x0000000089400000, 0x0000000089400000, 0x0000000089500000|  0%| F|  |TAMS 0x0000000089400000, 0x0000000089400000| Untracked 
| 149|0x0000000089500000, 0x0000000089500000, 0x0000000089600000|  0%| F|  |TAMS 0x0000000089500000, 0x0000000089500000| Untracked 
| 150|0x0000000089600000, 0x0000000089600000, 0x0000000089700000|  0%| F|  |TAMS 0x0000000089600000, 0x0000000089600000| Untracked 
| 151|0x0000000089700000, 0x0000000089700000, 0x0000000089800000|  0%| F|  |TAMS 0x0000000089700000, 0x0000000089700000| Untracked 
| 152|0x0000000089800000, 0x0000000089800000, 0x0000000089900000|  0%| F|  |TAMS 0x0000000089800000, 0x0000000089800000| Untracked 
| 153|0x0000000089900000, 0x0000000089900000, 0x0000000089a00000|  0%| F|  |TAMS 0x0000000089900000, 0x0000000089900000| Untracked 
| 154|0x0000000089a00000, 0x0000000089a00000, 0x0000000089b00000|  0%| F|  |TAMS 0x0000000089a00000, 0x0000000089a00000| Untracked 
| 155|0x0000000089b00000, 0x0000000089b00000, 0x0000000089c00000|  0%| F|  |TAMS 0x0000000089b00000, 0x0000000089b00000| Untracked 
| 156|0x0000000089c00000, 0x0000000089c00000, 0x0000000089d00000|  0%| F|  |TAMS 0x0000000089c00000, 0x0000000089c00000| Untracked 
| 157|0x0000000089d00000, 0x0000000089d00000, 0x0000000089e00000|  0%| F|  |TAMS 0x0000000089d00000, 0x0000000089d00000| Untracked 
| 158|0x0000000089e00000, 0x0000000089e00000, 0x0000000089f00000|  0%| F|  |TAMS 0x0000000089e00000, 0x0000000089e00000| Untracked 
| 159|0x0000000089f00000, 0x0000000089f00000, 0x000000008a000000|  0%| F|  |TAMS 0x0000000089f00000, 0x0000000089f00000| Untracked 
| 160|0x000000008a000000, 0x000000008a000000, 0x000000008a100000|  0%| F|  |TAMS 0x000000008a000000, 0x000000008a000000| Untracked 
| 161|0x000000008a100000, 0x000000008a100000, 0x000000008a200000|  0%| F|  |TAMS 0x000000008a100000, 0x000000008a100000| Untracked 
| 162|0x000000008a200000, 0x000000008a200000, 0x000000008a300000|  0%| F|  |TAMS 0x000000008a200000, 0x000000008a200000| Untracked 
| 163|0x000000008a300000, 0x000000008a300000, 0x000000008a400000|  0%| F|  |TAMS 0x000000008a300000, 0x000000008a300000| Untracked 
| 164|0x000000008a400000, 0x000000008a400000, 0x000000008a500000|  0%| F|  |TAMS 0x000000008a400000, 0x000000008a400000| Untracked 
| 165|0x000000008a500000, 0x000000008a500000, 0x000000008a600000|  0%| F|  |TAMS 0x000000008a500000, 0x000000008a500000| Untracked 
| 166|0x000000008a600000, 0x000000008a600000, 0x000000008a700000|  0%| F|  |TAMS 0x000000008a600000, 0x000000008a600000| Untracked 
| 167|0x000000008a700000, 0x000000008a700000, 0x000000008a800000|  0%| F|  |TAMS 0x000000008a700000, 0x000000008a700000| Untracked 
| 168|0x000000008a800000, 0x000000008a800000, 0x000000008a900000|  0%| F|  |TAMS 0x000000008a800000, 0x000000008a800000| Untracked 
| 169|0x000000008a900000, 0x000000008a900000, 0x000000008aa00000|  0%| F|  |TAMS 0x000000008a900000, 0x000000008a900000| Untracked 
| 170|0x000000008aa00000, 0x000000008aa00000, 0x000000008ab00000|  0%| F|  |TAMS 0x000000008aa00000, 0x000000008aa00000| Untracked 
| 171|0x000000008ab00000, 0x000000008ab00000, 0x000000008ac00000|  0%| F|  |TAMS 0x000000008ab00000, 0x000000008ab00000| Untracked 
| 172|0x000000008ac00000, 0x000000008ac00000, 0x000000008ad00000|  0%| F|  |TAMS 0x000000008ac00000, 0x000000008ac00000| Untracked 
| 173|0x000000008ad00000, 0x000000008ad00000, 0x000000008ae00000|  0%| F|  |TAMS 0x000000008ad00000, 0x000000008ad00000| Untracked 
| 174|0x000000008ae00000, 0x000000008ae00000, 0x000000008af00000|  0%| F|  |TAMS 0x000000008ae00000, 0x000000008ae00000| Untracked 
| 175|0x000000008af00000, 0x000000008af00000, 0x000000008b000000|  0%| F|  |TAMS 0x000000008af00000, 0x000000008af00000| Untracked 
| 176|0x000000008b000000, 0x000000008b000000, 0x000000008b100000|  0%| F|  |TAMS 0x000000008b000000, 0x000000008b000000| Untracked 
| 177|0x000000008b100000, 0x000000008b100000, 0x000000008b200000|  0%| F|  |TAMS 0x000000008b100000, 0x000000008b100000| Untracked 
| 178|0x000000008b200000, 0x000000008b200000, 0x000000008b300000|  0%| F|  |TAMS 0x000000008b200000, 0x000000008b200000| Untracked 
| 179|0x000000008b300000, 0x000000008b300000, 0x000000008b400000|  0%| F|  |TAMS 0x000000008b300000, 0x000000008b300000| Untracked 
| 180|0x000000008b400000, 0x000000008b400000, 0x000000008b500000|  0%| F|  |TAMS 0x000000008b400000, 0x000000008b400000| Untracked 
| 181|0x000000008b500000, 0x000000008b500000, 0x000000008b600000|  0%| F|  |TAMS 0x000000008b500000, 0x000000008b500000| Untracked 
| 182|0x000000008b600000, 0x000000008b600000, 0x000000008b700000|  0%| F|  |TAMS 0x000000008b600000, 0x000000008b600000| Untracked 
| 183|0x000000008b700000, 0x000000008b700000, 0x000000008b800000|  0%| F|  |TAMS 0x000000008b700000, 0x000000008b700000| Untracked 
| 184|0x000000008b800000, 0x000000008b800000, 0x000000008b900000|  0%| F|  |TAMS 0x000000008b800000, 0x000000008b800000| Untracked 
| 185|0x000000008b900000, 0x000000008b900000, 0x000000008ba00000|  0%| F|  |TAMS 0x000000008b900000, 0x000000008b900000| Untracked 
| 186|0x000000008ba00000, 0x000000008ba00000, 0x000000008bb00000|  0%| F|  |TAMS 0x000000008ba00000, 0x000000008ba00000| Untracked 
| 187|0x000000008bb00000, 0x000000008bb00000, 0x000000008bc00000|  0%| F|  |TAMS 0x000000008bb00000, 0x000000008bb00000| Untracked 
| 188|0x000000008bc00000, 0x000000008bc00000, 0x000000008bd00000|  0%| F|  |TAMS 0x000000008bc00000, 0x000000008bc00000| Untracked 
| 189|0x000000008bd00000, 0x000000008bd00000, 0x000000008be00000|  0%| F|  |TAMS 0x000000008bd00000, 0x000000008bd00000| Untracked 
| 190|0x000000008be00000, 0x000000008be00000, 0x000000008bf00000|  0%| F|  |TAMS 0x000000008be00000, 0x000000008be00000| Untracked 
| 191|0x000000008bf00000, 0x000000008bf00000, 0x000000008c000000|  0%| F|  |TAMS 0x000000008bf00000, 0x000000008bf00000| Untracked 
| 192|0x000000008c000000, 0x000000008c000000, 0x000000008c100000|  0%| F|  |TAMS 0x000000008c000000, 0x000000008c000000| Untracked 
| 193|0x000000008c100000, 0x000000008c100000, 0x000000008c200000|  0%| F|  |TAMS 0x000000008c100000, 0x000000008c100000| Untracked 
| 194|0x000000008c200000, 0x000000008c200000, 0x000000008c300000|  0%| F|  |TAMS 0x000000008c200000, 0x000000008c200000| Untracked 
| 195|0x000000008c300000, 0x000000008c300000, 0x000000008c400000|  0%| F|  |TAMS 0x000000008c300000, 0x000000008c300000| Untracked 
| 196|0x000000008c400000, 0x000000008c400000, 0x000000008c500000|  0%| F|  |TAMS 0x000000008c400000, 0x000000008c400000| Untracked 
| 197|0x000000008c500000, 0x000000008c500000, 0x000000008c600000|  0%| F|  |TAMS 0x000000008c500000, 0x000000008c500000| Untracked 
| 198|0x000000008c600000, 0x000000008c600000, 0x000000008c700000|  0%| F|  |TAMS 0x000000008c600000, 0x000000008c600000| Untracked 
| 199|0x000000008c700000, 0x000000008c700000, 0x000000008c800000|  0%| F|  |TAMS 0x000000008c700000, 0x000000008c700000| Untracked 
| 200|0x000000008c800000, 0x000000008c800000, 0x000000008c900000|  0%| F|  |TAMS 0x000000008c800000, 0x000000008c800000| Untracked 
| 201|0x000000008c900000, 0x000000008c900000, 0x000000008ca00000|  0%| F|  |TAMS 0x000000008c900000, 0x000000008c900000| Untracked 
| 202|0x000000008ca00000, 0x000000008ca00000, 0x000000008cb00000|  0%| F|  |TAMS 0x000000008ca00000, 0x000000008ca00000| Untracked 
| 203|0x000000008cb00000, 0x000000008cb00000, 0x000000008cc00000|  0%| F|  |TAMS 0x000000008cb00000, 0x000000008cb00000| Untracked 
| 204|0x000000008cc00000, 0x000000008cc00000, 0x000000008cd00000|  0%| F|  |TAMS 0x000000008cc00000, 0x000000008cc00000| Untracked 
| 205|0x000000008cd00000, 0x000000008cd00000, 0x000000008ce00000|  0%| F|  |TAMS 0x000000008cd00000, 0x000000008cd00000| Untracked 
| 206|0x000000008ce00000, 0x000000008ce00000, 0x000000008cf00000|  0%| F|  |TAMS 0x000000008ce00000, 0x000000008ce00000| Untracked 
| 207|0x000000008cf00000, 0x000000008cf00000, 0x000000008d000000|  0%| F|  |TAMS 0x000000008cf00000, 0x000000008cf00000| Untracked 
| 208|0x000000008d000000, 0x000000008d000000, 0x000000008d100000|  0%| F|  |TAMS 0x000000008d000000, 0x000000008d000000| Untracked 
| 209|0x000000008d100000, 0x000000008d100000, 0x000000008d200000|  0%| F|  |TAMS 0x000000008d100000, 0x000000008d100000| Untracked 
| 210|0x000000008d200000, 0x000000008d200000, 0x000000008d300000|  0%| F|  |TAMS 0x000000008d200000, 0x000000008d200000| Untracked 
| 211|0x000000008d300000, 0x000000008d300000, 0x000000008d400000|  0%| F|  |TAMS 0x000000008d300000, 0x000000008d300000| Untracked 
| 212|0x000000008d400000, 0x000000008d400000, 0x000000008d500000|  0%| F|  |TAMS 0x000000008d400000, 0x000000008d400000| Untracked 
| 213|0x000000008d500000, 0x000000008d500000, 0x000000008d600000|  0%| F|  |TAMS 0x000000008d500000, 0x000000008d500000| Untracked 
| 214|0x000000008d600000, 0x000000008d600000, 0x000000008d700000|  0%| F|  |TAMS 0x000000008d600000, 0x000000008d600000| Untracked 
| 215|0x000000008d700000, 0x000000008d700000, 0x000000008d800000|  0%| F|  |TAMS 0x000000008d700000, 0x000000008d700000| Untracked 
| 216|0x000000008d800000, 0x000000008d800000, 0x000000008d900000|  0%| F|  |TAMS 0x000000008d800000, 0x000000008d800000| Untracked 
| 217|0x000000008d900000, 0x000000008d900000, 0x000000008da00000|  0%| F|  |TAMS 0x000000008d900000, 0x000000008d900000| Untracked 
| 218|0x000000008da00000, 0x000000008da00000, 0x000000008db00000|  0%| F|  |TAMS 0x000000008da00000, 0x000000008da00000| Untracked 
| 219|0x000000008db00000, 0x000000008db00000, 0x000000008dc00000|  0%| F|  |TAMS 0x000000008db00000, 0x000000008db00000| Untracked 
| 220|0x000000008dc00000, 0x000000008dc00000, 0x000000008dd00000|  0%| F|  |TAMS 0x000000008dc00000, 0x000000008dc00000| Untracked 
| 221|0x000000008dd00000, 0x000000008dd00000, 0x000000008de00000|  0%| F|  |TAMS 0x000000008dd00000, 0x000000008dd00000| Untracked 
| 222|0x000000008de00000, 0x000000008de00000, 0x000000008df00000|  0%| F|  |TAMS 0x000000008de00000, 0x000000008de00000| Untracked 
| 223|0x000000008df00000, 0x000000008df00000, 0x000000008e000000|  0%| F|  |TAMS 0x000000008df00000, 0x000000008df00000| Untracked 
| 224|0x000000008e000000, 0x000000008e000000, 0x000000008e100000|  0%| F|  |TAMS 0x000000008e000000, 0x000000008e000000| Untracked 
| 225|0x000000008e100000, 0x000000008e100000, 0x000000008e200000|  0%| F|  |TAMS 0x000000008e100000, 0x000000008e100000| Untracked 
| 226|0x000000008e200000, 0x000000008e200000, 0x000000008e300000|  0%| F|  |TAMS 0x000000008e200000, 0x000000008e200000| Untracked 
| 227|0x000000008e300000, 0x000000008e300000, 0x000000008e400000|  0%| F|  |TAMS 0x000000008e300000, 0x000000008e300000| Untracked 
| 228|0x000000008e400000, 0x000000008e400000, 0x000000008e500000|  0%| F|  |TAMS 0x000000008e400000, 0x000000008e400000| Untracked 
| 229|0x000000008e500000, 0x000000008e500000, 0x000000008e600000|  0%| F|  |TAMS 0x000000008e500000, 0x000000008e500000| Untracked 
| 230|0x000000008e600000, 0x000000008e600000, 0x000000008e700000|  0%| F|  |TAMS 0x000000008e600000, 0x000000008e600000| Untracked 
| 231|0x000000008e700000, 0x000000008e700000, 0x000000008e800000|  0%| F|  |TAMS 0x000000008e700000, 0x000000008e700000| Untracked 
| 232|0x000000008e800000, 0x000000008e800000, 0x000000008e900000|  0%| F|  |TAMS 0x000000008e800000, 0x000000008e800000| Untracked 
| 233|0x000000008e900000, 0x000000008e900000, 0x000000008ea00000|  0%| F|  |TAMS 0x000000008e900000, 0x000000008e900000| Untracked 
| 234|0x000000008ea00000, 0x000000008ea00000, 0x000000008eb00000|  0%| F|  |TAMS 0x000000008ea00000, 0x000000008ea00000| Untracked 
| 235|0x000000008eb00000, 0x000000008eb00000, 0x000000008ec00000|  0%| F|  |TAMS 0x000000008eb00000, 0x000000008eb00000| Untracked 
| 236|0x000000008ec00000, 0x000000008ec00000, 0x000000008ed00000|  0%| F|  |TAMS 0x000000008ec00000, 0x000000008ec00000| Untracked 
| 237|0x000000008ed00000, 0x000000008ed00000, 0x000000008ee00000|  0%| F|  |TAMS 0x000000008ed00000, 0x000000008ed00000| Untracked 
| 238|0x000000008ee00000, 0x000000008ee00000, 0x000000008ef00000|  0%| F|  |TAMS 0x000000008ee00000, 0x000000008ee00000| Untracked 
| 239|0x000000008ef00000, 0x000000008ef00000, 0x000000008f000000|  0%| F|  |TAMS 0x000000008ef00000, 0x000000008ef00000| Untracked 
| 240|0x000000008f000000, 0x000000008f000000, 0x000000008f100000|  0%| F|  |TAMS 0x000000008f000000, 0x000000008f000000| Untracked 
| 241|0x000000008f100000, 0x000000008f100000, 0x000000008f200000|  0%| F|  |TAMS 0x000000008f100000, 0x000000008f100000| Untracked 
| 242|0x000000008f200000, 0x000000008f200000, 0x000000008f300000|  0%| F|  |TAMS 0x000000008f200000, 0x000000008f200000| Untracked 
| 243|0x000000008f300000, 0x000000008f300000, 0x000000008f400000|  0%| F|  |TAMS 0x000000008f300000, 0x000000008f300000| Untracked 
| 244|0x000000008f400000, 0x000000008f400000, 0x000000008f500000|  0%| F|  |TAMS 0x000000008f400000, 0x000000008f400000| Untracked 
| 245|0x000000008f500000, 0x000000008f500000, 0x000000008f600000|  0%| F|  |TAMS 0x000000008f500000, 0x000000008f500000| Untracked 
| 246|0x000000008f600000, 0x000000008f600000, 0x000000008f700000|  0%| F|  |TAMS 0x000000008f600000, 0x000000008f600000| Untracked 
| 247|0x000000008f700000, 0x000000008f700000, 0x000000008f800000|  0%| F|  |TAMS 0x000000008f700000, 0x000000008f700000| Untracked 
| 248|0x000000008f800000, 0x000000008f800000, 0x000000008f900000|  0%| F|  |TAMS 0x000000008f800000, 0x000000008f800000| Untracked 
| 249|0x000000008f900000, 0x000000008f900000, 0x000000008fa00000|  0%| F|  |TAMS 0x000000008f900000, 0x000000008f900000| Untracked 
| 250|0x000000008fa00000, 0x000000008fa00000, 0x000000008fb00000|  0%| F|  |TAMS 0x000000008fa00000, 0x000000008fa00000| Untracked 
| 251|0x000000008fb00000, 0x000000008fb00000, 0x000000008fc00000|  0%| F|  |TAMS 0x000000008fb00000, 0x000000008fb00000| Untracked 

Card table byte_map: [0x000001bc583d0000,0x000001bc587d0000] _byte_map_base: 0x000001bc57fd0000

Marking Bits (Prev, Next): (CMBitMap*) 0x000001bc4359e180, (CMBitMap*) 0x000001bc4359e140
 Prev Bits: [0x000001bc5abd0000, 0x000001bc5cbd0000)
 Next Bits: [0x000001bc58bd0000, 0x000001bc5abd0000)

Polling page: 0x000001bc43220000

Metaspace:

Usage:
  Non-class:     60.32 MB used.
      Class:      9.12 MB used.
       Both:     69.44 MB used.

Virtual space:
  Non-class space:       64.00 MB reserved,      60.56 MB ( 95%) committed,  8 nodes.
      Class space:        1.00 GB reserved,       9.44 MB ( <1%) committed,  1 nodes.
             Both:        1.06 GB reserved,      70.00 MB (  6%) committed. 

Chunk freelists:
   Non-Class:  2.51 MB
       Class:  2.61 MB
        Both:  5.12 MB

MaxMetaspaceSize: unlimited
CompressedClassSpaceSize: 1.00 GB
Initial GC threshold: 21.00 MB
Current GC threshold: 98.56 MB
CDS: off
MetaspaceReclaimPolicy: balanced
 - commit_granule_bytes: 65536.
 - commit_granule_words: 8192.
 - virtual_space_node_default_size: 1048576.
 - enlarge_chunks_in_place: 1.
 - new_chunks_are_fully_committed: 0.
 - uncommit_free_chunks: 1.
 - use_allocation_guard: 0.
 - handle_deallocations: 1.


Internal statistics:

num_allocs_failed_limit: 11.
num_arena_births: 720.
num_arena_deaths: 0.
num_vsnodes_births: 9.
num_vsnodes_deaths: 0.
num_space_committed: 1120.
num_space_uncommitted: 0.
num_chunks_returned_to_freelist: 11.
num_chunks_taken_from_freelist: 2927.
num_chunk_merges: 8.
num_chunk_splits: 1975.
num_chunks_enlarged: 1353.
num_purges: 0.
num_inconsistent_stats: 0.

CodeHeap 'non-profiled nmethods': size=119168Kb used=3694Kb max_used=3694Kb free=115473Kb
 bounds [0x000001bc4fbb0000, 0x000001bc4ff50000, 0x000001bc57010000]
CodeHeap 'profiled nmethods': size=119104Kb used=12671Kb max_used=12671Kb free=106432Kb
 bounds [0x000001bc48010000, 0x000001bc48c70000, 0x000001bc4f460000]
CodeHeap 'non-nmethods': size=7488Kb used=4090Kb max_used=4144Kb free=3397Kb
 bounds [0x000001bc4f460000, 0x000001bc4f880000, 0x000001bc4fbb0000]
 total_blobs=7562 nmethods=6641 adapters=830
 compilation: enabled
              stopped_count=0, restarted_count=0
 full_count=0

Compilation events (20 events):
Event: 8.171 Thread 0x000001bc60a44990 7434       3       java.math.MutableBigInteger::divWord (108 bytes)
Event: 8.171 Thread 0x000001bc60a44990 nmethod 7434 0x000001bc48c6c210 code [0x000001bc48c6c3c0, 0x000001bc48c6c738]
Event: 8.171 Thread 0x000001bc60bfe950 7431       4       sun.security.util.ManifestDigester::findSection (181 bytes)
Event: 8.171 Thread 0x000001bc621e8c00 7435       3       sun.security.x509.Extension::<init> (20 bytes)
Event: 8.172 Thread 0x000001bc65998810 7424       4       java.math.BigInteger::montReduce (99 bytes)
Event: 8.172 Thread 0x000001bc621e8c00 nmethod 7435 0x000001bc48c6c890 code [0x000001bc48c6ca20, 0x000001bc48c6cbd8]
Event: 8.172 Thread 0x000001bc621e8c00 7436       3       java.util.Arrays::copyOfRange (64 bytes)
Event: 8.172 Thread 0x000001bc621e8c00 nmethod 7436 0x000001bc48c6cc90 code [0x000001bc48c6cee0, 0x000001bc48c6d7d8]
Event: 8.173 Thread 0x000001bc621e8c00 7438       3       java.math.BigInteger::primitiveLeftShift (37 bytes)
Event: 8.173 Thread 0x000001bc621e8c00 nmethod 7438 0x000001bc48c6db10 code [0x000001bc48c6dce0, 0x000001bc48c6e0b8]
Event: 8.173 Thread 0x000001bc621e8c00 7440       3       java.math.BigInteger::multiplyToLen (20 bytes)
Event: 8.174 Thread 0x000001bc621e8c00 nmethod 7440 0x000001bc48c6e290 code [0x000001bc48c6e4c0, 0x000001bc48c6ebe8]
Event: 8.174 Thread 0x000001bc621e8c00 7441       3       java.math.BigInteger::montgomeryMultiply (54 bytes)
Event: 8.174 Thread 0x000001bc608e5660 7442       3       java.math.BigInteger::implMontgomeryMultiply (22 bytes)
Event: 8.174 Thread 0x000001bc608e5660 nmethod 7442 0x000001bc48c6ef10 code [0x000001bc48c6f0c0, 0x000001bc48c6f238]
Event: 8.174 Thread 0x000001bc621e8c00 nmethod 7441 0x000001bc48c6f310 code [0x000001bc48c6f500, 0x000001bc48c6f918]
Event: 8.174 Thread 0x000001bc621e8c00 7443       3       java.math.MutableBigInteger::<init> (21 bytes)
Event: 8.174 Thread 0x000001bc60bfe950 nmethod 7431 0x000001bc4ff4b490 code [0x000001bc4ff4b620, 0x000001bc4ff4b8d8]
Event: 8.175 Thread 0x000001bc621e8c00 nmethod 7443 0x000001bc48c6fb10 code [0x000001bc48c6fca0, 0x000001bc48c6fe78]
Event: 8.175 Thread 0x000001bc60bfe950 7439       4       java.math.BigInteger::shiftLeftImplWorker (43 bytes)

GC Heap History (20 events):
Event: 3.497 GC heap after
{Heap after GC invocations=8 (full 0):
 garbage-first heap   total 65536K, used 22684K [0x0000000080000000, 0x0000000100000000)
  region size 1024K, 3 young (3072K), 3 survivors (3072K)
 Metaspace       used 34219K, committed 34560K, reserved 1081344K
  class space    used 4687K, committed 4864K, reserved 1048576K
}
Event: 3.710 GC heap before
{Heap before GC invocations=8 (full 0):
 garbage-first heap   total 65536K, used 29852K [0x0000000080000000, 0x0000000100000000)
  region size 1024K, 11 young (11264K), 3 survivors (3072K)
 Metaspace       used 35649K, committed 35968K, reserved 1081344K
  class space    used 4887K, committed 5056K, reserved 1048576K
}
Event: 3.713 GC heap after
{Heap after GC invocations=9 (full 0):
 garbage-first heap   total 65536K, used 23946K [0x0000000080000000, 0x0000000100000000)
  region size 1024K, 3 young (3072K), 3 survivors (3072K)
 Metaspace       used 35649K, committed 35968K, reserved 1081344K
  class space    used 4887K, committed 5056K, reserved 1048576K
}
Event: 4.111 GC heap before
{Heap before GC invocations=10 (full 0):
 garbage-first heap   total 65536K, used 47498K [0x0000000080000000, 0x0000000100000000)
  region size 1024K, 27 young (27648K), 3 survivors (3072K)
 Metaspace       used 40839K, committed 41152K, reserved 1089536K
  class space    used 5380K, committed 5504K, reserved 1048576K
}
Event: 4.116 GC heap after
{Heap after GC invocations=11 (full 0):
 garbage-first heap   total 116736K, used 27291K [0x0000000080000000, 0x0000000100000000)
  region size 1024K, 4 young (4096K), 4 survivors (4096K)
 Metaspace       used 40839K, committed 41152K, reserved 1089536K
  class space    used 5380K, committed 5504K, reserved 1048576K
}
Event: 4.118 GC heap before
{Heap before GC invocations=11 (full 0):
 garbage-first heap   total 116736K, used 28315K [0x0000000080000000, 0x0000000100000000)
  region size 1024K, 5 young (5120K), 4 survivors (4096K)
 Metaspace       used 40839K, committed 41152K, reserved 1089536K
  class space    used 5380K, committed 5504K, reserved 1048576K
}
Event: 4.121 GC heap after
{Heap after GC invocations=12 (full 0):
 garbage-first heap   total 116736K, used 27843K [0x0000000080000000, 0x0000000100000000)
  region size 1024K, 1 young (1024K), 1 survivors (1024K)
 Metaspace       used 40839K, committed 41152K, reserved 1089536K
  class space    used 5380K, committed 5504K, reserved 1048576K
}
Event: 4.887 GC heap before
{Heap before GC invocations=12 (full 0):
 garbage-first heap   total 116736K, used 85187K [0x0000000080000000, 0x0000000100000000)
  region size 1024K, 54 young (55296K), 1 survivors (1024K)
 Metaspace       used 46452K, committed 46848K, reserved 1089536K
  class space    used 6068K, committed 6272K, reserved 1048576K
}
Event: 4.893 GC heap after
{Heap after GC invocations=13 (full 0):
 garbage-first heap   total 116736K, used 31553K [0x0000000080000000, 0x0000000100000000)
  region size 1024K, 5 young (5120K), 5 survivors (5120K)
 Metaspace       used 46452K, committed 46848K, reserved 1089536K
  class space    used 6068K, committed 6272K, reserved 1048576K
}
Event: 5.839 GC heap before
{Heap before GC invocations=13 (full 0):
 garbage-first heap   total 116736K, used 83777K [0x0000000080000000, 0x0000000100000000)
  region size 1024K, 56 young (57344K), 5 survivors (5120K)
 Metaspace       used 52956K, committed 53440K, reserved 1097728K
  class space    used 7046K, committed 7232K, reserved 1048576K
}
Event: 5.844 GC heap after
{Heap after GC invocations=14 (full 0):
 garbage-first heap   total 116736K, used 35233K [0x0000000080000000, 0x0000000100000000)
  region size 1024K, 4 young (4096K), 4 survivors (4096K)
 Metaspace       used 52956K, committed 53440K, reserved 1097728K
  class space    used 7046K, committed 7232K, reserved 1048576K
}
Event: 6.839 GC heap before
{Heap before GC invocations=14 (full 0):
 garbage-first heap   total 116736K, used 74145K [0x0000000080000000, 0x0000000100000000)
  region size 1024K, 44 young (45056K), 4 survivors (4096K)
 Metaspace       used 60062K, committed 60480K, reserved 1105920K
  class space    used 7938K, committed 8128K, reserved 1048576K
}
Event: 6.844 GC heap after
{Heap after GC invocations=15 (full 0):
 garbage-first heap   total 116736K, used 38612K [0x0000000080000000, 0x0000000100000000)
  region size 1024K, 7 young (7168K), 7 survivors (7168K)
 Metaspace       used 60062K, committed 60480K, reserved 1105920K
  class space    used 7938K, committed 8128K, reserved 1048576K
}
Event: 7.619 GC heap before
{Heap before GC invocations=16 (full 0):
 garbage-first heap   total 116736K, used 90836K [0x0000000080000000, 0x0000000100000000)
  region size 1024K, 55 young (56320K), 7 survivors (7168K)
 Metaspace       used 64769K, committed 65280K, reserved 1105920K
  class space    used 8532K, committed 8768K, reserved 1048576K
}
Event: 7.625 GC heap after
{Heap after GC invocations=17 (full 0):
 garbage-first heap   total 116736K, used 48207K [0x0000000080000000, 0x0000000100000000)
  region size 1024K, 7 young (7168K), 7 survivors (7168K)
 Metaspace       used 64769K, committed 65280K, reserved 1105920K
  class space    used 8532K, committed 8768K, reserved 1048576K
}
Event: 8.148 GC heap before
{Heap before GC invocations=17 (full 0):
 garbage-first heap   total 116736K, used 89167K [0x0000000080000000, 0x0000000100000000)
  region size 1024K, 46 young (47104K), 7 survivors (7168K)
 Metaspace       used 71099K, committed 71680K, reserved 1114112K
  class space    used 9339K, committed 9664K, reserved 1048576K
}
Event: 8.152 GC heap after
{Heap after GC invocations=18 (full 0):
 garbage-first heap   total 116736K, used 52092K [0x0000000080000000, 0x0000000100000000)
  region size 1024K, 3 young (3072K), 3 survivors (3072K)
 Metaspace       used 71099K, committed 71680K, reserved 1114112K
  class space    used 9339K, committed 9664K, reserved 1048576K
}
Event: 8.158 GC heap before
{Heap before GC invocations=18 (full 0):
 garbage-first heap   total 116736K, used 57212K [0x0000000080000000, 0x0000000100000000)
  region size 1024K, 7 young (7168K), 3 survivors (3072K)
 Metaspace       used 71099K, committed 71680K, reserved 1114112K
  class space    used 9339K, committed 9664K, reserved 1048576K
}
Event: 8.161 GC heap after
{Heap after GC invocations=19 (full 0):
 garbage-first heap   total 116736K, used 55617K [0x0000000080000000, 0x0000000100000000)
  region size 1024K, 4 young (4096K), 4 survivors (4096K)
 Metaspace       used 71099K, committed 71680K, reserved 1114112K
  class space    used 9339K, committed 9664K, reserved 1048576K
}
Event: 8.178 GC heap before
{Heap before GC invocations=19 (full 0):
 garbage-first heap   total 116736K, used 61761K [0x0000000080000000, 0x0000000100000000)
  region size 1024K, 10 young (10240K), 4 survivors (4096K)
 Metaspace       used 71105K, committed 71680K, reserved 1114112K
  class space    used 9340K, committed 9664K, reserved 1048576K
}

Dll operation events (2 events):
Event: 0.006 Loaded shared library C:\Program Files\Android\Android Studio\jbr\bin\java.dll
Event: 0.366 Loaded shared library C:\Program Files\Android\Android Studio\jbr\bin\verify.dll

Deoptimization events (20 events):
Event: 8.173 Thread 0x000001bc61c638a0 DEOPT PACKING pc=0x000001bc48c56d38 sp=0x000000af4a5f1ab0
Event: 8.173 Thread 0x000001bc61c638a0 DEOPT UNPACKING pc=0x000001bc4f4bace3 sp=0x000000af4a5f0f30 mode 0
Event: 8.173 Thread 0x000001bc61c638a0 DEOPT PACKING pc=0x000001bc48c587b3 sp=0x000000af4a5f1a30
Event: 8.173 Thread 0x000001bc61c638a0 DEOPT UNPACKING pc=0x000001bc4f4bace3 sp=0x000000af4a5f0ea0 mode 0
Event: 8.173 Thread 0x000001bc61c638a0 DEOPT PACKING pc=0x000001bc48c56d38 sp=0x000000af4a5f1ab0
Event: 8.173 Thread 0x000001bc61c638a0 DEOPT UNPACKING pc=0x000001bc4f4bace3 sp=0x000000af4a5f0f30 mode 0
Event: 8.173 Thread 0x000001bc61c638a0 DEOPT PACKING pc=0x000001bc48c56d38 sp=0x000000af4a5f1ab0
Event: 8.173 Thread 0x000001bc61c638a0 DEOPT UNPACKING pc=0x000001bc4f4bace3 sp=0x000000af4a5f0f30 mode 0
Event: 8.173 Thread 0x000001bc61c638a0 DEOPT PACKING pc=0x000001bc48c56d38 sp=0x000000af4a5f1aa0
Event: 8.173 Thread 0x000001bc61c638a0 DEOPT UNPACKING pc=0x000001bc4f4bace3 sp=0x000000af4a5f0f20 mode 0
Event: 8.173 Thread 0x000001bc61c638a0 DEOPT PACKING pc=0x000001bc48c56d38 sp=0x000000af4a5f1ab0
Event: 8.173 Thread 0x000001bc61c638a0 DEOPT UNPACKING pc=0x000001bc4f4bace3 sp=0x000000af4a5f0f30 mode 0
Event: 8.174 Thread 0x000001bc61c638a0 DEOPT PACKING pc=0x000001bc48857c66 sp=0x000000af4a5f19d0
Event: 8.174 Thread 0x000001bc61c638a0 DEOPT UNPACKING pc=0x000001bc4f4bace3 sp=0x000000af4a5f0e50 mode 0
Event: 8.174 Thread 0x000001bc61c638a0 DEOPT PACKING pc=0x000001bc48c56d38 sp=0x000000af4a5f1ab0
Event: 8.174 Thread 0x000001bc61c638a0 DEOPT UNPACKING pc=0x000001bc4f4bace3 sp=0x000000af4a5f0f30 mode 0
Event: 8.174 Thread 0x000001bc61c638a0 DEOPT PACKING pc=0x000001bc48c56d38 sp=0x000000af4a5f1a60
Event: 8.174 Thread 0x000001bc61c638a0 DEOPT UNPACKING pc=0x000001bc4f4bace3 sp=0x000000af4a5f0eb8 mode 0
Event: 8.174 Thread 0x000001bc61c638a0 DEOPT PACKING pc=0x000001bc48c56d38 sp=0x000000af4a5f1a60
Event: 8.174 Thread 0x000001bc61c638a0 DEOPT UNPACKING pc=0x000001bc4f4bace3 sp=0x000000af4a5f0eb8 mode 0

Classes unloaded (0 events):
No events

Classes redefined (0 events):
No events

Internal exceptions (20 events):
Event: 6.915 Thread 0x000001bc61c638a0 Exception <a 'java/lang/NoSuchMethodError'{0x000000008cbe76a8}: 'long java.lang.invoke.DirectMethodHandle$Holder.invokeVirtual(java.lang.Object, java.lang.Object)'> (0x000000008cbe76a8) 
thrown [s\src\hotspot\share\interpreter\linkResolver.cpp, line 771]
Event: 6.917 Thread 0x000001bc62cd3030 Exception <a 'java/lang/NoSuchMethodError'{0x000000008ca882d8}: static Lorg/gradle/internal/build/event/types/DefaultOperationFinishedProgressEvent;.<clinit>()V> (0x000000008ca882d8) 
thrown [s\src\hotspot\share\prims\jni.cpp, line 1108]
Event: 6.919 Thread 0x000001bc62cd3030 Exception <a 'java/lang/NoSuchMethodError'{0x000000008caae378}: static Lorg/gradle/internal/build/event/types/DefaultProjectConfigurationSuccessResult;.<clinit>()V> (0x000000008caae378) 
thrown [s\src\hotspot\share\prims\jni.cpp, line 1108]
Event: 6.919 Thread 0x000001bc62cd3030 Exception <a 'java/lang/NoSuchMethodError'{0x000000008caaf6a0}: static Lorg/gradle/internal/build/event/types/AbstractProjectConfigurationResult;.<clinit>()V> (0x000000008caaf6a0) 
thrown [s\src\hotspot\share\prims\jni.cpp, line 1108]
Event: 6.919 Thread 0x000001bc62cd3030 Exception <a 'java/lang/NoSuchMethodError'{0x000000008cab0c48}: static Lorg/gradle/internal/build/event/types/AbstractOperationResult;.<clinit>()V> (0x000000008cab0c48) 
thrown [s\src\hotspot\share\prims\jni.cpp, line 1108]
Event: 6.919 Thread 0x000001bc62cd3030 Exception <a 'java/lang/NoSuchMethodError'{0x000000008cab1e88}: static Lorg/gradle/internal/build/event/types/AbstractResult;.<clinit>()V> (0x000000008cab1e88) 
thrown [s\src\hotspot\share\prims\jni.cpp, line 1108]
Event: 6.921 Thread 0x000001bc62cd3030 Exception <a 'java/lang/NoSuchMethodError'{0x000000008cacc148}: static Lorg/gradle/internal/build/event/types/DefaultPluginApplicationResult;.<clinit>()V> (0x000000008cacc148) 
thrown [s\src\hotspot\share\prims\jni.cpp, line 1108]
Event: 6.922 Thread 0x000001bc62cd3030 Exception <a 'java/lang/NoSuchMethodError'{0x000000008cad78d0}: static Lorg/gradle/internal/build/event/types/DefaultBinaryPluginIdentifier;.<clinit>()V> (0x000000008cad78d0) 
thrown [s\src\hotspot\share\prims\jni.cpp, line 1108]
Event: 6.925 Thread 0x000001bc62cd3030 Exception <a 'java/lang/NoSuchMethodError'{0x000000008c9000e0}: static Lorg/gradle/internal/build/event/types/DefaultScriptPluginIdentifier;.<clinit>()V> (0x000000008c9000e0) 
thrown [s\src\hotspot\share\prims\jni.cpp, line 1108]
Event: 7.014 Thread 0x000001bc61c638a0 Implicit null exception at 0x000001bc4fec620f to 0x000001bc4fec689c
Event: 7.015 Thread 0x000001bc61c638a0 Implicit null exception at 0x000001bc4fec7114 to 0x000001bc4fec77a0
Event: 7.248 Thread 0x000001bc61c638a0 Exception <a 'java/lang/ClassNotFoundException'{0x0000000085fc7328}: org/gradle/api/internal/plugins/DefaultObjectConfigurationActionBeanInfo> (0x0000000085fc7328) 
thrown [s\src\hotspot\share\classfile\systemDictionary.cpp, line 256]
Event: 7.249 Thread 0x000001bc61c638a0 Exception <a 'java/lang/ClassNotFoundException'{0x0000000085fdb150}: org/gradle/api/internal/plugins/DefaultObjectConfigurationActionCustomizer> (0x0000000085fdb150) 
thrown [s\src\hotspot\share\classfile\systemDictionary.cpp, line 256]
Event: 7.376 Thread 0x000001bc61c638a0 Exception <a 'java/lang/NoSuchMethodError'{0x00000000854c1138}: 'java.lang.Object java.lang.invoke.DirectMethodHandle$Holder.newInvokeSpecial(java.lang.Object, java.lang.Object, java.lang.Object, java.lang.Object, int)'> (0x00000000854c1138) 
thrown [s\src\hotspot\share\interpreter\linkResolver.cpp, line 771]
Event: 7.377 Thread 0x000001bc61c638a0 Exception <a 'java/lang/NoSuchMethodError'{0x00000000854c6580}: 'java.lang.Object java.lang.invoke.DirectMethodHandle$Holder.invokeSpecial(java.lang.Object, java.lang.Object, java.lang.Object, java.lang.Object, java.lang.Object, int)'> (0x00000000854c6580) 
thrown [s\src\hotspot\share\interpreter\linkResolver.cpp, line 771]
Event: 7.377 Thread 0x000001bc61c638a0 Exception <a 'java/lang/NoSuchMethodError'{0x00000000854cb300}: 'java.lang.Object java.lang.invoke.Invokers$Holder.linkToTargetMethod(java.lang.Object, java.lang.Object, java.lang.Object, int, java.lang.Object)'> (0x00000000854cb300) 
thrown [s\src\hotspot\share\interpreter\linkResolver.cpp, line 771]
Event: 7.544 Thread 0x000001bc61c638a0 Exception <a 'java/lang/NoSuchMethodError'{0x00000000840878f0}: 'int java.lang.invoke.DirectMethodHandle$Holder.invokeInterface(java.lang.Object, java.lang.Object, java.lang.Object, java.lang.Object)'> (0x00000000840878f0) 
thrown [s\src\hotspot\share\interpreter\linkResolver.cpp, line 771]
Event: 7.974 Thread 0x000001bc61c638a0 Exception <a 'java/lang/IncompatibleClassChangeError'{0x00000000857723a0}: Found class java.lang.Object, but interface was expected> (0x00000000857723a0) 
thrown [s\src\hotspot\share\interpreter\linkResolver.cpp, line 838]
Event: 8.021 Thread 0x000001bc61c638a0 Implicit null exception at 0x000001bc4fe2d9d4 to 0x000001bc4fe2db7c
Event: 8.120 Thread 0x000001bc61c638a0 Implicit null exception at 0x000001bc4fda760c to 0x000001bc4fda7742

VM Operations (20 events):
Event: 6.863 Executing VM operation: G1Concurrent done
Event: 6.870 Executing VM operation: G1Concurrent
Event: 6.871 Executing VM operation: G1Concurrent done
Event: 7.007 Executing VM operation: ICBufferFull
Event: 7.007 Executing VM operation: ICBufferFull done
Event: 7.537 Executing VM operation: HandshakeAllThreads
Event: 7.537 Executing VM operation: HandshakeAllThreads done
Event: 7.544 Executing VM operation: HandshakeAllThreads
Event: 7.544 Executing VM operation: HandshakeAllThreads done
Event: 7.619 Executing VM operation: G1CollectForAllocation
Event: 7.625 Executing VM operation: G1CollectForAllocation done
Event: 8.080 Executing VM operation: ICBufferFull
Event: 8.080 Executing VM operation: ICBufferFull done
Event: 8.124 Executing VM operation: HandshakeAllThreads
Event: 8.124 Executing VM operation: HandshakeAllThreads done
Event: 8.148 Executing VM operation: G1CollectForAllocation
Event: 8.152 Executing VM operation: G1CollectForAllocation done
Event: 8.157 Executing VM operation: G1TryInitiateConcMark
Event: 8.161 Executing VM operation: G1TryInitiateConcMark done
Event: 8.178 Executing VM operation: G1TryInitiateConcMark

Events (20 events):
Event: 8.129 loading class java/security/cert/CertPathValidatorException done
Event: 8.129 loading class java/time/format/DateTimePrintContext
Event: 8.129 loading class java/time/format/DateTimePrintContext done
Event: 8.130 loading class java/time/Instant$1
Event: 8.130 loading class java/time/Instant$1 done
Event: 8.130 loading class java/security/cert/CertPathValidatorException$BasicReason
Event: 8.130 loading class java/security/cert/CertPathValidatorException$Reason
Event: 8.130 loading class java/security/cert/CertPathValidatorException$Reason done
Event: 8.130 loading class java/security/cert/CertPathValidatorException$BasicReason done
Event: 8.140 loading class java/util/Base64
Event: 8.141 loading class java/util/Base64 done
Event: 8.141 loading class java/util/Base64$Decoder
Event: 8.141 loading class java/util/Base64$Decoder done
Event: 8.141 loading class java/util/Base64$Encoder
Event: 8.142 loading class java/util/Base64$Encoder done
Event: 8.142 loading class java/util/jar/JarVerifier$VerifierStream
Event: 8.142 loading class java/util/jar/JarVerifier$VerifierStream done
Event: 8.143 loading class sun/security/util/ManifestEntryVerifier$SunProviderHolder
Event: 8.143 loading class sun/security/util/ManifestEntryVerifier$SunProviderHolder done
Event: 8.171 Thread 0x000001bc65998810 Thread added: 0x000001bc65998810


Dynamic libraries:
0x00007ff79c220000 - 0x00007ff79c22a000 	C:\Program Files\Android\Android Studio\jbr\bin\java.exe
0x00007ffa6e6a0000 - 0x00007ffa6e908000 	C:\WINDOWS\SYSTEM32\ntdll.dll
0x00007ffa6ccd0000 - 0x00007ffa6cd99000 	C:\WINDOWS\System32\KERNEL32.DLL
0x00007ffa6b430000 - 0x00007ffa6b821000 	C:\WINDOWS\System32\KERNELBASE.dll
0x00007ffa6b220000 - 0x00007ffa6b36b000 	C:\WINDOWS\System32\ucrtbase.dll
0x00007ffa2ceb0000 - 0x00007ffa2cec7000 	C:\Program Files\Android\Android Studio\jbr\bin\jli.dll
0x00007ffa6d530000 - 0x00007ffa6d6f6000 	C:\WINDOWS\System32\USER32.dll
0x00007ffa6b010000 - 0x00007ffa6b037000 	C:\WINDOWS\System32\win32u.dll
0x00007ffa50560000 - 0x00007ffa507f3000 	C:\WINDOWS\WinSxS\amd64_microsoft.windows.common-controls_6595b64144ccf1df_6.0.26100.7824_none_3e0870b2e3345462\COMCTL32.dll
0x00007ffa6d700000 - 0x00007ffa6d72b000 	C:\WINDOWS\System32\GDI32.dll
0x00007ffa6b040000 - 0x00007ffa6b16b000 	C:\WINDOWS\System32\gdi32full.dll
0x00007ffa6d360000 - 0x00007ffa6d409000 	C:\WINDOWS\System32\msvcrt.dll
0x00007ffa6b170000 - 0x00007ffa6b213000 	C:\WINDOWS\System32\msvcp_win.dll
0x00007ffa0e130000 - 0x00007ffa0e14b000 	C:\Program Files\Android\Android Studio\jbr\bin\VCRUNTIME140.dll
0x00007ffa6e050000 - 0x00007ffa6e081000 	C:\WINDOWS\System32\IMM32.DLL
0x00007ffa3e8e0000 - 0x00007ffa3e8ec000 	C:\Program Files\Android\Android Studio\jbr\bin\vcruntime140_1.dll
0x00007ff9d49e0000 - 0x00007ff9d4a6d000 	C:\Program Files\Android\Android Studio\jbr\bin\msvcp140.dll
0x00007ff9f8880000 - 0x00007ff9f94ee000 	C:\Program Files\Android\Android Studio\jbr\bin\server\jvm.dll
0x00007ffa6df90000 - 0x00007ffa6e044000 	C:\WINDOWS\System32\ADVAPI32.dll
0x00007ffa6ce90000 - 0x00007ffa6cf36000 	C:\WINDOWS\System32\sechost.dll
0x00007ffa6d410000 - 0x00007ffa6d528000 	C:\WINDOWS\System32\RPCRT4.dll
0x00007ffa58050000 - 0x00007ffa5805a000 	C:\WINDOWS\SYSTEM32\WSOCK32.dll
0x00007ffa58ce0000 - 0x00007ffa58d15000 	C:\WINDOWS\SYSTEM32\WINMM.dll
0x00007ffa6e5e0000 - 0x00007ffa6e654000 	C:\WINDOWS\System32\WS2_32.dll
0x00007ffa64220000 - 0x00007ffa6422b000 	C:\WINDOWS\SYSTEM32\VERSION.dll
0x00007ffa69ce0000 - 0x00007ffa69cfb000 	C:\WINDOWS\SYSTEM32\kernel.appcore.dll
0x00007ffa56540000 - 0x00007ffa5654a000 	C:\Program Files\Android\Android Studio\jbr\bin\jimage.dll
0x00007ffa69080000 - 0x00007ffa692c2000 	C:\WINDOWS\SYSTEM32\DBGHELP.DLL
0x00007ffa6cf40000 - 0x00007ffa6d2c6000 	C:\WINDOWS\System32\combase.dll
0x00007ffa6cdb0000 - 0x00007ffa6ce87000 	C:\WINDOWS\System32\OLEAUT32.dll
0x00007ffa4d640000 - 0x00007ffa4d67b000 	C:\WINDOWS\SYSTEM32\dbgcore.DLL
0x00007ffa6b830000 - 0x00007ffa6b8d5000 	C:\WINDOWS\System32\bcryptPrimitives.dll
0x00007ffa0a360000 - 0x00007ffa0a385000 	C:\Program Files\Android\Android Studio\jbr\bin\java.dll
0x00007ffa4fb40000 - 0x00007ffa4fb58000 	C:\Program Files\Android\Android Studio\jbr\bin\zip.dll
0x00007ffa6d830000 - 0x00007ffa6df82000 	C:\WINDOWS\System32\SHELL32.dll
0x00007ffa6c2d0000 - 0x00007ffa6c43a000 	C:\WINDOWS\System32\wintypes.dll
0x00007ffa6ba60000 - 0x00007ffa6c2c3000 	C:\WINDOWS\System32\windows.storage.dll
0x00007ffa6c630000 - 0x00007ffa6c726000 	C:\WINDOWS\System32\SHCORE.dll
0x00007ffa6e090000 - 0x00007ffa6e0f7000 	C:\WINDOWS\System32\shlwapi.dll
0x00007ffa6aea0000 - 0x00007ffa6aec9000 	C:\WINDOWS\SYSTEM32\profapi.dll
0x00007ffa4cb00000 - 0x00007ffa4cb19000 	C:\Program Files\Android\Android Studio\jbr\bin\net.dll
0x00007ffa63ea0000 - 0x00007ffa63fc7000 	C:\WINDOWS\SYSTEM32\WINHTTP.dll
0x00007ffa6a230000 - 0x00007ffa6a29b000 	C:\WINDOWS\system32\mswsock.dll
0x00007ffa4caa0000 - 0x00007ffa4cab6000 	C:\Program Files\Android\Android Studio\jbr\bin\nio.dll
0x00007ffa560f0000 - 0x00007ffa56100000 	C:\Program Files\Android\Android Studio\jbr\bin\verify.dll
0x00007ff9e8d00000 - 0x00007ff9e8d27000 	C:\Users\shuik\Desktop\Android Studio\Sdk\native\68d5fa5c4cc2d200863cafc0d521ce42e7d3e7ee720ec0a83991735586a16f82\windows-amd64\native-platform.dll
0x00007ff9d4af0000 - 0x00007ff9d4c34000 	C:\Users\shuik\Desktop\Android Studio\Sdk\native\e376f236ea51e6404a007f0833ffe2c6e607c4080706a723a18a27aeea778392\windows-amd64\native-platform-file-events.dll
0x00007ffa559e0000 - 0x00007ffa559e9000 	C:\Program Files\Android\Android Studio\jbr\bin\management.dll
0x00007ffa509f0000 - 0x00007ffa509fb000 	C:\Program Files\Android\Android Studio\jbr\bin\management_ext.dll
0x00007ffa6d2d0000 - 0x00007ffa6d2d8000 	C:\WINDOWS\System32\PSAPI.DLL
0x00007ffa6a620000 - 0x00007ffa6a63b000 	C:\WINDOWS\SYSTEM32\CRYPTSP.dll
0x00007ffa69c40000 - 0x00007ffa69c79000 	C:\WINDOWS\system32\rsaenh.dll
0x00007ffa6a2e0000 - 0x00007ffa6a30b000 	C:\WINDOWS\SYSTEM32\USERENV.dll
0x00007ffa6ae70000 - 0x00007ffa6ae9a000 	C:\WINDOWS\SYSTEM32\bcrypt.dll
0x00007ffa6a480000 - 0x00007ffa6a48c000 	C:\WINDOWS\SYSTEM32\CRYPTBASE.dll
0x00007ffa696e0000 - 0x00007ffa69714000 	C:\WINDOWS\SYSTEM32\IPHLPAPI.DLL
0x00007ffa6c440000 - 0x00007ffa6c44a000 	C:\WINDOWS\System32\NSI.dll
0x00007ffa64260000 - 0x00007ffa6427e000 	C:\WINDOWS\SYSTEM32\dhcpcsvc6.DLL
0x00007ffa64230000 - 0x00007ffa64253000 	C:\WINDOWS\SYSTEM32\dhcpcsvc.DLL
0x00007ffa69770000 - 0x00007ffa6989c000 	C:\WINDOWS\SYSTEM32\DNSAPI.dll
0x00007ffa4d7d0000 - 0x00007ffa4d7d8000 	C:\WINDOWS\system32\wshunix.dll
0x00007ffa5b4f0000 - 0x00007ffa5b4fb000 	C:\Windows\System32\rasadhlp.dll
0x00007ffa61920000 - 0x00007ffa619a6000 	C:\WINDOWS\System32\fwpuclnt.dll

dbghelp: loaded successfully - version: 4.0.5 - missing functions: none
symbol engine: initialized successfully - sym options: 0x614 - pdb path: .;C:\Program Files\Android\Android Studio\jbr\bin;C:\WINDOWS\SYSTEM32;C:\WINDOWS\WinSxS\amd64_microsoft.windows.common-controls_6595b64144ccf1df_6.0.26100.7824_none_3e0870b2e3345462;C:\Program Files\Android\Android Studio\jbr\bin\server;C:\Users\shuik\Desktop\Android Studio\Sdk\native\68d5fa5c4cc2d200863cafc0d521ce42e7d3e7ee720ec0a83991735586a16f82\windows-amd64;C:\Users\shuik\Desktop\Android Studio\Sdk\native\e376f236ea51e6404a007f0833ffe2c6e607c4080706a723a18a27aeea778392\windows-amd64

VM Arguments:
jvm_args: --add-opens=java.base/java.util=ALL-UNNAMED --add-opens=java.base/java.lang=ALL-UNNAMED --add-opens=java.base/java.lang.invoke=ALL-UNNAMED --add-opens=java.prefs/java.util.prefs=ALL-UNNAMED --add-opens=java.base/java.nio.charset=ALL-UNNAMED --add-opens=java.base/java.net=ALL-UNNAMED --add-opens=java.base/java.util.concurrent.atomic=ALL-UNNAMED -Xmx2048m -Dfile.encoding=UTF-8 -Duser.country=ES -Duser.language=es -Duser.variant 
java_command: org.gradle.launcher.daemon.bootstrap.GradleDaemon 8.0
java_class_path (initial): C:\Users\shuik\Desktop\Android Studio\Sdk\wrapper\dists\gradle-8.0-bin\ca5e32bp14vu59qr306oxotwh\gradle-8.0\lib\gradle-launcher-8.0.jar
Launcher Type: SUN_STANDARD

[Global flags]
     intx CICompilerCount                          = 12                                        {product} {ergonomic}
     uint ConcGCThreads                            = 3                                         {product} {ergonomic}
     uint G1ConcRefinementThreads                  = 13                                        {product} {ergonomic}
   size_t G1HeapRegionSize                         = 1048576                                   {product} {ergonomic}
    uintx GCDrainStackTargetSize                   = 64                                        {product} {ergonomic}
   size_t InitialHeapSize                          = 264241152                                 {product} {ergonomic}
   size_t MarkStackSize                            = 4194304                                   {product} {ergonomic}
   size_t MaxHeapSize                              = 2147483648                                {product} {command line}
   size_t MaxNewSize                               = 1287651328                                {product} {ergonomic}
   size_t MinHeapDeltaBytes                        = 1048576                                   {product} {ergonomic}
   size_t MinHeapSize                              = 8388608                                   {product} {ergonomic}
    uintx NonNMethodCodeHeapSize                   = 7602480                                {pd product} {ergonomic}
    uintx NonProfiledCodeHeapSize                  = 122027880                              {pd product} {ergonomic}
    uintx ProfiledCodeHeapSize                     = 122027880                              {pd product} {ergonomic}
    uintx ReservedCodeCacheSize                    = 251658240                              {pd product} {ergonomic}
     bool SegmentedCodeCache                       = true                                      {product} {ergonomic}
   size_t SoftMaxHeapSize                          = 2147483648                             {manageable} {ergonomic}
     bool UseCompressedClassPointers               = true                           {product lp64_product} {ergonomic}
     bool UseCompressedOops                        = true                           {product lp64_product} {ergonomic}
     bool UseG1GC                                  = true                                      {product} {ergonomic}
     bool UseLargePagesIndividualAllocation        = false                                  {pd product} {ergonomic}

Logging:
Log output configuration:
 #0: stdout all=warning uptime,level,tags
 #1: stderr all=off uptime,level,tags

Environment Variables:
PATH=C:\Program Files\Common Files\Oracle\Java\javapath;C:\Program Files (x86)\Common Files\Oracle\Java\java8path;C:\Program Files (x86)\Common Files\Oracle\Java\javapath;C:\WINDOWS\system32;C:\WINDOWS;C:\WINDOWS\System32\Wbem;C:\WINDOWS\System32\WindowsPowerShell\v1.0\;C:\WINDOWS\System32\OpenSSH\;C:\Program Files\dotnet\;C:\Program Files (x86)\NVIDIA Corporation\PhysX\Common;C:\Program Files\NVIDIA Corporation\NVIDIA app\NvDLISR;C:\Program Files\Docker\Docker\resources\bin;C:\Program Files\Apache\apache-maven-3.9.11\bin;C:\Program Files\nodejs\;C:\Users\shuik\AppData\Local\Programs\Python\Launcher\;C:\Users\shuik\AppData\Local\Microsoft\WindowsApps;C:\Users\shuik\AppData\Local\Programs\Microsoft VS Code\bin;C:\Users\shuik\AppData\Local\GitHubDesktop\bin;C:\Users\shuik\AppData\Local\spicetify;C:\Program Files\MongoDB\Server\8.2\bin;C:\Users\shuik\.dotnet\tools;C:\Users\shuik\AppData\Roaming\npm;C:\Users\shuik\AppData\Local\Programs\Python\Python314\Scripts;C:\Users\shuik\AppData\Local\Programs\Python\Python314;
USERNAME=shuik
OS=Windows_NT
PROCESSOR_IDENTIFIER=Intel64 Family 6 Model 141 Stepping 1, GenuineIntel
TMP=C:\Users\shuik\AppData\Local\Temp
TEMP=C:\Users\shuik\AppData\Local\Temp


JNI global refs:
JNI global refs: 33, weak refs: 0

JNI global refs memory usage: 843, weak refs: 209


---------------  S Y S T E M  ---------------

OS:
 Windows 11 , 64 bit Build 26100 (10.0.26100.7705)
OS uptime: 28 days 19:03 hours
Hyper-V role detected

CPU: total 16 (initial active 16) (8 cores per cpu, 2 threads per core) family 6 model 141 stepping 1 microcode 0x34, cx8, cmov, fxsr, ht, mmx, 3dnowpref, sse, sse2, sse3, ssse3, sse4.1, sse4.2, popcnt, lzcnt, tsc, tscinvbit, avx, avx2, aes, erms, clmul, bmi1, bmi2, adx, avx512f, avx512dq, avx512cd, avx512bw, avx512vl, sha, fma, vzeroupper, avx512_vpopcntdq, avx512_vpclmulqdq, avx512_vaes, avx512_vnni, clflush, clflushopt, clwb, avx512_vbmi2, avx512_vbmi, hv

Memory: 4k page, system-wide physical 16085M (2561M free)
TotalPageFile size 65237M (AvailPageFile size 109M)
current process WorkingSet (physical memory assigned to process): 316M, peak: 358M
current process commit charge ("private bytes"): 507M, peak: 604M

vm_info: OpenJDK 64-Bit Server VM (17.0.6+0-b2043.56-10027231) for windows-amd64 JRE (17.0.6+0-b2043.56-10027231), built on Apr 28 2023 00:43:19 by "androidbuild" with MS VC++ 16.10 / 16.11 (VS2019)

END.
