#
# There is insufficient memory for the Java Runtime Environment to continue.
# Native memory allocation (malloc) failed to allocate 1380032 bytes for Chunk::new
# Possible reasons:
#   The system is out of physical RAM or swap space
#   The process is running with CompressedOops enabled, and the Java Heap may be blocking the growth of the native heap
# Possible solutions:
#   Reduce memory load on the system
#   Increase physical memory or swap space
#   Check if swap backing store is full
#   Decrease Java heap size (-Xmx/-Xms)
#   Decrease number of Java threads
#   Decrease Java thread stack sizes (-Xss)
#   Set larger code cache with -XX:ReservedCodeCacheSize=
#   JVM is running with Unscaled Compressed Oops mode in which the Java heap is
#     placed in the first 4GB address space. The Java Heap base address is the
#     maximum limit for the native heap growth. Please use -XX:HeapBaseMinAddress
#     to set the Java Heap base and to place the Java Heap above 4GB virtual address.
# This output file may be truncated or incomplete.
#
#  Out of Memory Error (arena.cpp:189), pid=12264, tid=11200
#
# JRE version: OpenJDK Runtime Environment (17.0.6) (build 17.0.6+0-b2043.56-10027231)
# Java VM: OpenJDK 64-Bit Server VM (17.0.6+0-b2043.56-10027231, mixed mode, tiered, compressed oops, compressed class ptrs, g1 gc, windows-amd64)
# No core dump will be written. Minidumps are not enabled by default on client versions of Windows
#

---------------  S U M M A R Y ------------

Command Line: --add-opens=java.base/java.util=ALL-UNNAMED --add-opens=java.base/java.lang=ALL-UNNAMED --add-opens=java.base/java.lang.invoke=ALL-UNNAMED --add-opens=java.prefs/java.util.prefs=ALL-UNNAMED --add-opens=java.base/java.nio.charset=ALL-UNNAMED --add-opens=java.base/java.net=ALL-UNNAMED --add-opens=java.base/java.util.concurrent.atomic=ALL-UNNAMED -Xmx2048m -Dfile.encoding=UTF-8 -Duser.country=ES -Duser.language=es -Duser.variant org.gradle.launcher.daemon.bootstrap.GradleDaemon 8.0

Host: 11th Gen Intel(R) Core(TM) i7-11800H @ 2.30GHz, 16 cores, 15G,  Windows 11 , 64 bit Build 26100 (10.0.26100.7705)
Time: Fri Mar 13 12:43:59 2026 Hora estándar romance elapsed time: 14.617216 seconds (0d 0h 0m 14s)

---------------  T H R E A D  ---------------

Current thread (0x00000278c7bdcb60):  JavaThread "C2 CompilerThread2" daemon [_thread_in_native, id=11200, stack(0x000000bf1b400000,0x000000bf1b500000)]


Current CompileTask:
C2:  14617 11190   !   4       java.util.jar.Attributes::read (494 bytes)

Stack: [0x000000bf1b400000,0x000000bf1b500000]
Native frames: (J=compiled Java code, j=interpreted, Vv=VM code, C=native code)
V  [jvm.dll+0x683c9a]
V  [jvm.dll+0x8427a4]
V  [jvm.dll+0x843f9e]
V  [jvm.dll+0x844603]
V  [jvm.dll+0x249b75]
V  [jvm.dll+0xabcac]
V  [jvm.dll+0xac27c]
V  [jvm.dll+0x368857]
V  [jvm.dll+0x332f31]
V  [jvm.dll+0x3323da]
V  [jvm.dll+0x21c201]
V  [jvm.dll+0x21b621]
V  [jvm.dll+0x1a4fdd]
V  [jvm.dll+0x22b098]
V  [jvm.dll+0x229159]
V  [jvm.dll+0x7f81ec]
V  [jvm.dll+0x7f274a]
V  [jvm.dll+0x682ad5]
C  [ucrtbase.dll+0x37b0]
C  [KERNEL32.DLL+0x2e8d7]
C  [ntdll.dll+0x8c40c]


---------------  P R O C E S S  ---------------

Threads class SMR info:
_java_thread_list=0x00000278cbc16a70, length=235, elements={
0x00000278a726dad0, 0x00000278c3a38f90, 0x00000278c3a39660, 0x00000278c3a45f60,
0x00000278c3a46430, 0x00000278c3a80020, 0x00000278c3a84500, 0x00000278c3a8d950,
0x00000278c3a8de60, 0x00000278c3a96380, 0x00000278c3c077b0, 0x00000278c3c07c80,
0x00000278c7745c90, 0x00000278c5fc71d0, 0x00000278c7056de0, 0x00000278c6919030,
0x00000278c69b73c0, 0x00000278c6ed8d70, 0x00000278c6ed7560, 0x00000278c6ed7f00,
0x00000278c6ed83d0, 0x00000278c6ed5d50, 0x00000278c6ed6220, 0x00000278c6ed88a0,
0x00000278c6ed9240, 0x00000278c6ed7090, 0x00000278c6ed66f0, 0x00000278c6ed6bc0,
0x00000278c6ed9710, 0x00000278c6ed7a30, 0x00000278c85b8070, 0x00000278c85bbf00,
0x00000278c85b9880, 0x00000278c85ba6f0, 0x00000278c85b93b0, 0x00000278c85b8ee0,
0x00000278c85bba30, 0x00000278c85bc3d0, 0x00000278c85b8a10, 0x00000278c85bea50,
0x00000278c85bcd70, 0x00000278c85bd710, 0x00000278c85bef20, 0x00000278c85bdbe0,
0x00000278c85be0b0, 0x00000278c85be580, 0x00000278c85bf3f0, 0x00000278c85bf8c0,
0x00000278c85bc8a0, 0x00000278cd509590, 0x00000278cd50a400, 0x00000278cd50c5b0,
0x00000278cd50bc10, 0x00000278cd50b270, 0x00000278cd509a60, 0x00000278cd50ca80,
0x00000278cd509f30, 0x00000278cd5090c0, 0x00000278cd50a8d0, 0x00000278cd50ada0,
0x00000278cd50b740, 0x00000278cd50c0e0, 0x00000278c4b44fc0, 0x00000278c4b44150,
0x00000278c4b44620, 0x00000278c4b467d0, 0x00000278c4b42e10, 0x00000278c4b45960,
0x00000278c4b45e30, 0x00000278c4b46300, 0x00000278c4b45490, 0x00000278c4b43c80,
0x00000278c4b46ca0, 0x00000278c4b44af0, 0x00000278c4b432e0, 0x00000278c4b47170,
0x00000278c4b437b0, 0x00000278c4b48980, 0x00000278c4b4a660, 0x00000278c4b49320,
0x00000278c4b48e50, 0x00000278c4b47640, 0x00000278c4b47b10, 0x00000278c4b47fe0,
0x00000278c4b484b0, 0x00000278c4b497f0, 0x00000278c4b49cc0, 0x00000278c4b4a190,
0x00000278cb879090, 0x00000278cb877880, 0x00000278cb879560, 0x00000278cb876a10,
0x00000278cb876ee0, 0x00000278cb878bc0, 0x00000278cb877d50, 0x00000278cb878220,
0x00000278cb879a30, 0x00000278cb8786f0, 0x00000278cb876070, 0x00000278cb876540,
0x00000278cb8773b0, 0x00000278c992f6d0, 0x00000278c992ed30, 0x00000278c9931880,
0x00000278c992dec0, 0x00000278c99313b0, 0x00000278c992fba0, 0x00000278c9930070,
0x00000278c9930540, 0x00000278c9930a10, 0x00000278c992e390, 0x00000278c9930ee0,
0x00000278c9931d50, 0x00000278c9932220, 0x00000278c992e860, 0x00000278c99326f0,
0x00000278c9932bc0, 0x00000278c992f200, 0x00000278c9934d70, 0x00000278c9933f00,
0x00000278c9933090, 0x00000278c99343d0, 0x00000278c9933a30, 0x00000278c99348a0,
0x00000278c9935240, 0x00000278c9933560, 0x00000278c9935710, 0x00000278c4bdbbe0,
0x00000278c4bde730, 0x00000278c4bdb710, 0x00000278c4bdcf20, 0x00000278c4bdd3f0,
0x00000278c4bdad70, 0x00000278c4bdb240, 0x00000278c4bdf0d0, 0x00000278c4bdca50,
0x00000278c4bdc580, 0x00000278c4bde260, 0x00000278c4bdd8c0, 0x00000278c4bdf5a0,
0x00000278c4bddd90, 0x00000278c4be25c0, 0x00000278c4bdc0b0, 0x00000278c4be08e0,
0x00000278c4be0410, 0x00000278c4bdfa70, 0x00000278c4be0db0, 0x00000278c4bdec00,
0x00000278c4bdff40, 0x00000278c4be1c20, 0x00000278c4be1280, 0x00000278c4be1750,
0x00000278c4be20f0, 0x00000278c745d520, 0x00000278c745d9f0, 0x00000278c7460070,
0x00000278c7460540, 0x00000278c745ed30, 0x00000278c745e390, 0x00000278c7460a10,
0x00000278c745d050, 0x00000278c745f200, 0x00000278c745f6d0, 0x00000278c745e860,
0x00000278c745fba0, 0x00000278c745dec0, 0x00000278c74643d0, 0x00000278c7463090,
0x00000278c7463a30, 0x00000278c7462bc0, 0x00000278c7461880, 0x00000278c7463560,
0x00000278c7463f00, 0x00000278c74626f0, 0x00000278c7461d50, 0x00000278c7462220,
0x00000278c74648a0, 0x00000278ca14f4f0, 0x00000278ca14f9c0, 0x00000278c7bdb720,
0x00000278c7bdcb60, 0x00000278ca150360, 0x00000278ca155060, 0x00000278ca155a00,
0x00000278ca1541f0, 0x00000278ca153380, 0x00000278ca155530, 0x00000278ca153d20,
0x00000278ca152eb0, 0x00000278ca153850, 0x00000278ca1546c0, 0x00000278ca154b90,
0x00000278ca155ed0, 0x00000278ca1563a0, 0x00000278d19b39c0, 0x00000278d19b4830,
0x00000278d19b4d00, 0x00000278d19b2b50, 0x00000278d19b51d0, 0x00000278d19b6040,
0x00000278d19b56a0, 0x00000278d19b5b70, 0x00000278d19b2680, 0x00000278d19b6510,
0x00000278d19b69e0, 0x00000278d19b3020, 0x00000278d19b6eb0, 0x00000278d19b7380,
0x00000278d19b9530, 0x00000278d19b81f0, 0x00000278d19b7850, 0x00000278d19b9a00,
0x00000278d19b7d20, 0x00000278d19b86c0, 0x00000278cd5dff00, 0x00000278cc461280,
0x00000278cc461c20, 0x00000278cc460410, 0x00000278cfbc8210, 0x00000278cfbc8bb0,
0x00000278cfbc9080, 0x00000278cfbc7870, 0x00000278cfbc7d40, 0x00000278cfbc86e0,
0x00000278cd9c99a0, 0x00000278cd9ca340, 0x00000278cd9c8660, 0x00000278cd9c77f0,
0x00000278cd9c8b30, 0x00000278cf5f5f60, 0x00000278cf5f72a0, 0x00000278cd9c8190,
0x00000278cd9c9000, 0x00000278cf5f6900, 0x00000278cf3e3da0
}

Java Threads: ( => current thread )
  0x00000278a726dad0 JavaThread "main" [_thread_blocked, id=4444, stack(0x000000bf17e00000,0x000000bf17f00000)]
  0x00000278c3a38f90 JavaThread "Reference Handler" daemon [_thread_blocked, id=6516, stack(0x000000bf18500000,0x000000bf18600000)]
  0x00000278c3a39660 JavaThread "Finalizer" daemon [_thread_blocked, id=8956, stack(0x000000bf18600000,0x000000bf18700000)]
  0x00000278c3a45f60 JavaThread "Signal Dispatcher" daemon [_thread_blocked, id=11644, stack(0x000000bf18700000,0x000000bf18800000)]
  0x00000278c3a46430 JavaThread "Attach Listener" daemon [_thread_blocked, id=20188, stack(0x000000bf18800000,0x000000bf18900000)]
  0x00000278c3a80020 JavaThread "Service Thread" daemon [_thread_blocked, id=16252, stack(0x000000bf18900000,0x000000bf18a00000)]
  0x00000278c3a84500 JavaThread "Monitor Deflation Thread" daemon [_thread_blocked, id=15080, stack(0x000000bf18a00000,0x000000bf18b00000)]
  0x00000278c3a8d950 JavaThread "C2 CompilerThread0" daemon [_thread_blocked, id=12568, stack(0x000000bf18b00000,0x000000bf18c00000)]
  0x00000278c3a8de60 JavaThread "C1 CompilerThread0" daemon [_thread_blocked, id=20744, stack(0x000000bf18c00000,0x000000bf18d00000)]
  0x00000278c3a96380 JavaThread "Sweeper thread" daemon [_thread_blocked, id=1104, stack(0x000000bf18d00000,0x000000bf18e00000)]
  0x00000278c3c077b0 JavaThread "Common-Cleaner" daemon [_thread_blocked, id=17700, stack(0x000000bf18f00000,0x000000bf19000000)]
  0x00000278c3c07c80 JavaThread "Notification Thread" daemon [_thread_blocked, id=7372, stack(0x000000bf19000000,0x000000bf19100000)]
  0x00000278c7745c90 JavaThread "Daemon health stats" [_thread_blocked, id=17452, stack(0x000000bf19b00000,0x000000bf19c00000)]
  0x00000278c5fc71d0 JavaThread "Incoming local TCP Connector on port 51416" [_thread_in_native, id=18848, stack(0x000000bf19c00000,0x000000bf19d00000)]
  0x00000278c7056de0 JavaThread "Daemon periodic checks" [_thread_blocked, id=2972, stack(0x000000bf19d00000,0x000000bf19e00000)]
  0x00000278c6919030 JavaThread "Daemon" [_thread_blocked, id=22760, stack(0x000000bf19e00000,0x000000bf19f00000)]
  0x00000278c69b73c0 JavaThread "Handler for socket connection from /127.0.0.1:51416 to /127.0.0.1:51417" [_thread_in_native, id=17144, stack(0x000000bf19f00000,0x000000bf1a000000)]
  0x00000278c6ed8d70 JavaThread "Cancel handler" [_thread_blocked, id=19220, stack(0x000000bf1a000000,0x000000bf1a100000)]
  0x00000278c6ed7560 JavaThread "Daemon worker" [_thread_blocked, id=18068, stack(0x000000bf1a100000,0x000000bf1a200000)]
  0x00000278c6ed7f00 JavaThread "Asynchronous log dispatcher for DefaultDaemonConnection: socket connection from /127.0.0.1:51416 to /127.0.0.1:51417" [_thread_blocked, id=11020, stack(0x000000bf1a200000,0x000000bf1a300000)]
  0x00000278c6ed83d0 JavaThread "Stdin handler" [_thread_blocked, id=1896, stack(0x000000bf1a300000,0x000000bf1a400000)]
  0x00000278c6ed5d50 JavaThread "Daemon client event forwarder" [_thread_blocked, id=7048, stack(0x000000bf1a400000,0x000000bf1a500000)]
  0x00000278c6ed6220 JavaThread "Cache worker for journal cache (C:\Users\shuik\Desktop\Android Studio\Sdk\caches\journal-1)" [_thread_blocked, id=19484, stack(0x000000bf1ad00000,0x000000bf1ae00000)]
  0x00000278c6ed88a0 JavaThread "File lock request listener" [_thread_in_native, id=18472, stack(0x000000bf1ae00000,0x000000bf1af00000)]
  0x00000278c6ed9240 JavaThread "Cache worker for file hash cache (C:\Users\shuik\Desktop\Android Studio\Sdk\caches\8.0\fileHashes)" [_thread_blocked, id=13492, stack(0x000000bf1af00000,0x000000bf1b000000)]
  0x00000278c6ed7090 JavaThread "File watcher server" daemon [_thread_in_native, id=17648, stack(0x000000bf1b500000,0x000000bf1b600000)]
  0x00000278c6ed66f0 JavaThread "File watcher consumer" daemon [_thread_blocked, id=1584, stack(0x000000bf1b600000,0x000000bf1b700000)]
  0x00000278c6ed6bc0 JavaThread "Cache worker for checksums cache (C:\Users\shuik\Documents\GitHub\Ovulitos\Android_Ovulitos\.gradle\8.0\checksums)" [_thread_blocked, id=22120, stack(0x000000bf1b700000,0x000000bf1b800000)]
  0x00000278c6ed9710 JavaThread "Cache worker for cache directory md-rule (C:\Users\shuik\Desktop\Android Studio\Sdk\caches\8.0\md-rule)" [_thread_blocked, id=11548, stack(0x000000bf1b800000,0x000000bf1b900000)]
  0x00000278c6ed7a30 JavaThread "Cache worker for file content cache (C:\Users\shuik\Desktop\Android Studio\Sdk\caches\8.0\fileContent)" [_thread_blocked, id=21096, stack(0x000000bf1b900000,0x000000bf1ba00000)]
  0x00000278c85b8070 JavaThread "Cache worker for file hash cache (C:\Users\shuik\Documents\GitHub\Ovulitos\Android_Ovulitos\.gradle\8.0\fileHashes)" [_thread_blocked, id=15204, stack(0x000000bf1ba00000,0x000000bf1bb00000)]
  0x00000278c85bbf00 JavaThread "Cache worker for cache directory md-supplier (C:\Users\shuik\Desktop\Android Studio\Sdk\caches\8.0\md-supplier)" [_thread_blocked, id=23168, stack(0x000000bf1bb00000,0x000000bf1bc00000)]
  0x00000278c85b9880 JavaThread "Cache worker for execution history cache (C:\Users\shuik\Desktop\Android Studio\Sdk\caches\8.0\executionHistory)" [_thread_blocked, id=7100, stack(0x000000bf1bc00000,0x000000bf1bd00000)]
  0x00000278c85ba6f0 JavaThread "jar transforms" [_thread_blocked, id=7432, stack(0x000000bf1bd00000,0x000000bf1be00000)]
  0x00000278c85b93b0 JavaThread "jar transforms Thread 2" [_thread_blocked, id=3544, stack(0x000000bf1be00000,0x000000bf1bf00000)]
  0x00000278c85b8ee0 JavaThread "Cache worker for kotlin-dsl (C:\Users\shuik\Desktop\Android Studio\Sdk\caches\8.0\kotlin-dsl)" [_thread_blocked, id=10904, stack(0x000000bf1c200000,0x000000bf1c300000)]
  0x00000278c85bba30 JavaThread "jar transforms Thread 3" [_thread_blocked, id=19252, stack(0x000000bf1c300000,0x000000bf1c400000)]
  0x00000278c85bc3d0 JavaThread "jar transforms Thread 4" [_thread_blocked, id=7632, stack(0x000000bf1c100000,0x000000bf1c200000)]
  0x00000278c85b8a10 JavaThread "Cache worker for dependencies-accessors (C:\Users\shuik\Documents\GitHub\Ovulitos\Android_Ovulitos\.gradle\8.0\dependencies-accessors)" [_thread_blocked, id=8080, stack(0x000000bf1c400000,0x000000bf1c500000)]
  0x00000278c85bea50 JavaThread "Cache worker for Build Output Cleanup Cache (C:\Users\shuik\Documents\GitHub\Ovulitos\Android_Ovulitos\.gradle\buildOutputCleanup)" [_thread_blocked, id=3376, stack(0x000000bf1c500000,0x000000bf1c600000)]
  0x00000278c85bcd70 JavaThread "jar transforms Thread 5" [_thread_blocked, id=17644, stack(0x000000bf1c600000,0x000000bf1c700000)]
  0x00000278c85bd710 JavaThread "Unconstrained build operations" [_thread_blocked, id=9944, stack(0x000000bf1c700000,0x000000bf1c800000)]
  0x00000278c85bef20 JavaThread "Unconstrained build operations Thread 2" [_thread_blocked, id=304, stack(0x000000bf1c800000,0x000000bf1c900000)]
  0x00000278c85bdbe0 JavaThread "Unconstrained build operations Thread 3" [_thread_blocked, id=10648, stack(0x000000bf1c900000,0x000000bf1ca00000)]
  0x00000278c85be0b0 JavaThread "Unconstrained build operations Thread 4" [_thread_blocked, id=23380, stack(0x000000bf1ca00000,0x000000bf1cb00000)]
  0x00000278c85be580 JavaThread "Unconstrained build operations Thread 5" [_thread_blocked, id=3052, stack(0x000000bf1cb00000,0x000000bf1cc00000)]
  0x00000278c85bf3f0 JavaThread "Unconstrained build operations Thread 6" [_thread_blocked, id=1932, stack(0x000000bf1cc00000,0x000000bf1cd00000)]
  0x00000278c85bf8c0 JavaThread "Unconstrained build operations Thread 7" [_thread_blocked, id=18808, stack(0x000000bf1cd00000,0x000000bf1ce00000)]
  0x00000278c85bc8a0 JavaThread "Unconstrained build operations Thread 8" [_thread_blocked, id=1892, stack(0x000000bf1ce00000,0x000000bf1cf00000)]
  0x00000278cd509590 JavaThread "Unconstrained build operations Thread 9" [_thread_blocked, id=2336, stack(0x000000bf1cf00000,0x000000bf1d000000)]
  0x00000278cd50a400 JavaThread "Unconstrained build operations Thread 10" [_thread_blocked, id=21728, stack(0x000000bf1d000000,0x000000bf1d100000)]
  0x00000278cd50c5b0 JavaThread "Unconstrained build operations Thread 11" [_thread_blocked, id=3236, stack(0x000000bf1d100000,0x000000bf1d200000)]
  0x00000278cd50bc10 JavaThread "Unconstrained build operations Thread 12" [_thread_blocked, id=5728, stack(0x000000bf1d200000,0x000000bf1d300000)]
  0x00000278cd50b270 JavaThread "Unconstrained build operations Thread 13" [_thread_blocked, id=19564, stack(0x000000bf1d300000,0x000000bf1d400000)]
  0x00000278cd509a60 JavaThread "Unconstrained build operations Thread 14" [_thread_blocked, id=12772, stack(0x000000bf1d400000,0x000000bf1d500000)]
  0x00000278cd50ca80 JavaThread "Unconstrained build operations Thread 15" [_thread_blocked, id=17228, stack(0x000000bf1d500000,0x000000bf1d600000)]
  0x00000278cd509f30 JavaThread "Unconstrained build operations Thread 16" [_thread_blocked, id=3272, stack(0x000000bf1d600000,0x000000bf1d700000)]
  0x00000278cd5090c0 JavaThread "Unconstrained build operations Thread 17" [_thread_blocked, id=19784, stack(0x000000bf1d700000,0x000000bf1d800000)]
  0x00000278cd50a8d0 JavaThread "Unconstrained build operations Thread 18" [_thread_blocked, id=18632, stack(0x000000bf1d800000,0x000000bf1d900000)]
  0x00000278cd50ada0 JavaThread "Unconstrained build operations Thread 19" [_thread_blocked, id=8456, stack(0x000000bf1d900000,0x000000bf1da00000)]
  0x00000278cd50b740 JavaThread "Unconstrained build operations Thread 20" [_thread_blocked, id=7684, stack(0x000000bf1da00000,0x000000bf1db00000)]
  0x00000278cd50c0e0 JavaThread "Unconstrained build operations Thread 21" [_thread_blocked, id=20996, stack(0x000000bf1db00000,0x000000bf1dc00000)]
  0x00000278c4b44fc0 JavaThread "Unconstrained build operations Thread 22" [_thread_blocked, id=22476, stack(0x000000bf1dc00000,0x000000bf1dd00000)]
  0x00000278c4b44150 JavaThread "Unconstrained build operations Thread 23" [_thread_blocked, id=3972, stack(0x000000bf1dd00000,0x000000bf1de00000)]
  0x00000278c4b44620 JavaThread "Unconstrained build operations Thread 24" [_thread_blocked, id=15292, stack(0x000000bf1de00000,0x000000bf1df00000)]
  0x00000278c4b467d0 JavaThread "Unconstrained build operations Thread 25" [_thread_blocked, id=21904, stack(0x000000bf1df00000,0x000000bf1e000000)]
  0x00000278c4b42e10 JavaThread "Unconstrained build operations Thread 26" [_thread_blocked, id=23176, stack(0x000000bf1e000000,0x000000bf1e100000)]
  0x00000278c4b45960 JavaThread "Unconstrained build operations Thread 27" [_thread_blocked, id=21544, stack(0x000000bf1e100000,0x000000bf1e200000)]
  0x00000278c4b45e30 JavaThread "Unconstrained build operations Thread 28" [_thread_blocked, id=15220, stack(0x000000bf1e200000,0x000000bf1e300000)]
  0x00000278c4b46300 JavaThread "Unconstrained build operations Thread 29" [_thread_blocked, id=2772, stack(0x000000bf1e300000,0x000000bf1e400000)]
  0x00000278c4b45490 JavaThread "Unconstrained build operations Thread 30" [_thread_blocked, id=5740, stack(0x000000bf1e400000,0x000000bf1e500000)]
  0x00000278c4b43c80 JavaThread "Unconstrained build operations Thread 31" [_thread_blocked, id=21932, stack(0x000000bf1e500000,0x000000bf1e600000)]
  0x00000278c4b46ca0 JavaThread "Unconstrained build operations Thread 32" [_thread_blocked, id=18468, stack(0x000000bf1e600000,0x000000bf1e700000)]
  0x00000278c4b44af0 JavaThread "Unconstrained build operations Thread 33" [_thread_blocked, id=21980, stack(0x000000bf1e700000,0x000000bf1e800000)]
  0x00000278c4b432e0 JavaThread "Unconstrained build operations Thread 34" [_thread_blocked, id=13640, stack(0x000000bf1e800000,0x000000bf1e900000)]
  0x00000278c4b47170 JavaThread "Unconstrained build operations Thread 35" [_thread_blocked, id=19172, stack(0x000000bf1e900000,0x000000bf1ea00000)]
  0x00000278c4b437b0 JavaThread "Unconstrained build operations Thread 36" [_thread_blocked, id=10540, stack(0x000000bf1ea00000,0x000000bf1eb00000)]
  0x00000278c4b48980 JavaThread "Unconstrained build operations Thread 37" [_thread_blocked, id=2456, stack(0x000000bf1eb00000,0x000000bf1ec00000)]
  0x00000278c4b4a660 JavaThread "Unconstrained build operations Thread 38" [_thread_blocked, id=4680, stack(0x000000bf1ec00000,0x000000bf1ed00000)]
  0x00000278c4b49320 JavaThread "Unconstrained build operations Thread 39" [_thread_blocked, id=10612, stack(0x000000bf1ed00000,0x000000bf1ee00000)]
  0x00000278c4b48e50 JavaThread "Unconstrained build operations Thread 40" [_thread_blocked, id=23096, stack(0x000000bf1ee00000,0x000000bf1ef00000)]
  0x00000278c4b47640 JavaThread "Unconstrained build operations Thread 41" [_thread_blocked, id=17100, stack(0x000000bf1ef00000,0x000000bf1f000000)]
  0x00000278c4b47b10 JavaThread "Unconstrained build operations Thread 42" [_thread_blocked, id=20972, stack(0x000000bf1f000000,0x000000bf1f100000)]
  0x00000278c4b47fe0 JavaThread "Unconstrained build operations Thread 43" [_thread_blocked, id=15844, stack(0x000000bf1f100000,0x000000bf1f200000)]
  0x00000278c4b484b0 JavaThread "Unconstrained build operations Thread 44" [_thread_blocked, id=14008, stack(0x000000bf1f200000,0x000000bf1f300000)]
  0x00000278c4b497f0 JavaThread "Unconstrained build operations Thread 45" [_thread_blocked, id=18984, stack(0x000000bf1f300000,0x000000bf1f400000)]
  0x00000278c4b49cc0 JavaThread "Unconstrained build operations Thread 46" [_thread_blocked, id=6404, stack(0x000000bf1f400000,0x000000bf1f500000)]
  0x00000278c4b4a190 JavaThread "Unconstrained build operations Thread 47" [_thread_blocked, id=16988, stack(0x000000bf1f500000,0x000000bf1f600000)]
  0x00000278cb879090 JavaThread "Unconstrained build operations Thread 48" [_thread_blocked, id=18100, stack(0x000000bf1f600000,0x000000bf1f700000)]
  0x00000278cb877880 JavaThread "Unconstrained build operations Thread 49" [_thread_blocked, id=2952, stack(0x000000bf1f700000,0x000000bf1f800000)]
  0x00000278cb879560 JavaThread "Unconstrained build operations Thread 50" [_thread_blocked, id=12240, stack(0x000000bf1f800000,0x000000bf1f900000)]
  0x00000278cb876a10 JavaThread "Unconstrained build operations Thread 51" [_thread_blocked, id=22252, stack(0x000000bf1f900000,0x000000bf1fa00000)]
  0x00000278cb876ee0 JavaThread "Unconstrained build operations Thread 52" [_thread_blocked, id=14584, stack(0x000000bf1fa00000,0x000000bf1fb00000)]
  0x00000278cb878bc0 JavaThread "Unconstrained build operations Thread 53" [_thread_blocked, id=20780, stack(0x000000bf1fb00000,0x000000bf1fc00000)]
  0x00000278cb877d50 JavaThread "Unconstrained build operations Thread 54" [_thread_blocked, id=3960, stack(0x000000bf1fc00000,0x000000bf1fd00000)]
  0x00000278cb878220 JavaThread "Unconstrained build operations Thread 55" [_thread_blocked, id=1968, stack(0x000000bf1fd00000,0x000000bf1fe00000)]
  0x00000278cb879a30 JavaThread "Unconstrained build operations Thread 56" [_thread_blocked, id=16772, stack(0x000000bf1fe00000,0x000000bf1ff00000)]
  0x00000278cb8786f0 JavaThread "Unconstrained build operations Thread 57" [_thread_blocked, id=3116, stack(0x000000bf1ff00000,0x000000bf20000000)]
  0x00000278cb876070 JavaThread "Unconstrained build operations Thread 58" [_thread_blocked, id=21024, stack(0x000000bf20000000,0x000000bf20100000)]
  0x00000278cb876540 JavaThread "Unconstrained build operations Thread 59" [_thread_blocked, id=13412, stack(0x000000bf20100000,0x000000bf20200000)]
  0x00000278cb8773b0 JavaThread "Unconstrained build operations Thread 60" [_thread_blocked, id=16804, stack(0x000000bf20200000,0x000000bf20300000)]
  0x00000278c992f6d0 JavaThread "Unconstrained build operations Thread 61" [_thread_blocked, id=1188, stack(0x000000bf20300000,0x000000bf20400000)]
  0x00000278c992ed30 JavaThread "Unconstrained build operations Thread 62" [_thread_blocked, id=10872, stack(0x000000bf20400000,0x000000bf20500000)]
  0x00000278c9931880 JavaThread "Unconstrained build operations Thread 63" [_thread_blocked, id=7468, stack(0x000000bf20500000,0x000000bf20600000)]
  0x00000278c992dec0 JavaThread "Unconstrained build operations Thread 64" [_thread_blocked, id=6652, stack(0x000000bf20600000,0x000000bf20700000)]
  0x00000278c99313b0 JavaThread "Unconstrained build operations Thread 65" [_thread_blocked, id=9588, stack(0x000000bf20700000,0x000000bf20800000)]
  0x00000278c992fba0 JavaThread "Unconstrained build operations Thread 66" [_thread_blocked, id=18208, stack(0x000000bf20800000,0x000000bf20900000)]
  0x00000278c9930070 JavaThread "Unconstrained build operations Thread 67" [_thread_blocked, id=16548, stack(0x000000bf20900000,0x000000bf20a00000)]
  0x00000278c9930540 JavaThread "Unconstrained build operations Thread 68" [_thread_blocked, id=14732, stack(0x000000bf20a00000,0x000000bf20b00000)]
  0x00000278c9930a10 JavaThread "Unconstrained build operations Thread 69" [_thread_blocked, id=21304, stack(0x000000bf20b00000,0x000000bf20c00000)]
  0x00000278c992e390 JavaThread "Unconstrained build operations Thread 70" [_thread_blocked, id=20632, stack(0x000000bf20c00000,0x000000bf20d00000)]
  0x00000278c9930ee0 JavaThread "Unconstrained build operations Thread 71" [_thread_blocked, id=14252, stack(0x000000bf20d00000,0x000000bf20e00000)]
  0x00000278c9931d50 JavaThread "Unconstrained build operations Thread 72" [_thread_blocked, id=21956, stack(0x000000bf20e00000,0x000000bf20f00000)]
  0x00000278c9932220 JavaThread "Unconstrained build operations Thread 73" [_thread_blocked, id=14888, stack(0x000000bf20f00000,0x000000bf21000000)]
  0x00000278c992e860 JavaThread "Unconstrained build operations Thread 74" [_thread_blocked, id=2296, stack(0x000000bf21000000,0x000000bf21100000)]
  0x00000278c99326f0 JavaThread "Unconstrained build operations Thread 75" [_thread_blocked, id=18400, stack(0x000000bf21100000,0x000000bf21200000)]
  0x00000278c9932bc0 JavaThread "Unconstrained build operations Thread 76" [_thread_blocked, id=13092, stack(0x000000bf21200000,0x000000bf21300000)]
  0x00000278c992f200 JavaThread "Unconstrained build operations Thread 77" [_thread_blocked, id=9752, stack(0x000000bf21300000,0x000000bf21400000)]
  0x00000278c9934d70 JavaThread "Unconstrained build operations Thread 78" [_thread_blocked, id=13920, stack(0x000000bf21400000,0x000000bf21500000)]
  0x00000278c9933f00 JavaThread "Unconstrained build operations Thread 79" [_thread_blocked, id=1240, stack(0x000000bf21500000,0x000000bf21600000)]
  0x00000278c9933090 JavaThread "Unconstrained build operations Thread 80" [_thread_blocked, id=1984, stack(0x000000bf21600000,0x000000bf21700000)]
  0x00000278c99343d0 JavaThread "Unconstrained build operations Thread 81" [_thread_blocked, id=6324, stack(0x000000bf21700000,0x000000bf21800000)]
  0x00000278c9933a30 JavaThread "Unconstrained build operations Thread 82" [_thread_blocked, id=8252, stack(0x000000bf21800000,0x000000bf21900000)]
  0x00000278c99348a0 JavaThread "Unconstrained build operations Thread 83" [_thread_blocked, id=16728, stack(0x000000bf21900000,0x000000bf21a00000)]
  0x00000278c9935240 JavaThread "Unconstrained build operations Thread 84" [_thread_blocked, id=18224, stack(0x000000bf21a00000,0x000000bf21b00000)]
  0x00000278c9933560 JavaThread "Unconstrained build operations Thread 85" [_thread_blocked, id=20872, stack(0x000000bf21b00000,0x000000bf21c00000)]
  0x00000278c9935710 JavaThread "Unconstrained build operations Thread 86" [_thread_blocked, id=21212, stack(0x000000bf21c00000,0x000000bf21d00000)]
  0x00000278c4bdbbe0 JavaThread "Unconstrained build operations Thread 87" [_thread_blocked, id=3888, stack(0x000000bf21d00000,0x000000bf21e00000)]
  0x00000278c4bde730 JavaThread "Unconstrained build operations Thread 88" [_thread_blocked, id=21480, stack(0x000000bf21e00000,0x000000bf21f00000)]
  0x00000278c4bdb710 JavaThread "Unconstrained build operations Thread 89" [_thread_blocked, id=5040, stack(0x000000bf21f00000,0x000000bf22000000)]
  0x00000278c4bdcf20 JavaThread "Unconstrained build operations Thread 90" [_thread_blocked, id=15200, stack(0x000000bf22000000,0x000000bf22100000)]
  0x00000278c4bdd3f0 JavaThread "Unconstrained build operations Thread 91" [_thread_blocked, id=7652, stack(0x000000bf22100000,0x000000bf22200000)]
  0x00000278c4bdad70 JavaThread "Unconstrained build operations Thread 92" [_thread_blocked, id=13132, stack(0x000000bf22200000,0x000000bf22300000)]
  0x00000278c4bdb240 JavaThread "Unconstrained build operations Thread 93" [_thread_blocked, id=8324, stack(0x000000bf22300000,0x000000bf22400000)]
  0x00000278c4bdf0d0 JavaThread "Unconstrained build operations Thread 94" [_thread_blocked, id=8208, stack(0x000000bf22400000,0x000000bf22500000)]
  0x00000278c4bdca50 JavaThread "Unconstrained build operations Thread 95" [_thread_blocked, id=21472, stack(0x000000bf22500000,0x000000bf22600000)]
  0x00000278c4bdc580 JavaThread "Unconstrained build operations Thread 96" [_thread_blocked, id=18964, stack(0x000000bf22600000,0x000000bf22700000)]
  0x00000278c4bde260 JavaThread "Unconstrained build operations Thread 97" [_thread_blocked, id=12016, stack(0x000000bf22700000,0x000000bf22800000)]
  0x00000278c4bdd8c0 JavaThread "Unconstrained build operations Thread 98" [_thread_blocked, id=21388, stack(0x000000bf22800000,0x000000bf22900000)]
  0x00000278c4bdf5a0 JavaThread "Unconstrained build operations Thread 99" [_thread_blocked, id=22324, stack(0x000000bf22900000,0x000000bf22a00000)]
  0x00000278c4bddd90 JavaThread "Unconstrained build operations Thread 100" [_thread_blocked, id=14300, stack(0x000000bf22a00000,0x000000bf22b00000)]
  0x00000278c4be25c0 JavaThread "Unconstrained build operations Thread 101" [_thread_blocked, id=6440, stack(0x000000bf22b00000,0x000000bf22c00000)]
  0x00000278c4bdc0b0 JavaThread "Unconstrained build operations Thread 102" [_thread_blocked, id=15560, stack(0x000000bf22c00000,0x000000bf22d00000)]
  0x00000278c4be08e0 JavaThread "Unconstrained build operations Thread 103" [_thread_blocked, id=15964, stack(0x000000bf22d00000,0x000000bf22e00000)]
  0x00000278c4be0410 JavaThread "Unconstrained build operations Thread 104" [_thread_blocked, id=1424, stack(0x000000bf22e00000,0x000000bf22f00000)]
  0x00000278c4bdfa70 JavaThread "Unconstrained build operations Thread 105" [_thread_blocked, id=16356, stack(0x000000bf22f00000,0x000000bf23000000)]
  0x00000278c4be0db0 JavaThread "Unconstrained build operations Thread 106" [_thread_blocked, id=15280, stack(0x000000bf23000000,0x000000bf23100000)]
  0x00000278c4bdec00 JavaThread "Unconstrained build operations Thread 107" [_thread_blocked, id=13764, stack(0x000000bf23100000,0x000000bf23200000)]
  0x00000278c4bdff40 JavaThread "Unconstrained build operations Thread 108" [_thread_blocked, id=13476, stack(0x000000bf23200000,0x000000bf23300000)]
  0x00000278c4be1c20 JavaThread "Unconstrained build operations Thread 109" [_thread_blocked, id=23480, stack(0x000000bf23300000,0x000000bf23400000)]
  0x00000278c4be1280 JavaThread "Unconstrained build operations Thread 110" [_thread_blocked, id=22036, stack(0x000000bf23400000,0x000000bf23500000)]
  0x00000278c4be1750 JavaThread "Unconstrained build operations Thread 111" [_thread_blocked, id=10416, stack(0x000000bf23500000,0x000000bf23600000)]
  0x00000278c4be20f0 JavaThread "Unconstrained build operations Thread 112" [_thread_blocked, id=10272, stack(0x000000bf23600000,0x000000bf23700000)]
  0x00000278c745d520 JavaThread "Unconstrained build operations Thread 113" [_thread_blocked, id=2284, stack(0x000000bf23700000,0x000000bf23800000)]
  0x00000278c745d9f0 JavaThread "Unconstrained build operations Thread 114" [_thread_blocked, id=20592, stack(0x000000bf23800000,0x000000bf23900000)]
  0x00000278c7460070 JavaThread "Unconstrained build operations Thread 115" [_thread_blocked, id=4476, stack(0x000000bf23900000,0x000000bf23a00000)]
  0x00000278c7460540 JavaThread "Unconstrained build operations Thread 116" [_thread_blocked, id=10484, stack(0x000000bf23a00000,0x000000bf23b00000)]
  0x00000278c745ed30 JavaThread "Unconstrained build operations Thread 117" [_thread_blocked, id=8912, stack(0x000000bf23b00000,0x000000bf23c00000)]
  0x00000278c745e390 JavaThread "Unconstrained build operations Thread 118" [_thread_blocked, id=19872, stack(0x000000bf23c00000,0x000000bf23d00000)]
  0x00000278c7460a10 JavaThread "Unconstrained build operations Thread 119" [_thread_blocked, id=4020, stack(0x000000bf23d00000,0x000000bf23e00000)]
  0x00000278c745d050 JavaThread "Unconstrained build operations Thread 120" [_thread_blocked, id=15536, stack(0x000000bf23e00000,0x000000bf23f00000)]
  0x00000278c745f200 JavaThread "Unconstrained build operations Thread 121" [_thread_blocked, id=14996, stack(0x000000bf23f00000,0x000000bf24000000)]
  0x00000278c745f6d0 JavaThread "Unconstrained build operations Thread 122" [_thread_blocked, id=20428, stack(0x000000bf24000000,0x000000bf24100000)]
  0x00000278c745e860 JavaThread "Unconstrained build operations Thread 123" [_thread_blocked, id=14332, stack(0x000000bf24100000,0x000000bf24200000)]
  0x00000278c745fba0 JavaThread "Unconstrained build operations Thread 124" [_thread_blocked, id=14388, stack(0x000000bf24200000,0x000000bf24300000)]
  0x00000278c745dec0 JavaThread "Unconstrained build operations Thread 125" [_thread_blocked, id=10288, stack(0x000000bf24300000,0x000000bf24400000)]
  0x00000278c74643d0 JavaThread "jar transforms Thread 6" [_thread_blocked, id=11940, stack(0x000000bf24400000,0x000000bf24500000)]
  0x00000278c7463090 JavaThread "jar transforms Thread 7" [_thread_blocked, id=12304, stack(0x000000bf24500000,0x000000bf24600000)]
  0x00000278c7463a30 JavaThread "jar transforms Thread 8" [_thread_blocked, id=6832, stack(0x000000bf24600000,0x000000bf24700000)]
  0x00000278c7462bc0 JavaThread "jar transforms Thread 9" [_thread_blocked, id=17252, stack(0x000000bf24700000,0x000000bf24800000)]
  0x00000278c7461880 JavaThread "jar transforms Thread 10" [_thread_blocked, id=20472, stack(0x000000bf24800000,0x000000bf24900000)]
  0x00000278c7463560 JavaThread "jar transforms Thread 11" [_thread_blocked, id=11648, stack(0x000000bf24900000,0x000000bf24a00000)]
  0x00000278c7463f00 JavaThread "jar transforms Thread 12" [_thread_blocked, id=3656, stack(0x000000bf24a00000,0x000000bf24b00000)]
  0x00000278c74626f0 JavaThread "jar transforms Thread 13" [_thread_blocked, id=448, stack(0x000000bf24b00000,0x000000bf24c00000)]
  0x00000278c7461d50 JavaThread "jar transforms Thread 14" [_thread_blocked, id=22508, stack(0x000000bf24c00000,0x000000bf24d00000)]
  0x00000278c7462220 JavaThread "jar transforms Thread 15" [_thread_blocked, id=8140, stack(0x000000bf24d00000,0x000000bf24e00000)]
  0x00000278c74648a0 JavaThread "jar transforms Thread 16" [_thread_blocked, id=13592, stack(0x000000bf24e00000,0x000000bf24f00000)]
  0x00000278ca14f4f0 JavaThread "build event listener" [_thread_blocked, id=3100, stack(0x000000bf24f00000,0x000000bf25000000)]
  0x00000278ca14f9c0 JavaThread "Memory manager" [_thread_blocked, id=19156, stack(0x000000bf25000000,0x000000bf25100000)]
  0x00000278c7bdb720 JavaThread "C2 CompilerThread1" daemon [_thread_blocked, id=22300, stack(0x000000bf19200000,0x000000bf19300000)]
=>0x00000278c7bdcb60 JavaThread "C2 CompilerThread2" daemon [_thread_in_native, id=11200, stack(0x000000bf1b400000,0x000000bf1b500000)]
  0x00000278ca150360 JavaThread "pool-3-thread-1" [_thread_blocked, id=21156, stack(0x000000bf25200000,0x000000bf25300000)]
  0x00000278ca155060 JavaThread "build event listener" [_thread_blocked, id=10600, stack(0x000000bf25300000,0x000000bf25400000)]
  0x00000278ca155a00 JavaThread "included builds" [_thread_blocked, id=4348, stack(0x000000bf25400000,0x000000bf25500000)]
  0x00000278ca1541f0 JavaThread "Execution worker" [_thread_blocked, id=16444, stack(0x000000bf25500000,0x000000bf25600000)]
  0x00000278ca153380 JavaThread "Execution worker Thread 2" [_thread_blocked, id=15236, stack(0x000000bf25600000,0x000000bf25700000)]
  0x00000278ca155530 JavaThread "Execution worker Thread 3" [_thread_blocked, id=20272, stack(0x000000bf25700000,0x000000bf25800000)]
  0x00000278ca153d20 JavaThread "Execution worker Thread 4" [_thread_blocked, id=19788, stack(0x000000bf25800000,0x000000bf25900000)]
  0x00000278ca152eb0 JavaThread "Execution worker Thread 5" [_thread_in_native, id=21456, stack(0x000000bf25900000,0x000000bf25a00000)]
  0x00000278ca153850 JavaThread "Execution worker Thread 6" [_thread_blocked, id=5192, stack(0x000000bf25a00000,0x000000bf25b00000)]
  0x00000278ca1546c0 JavaThread "Execution worker Thread 7" [_thread_blocked, id=8964, stack(0x000000bf25b00000,0x000000bf25c00000)]
  0x00000278ca154b90 JavaThread "Execution worker Thread 8" [_thread_blocked, id=18980, stack(0x000000bf25c00000,0x000000bf25d00000)]
  0x00000278ca155ed0 JavaThread "Execution worker Thread 9" [_thread_blocked, id=13316, stack(0x000000bf25d00000,0x000000bf25e00000)]
  0x00000278ca1563a0 JavaThread "Execution worker Thread 10" [_thread_blocked, id=11092, stack(0x000000bf25e00000,0x000000bf25f00000)]
  0x00000278d19b39c0 JavaThread "Execution worker Thread 11" [_thread_blocked, id=1260, stack(0x000000bf25f00000,0x000000bf26000000)]
  0x00000278d19b4830 JavaThread "Execution worker Thread 12" [_thread_blocked, id=8424, stack(0x000000bf26000000,0x000000bf26100000)]
  0x00000278d19b4d00 JavaThread "Execution worker Thread 13" [_thread_blocked, id=11360, stack(0x000000bf26100000,0x000000bf26200000)]
  0x00000278d19b2b50 JavaThread "Execution worker Thread 14" [_thread_blocked, id=20752, stack(0x000000bf26200000,0x000000bf26300000)]
  0x00000278d19b51d0 JavaThread "Execution worker Thread 15" [_thread_blocked, id=10568, stack(0x000000bf26300000,0x000000bf26400000)]
  0x00000278d19b6040 JavaThread "Cache worker for execution history cache (C:\Users\shuik\Documents\GitHub\Ovulitos\Android_Ovulitos\.gradle\8.0\executionHistory)" [_thread_blocked, id=19012, stack(0x000000bf26400000,0x000000bf26500000)]
  0x00000278d19b56a0 JavaThread "Unconstrained build operations Thread 126" [_thread_blocked, id=15108, stack(0x000000bf26500000,0x000000bf26600000)]
  0x00000278d19b5b70 JavaThread "Unconstrained build operations Thread 127" [_thread_blocked, id=7576, stack(0x000000bf26600000,0x000000bf26700000)]
  0x00000278d19b2680 JavaThread "Unconstrained build operations Thread 128" [_thread_blocked, id=13368, stack(0x000000bf26700000,0x000000bf26800000)]
  0x00000278d19b6510 JavaThread "Unconstrained build operations Thread 129" [_thread_blocked, id=1764, stack(0x000000bf26800000,0x000000bf26900000)]
  0x00000278d19b69e0 JavaThread "Unconstrained build operations Thread 130" [_thread_blocked, id=19708, stack(0x000000bf26900000,0x000000bf26a00000)]
  0x00000278d19b3020 JavaThread "Unconstrained build operations Thread 131" [_thread_blocked, id=3560, stack(0x000000bf26a00000,0x000000bf26b00000)]
  0x00000278d19b6eb0 JavaThread "Unconstrained build operations Thread 132" [_thread_blocked, id=19400, stack(0x000000bf26b00000,0x000000bf26c00000)]
  0x00000278d19b7380 JavaThread "Unconstrained build operations Thread 133" [_thread_blocked, id=19260, stack(0x000000bf26c00000,0x000000bf26d00000)]
  0x00000278d19b9530 JavaThread "Unconstrained build operations Thread 134" [_thread_blocked, id=11568, stack(0x000000bf26d00000,0x000000bf26e00000)]
  0x00000278d19b81f0 JavaThread "Unconstrained build operations Thread 135" [_thread_blocked, id=19512, stack(0x000000bf26e00000,0x000000bf26f00000)]
  0x00000278d19b7850 JavaThread "Unconstrained build operations Thread 136" [_thread_blocked, id=17152, stack(0x000000bf26f00000,0x000000bf27000000)]
  0x00000278d19b9a00 JavaThread "Unconstrained build operations Thread 137" [_thread_blocked, id=18064, stack(0x000000bf27000000,0x000000bf27100000)]
  0x00000278d19b7d20 JavaThread "Unconstrained build operations Thread 138" [_thread_blocked, id=8976, stack(0x000000bf27100000,0x000000bf27200000)]
  0x00000278d19b86c0 JavaThread "Unconstrained build operations Thread 139" [_thread_blocked, id=10104, stack(0x000000bf27200000,0x000000bf27300000)]
  0x00000278cd5dff00 JavaThread "Unconstrained build operations Thread 140" [_thread_blocked, id=12272, stack(0x000000bf27300000,0x000000bf27400000)]
  0x00000278cc461280 JavaThread "Unconstrained build operations Thread 141" [_thread_blocked, id=12860, stack(0x000000bf27400000,0x000000bf27500000)]
  0x00000278cc461c20 JavaThread "Unconstrained build operations Thread 142" [_thread_blocked, id=17992, stack(0x000000bf27500000,0x000000bf27600000)]
  0x00000278cc460410 JavaThread "Unconstrained build operations Thread 143" [_thread_blocked, id=15776, stack(0x000000bf27600000,0x000000bf27700000)]
  0x00000278cfbc8210 JavaThread "Unconstrained build operations Thread 144" [_thread_blocked, id=3708, stack(0x000000bf27700000,0x000000bf27800000)]
  0x00000278cfbc8bb0 JavaThread "Unconstrained build operations Thread 145" [_thread_blocked, id=10348, stack(0x000000bf27800000,0x000000bf27900000)]
  0x00000278cfbc9080 JavaThread "Unconstrained build operations Thread 146" [_thread_blocked, id=7384, stack(0x000000bf27900000,0x000000bf27a00000)]
  0x00000278cfbc7870 JavaThread "Unconstrained build operations Thread 147" [_thread_blocked, id=7624, stack(0x000000bf27c00000,0x000000bf27d00000)]
  0x00000278cfbc7d40 JavaThread "Unconstrained build operations Thread 148" [_thread_blocked, id=1612, stack(0x000000bf27d00000,0x000000bf27e00000)]
  0x00000278cfbc86e0 JavaThread "Unconstrained build operations Thread 149" [_thread_blocked, id=23336, stack(0x000000bf27e00000,0x000000bf27f00000)]
  0x00000278cd9c99a0 JavaThread "Unconstrained build operations Thread 150" [_thread_blocked, id=10980, stack(0x000000bf27f00000,0x000000bf28000000)]
  0x00000278cd9ca340 JavaThread "Unconstrained build operations Thread 151" [_thread_blocked, id=4224, stack(0x000000bf28000000,0x000000bf28100000)]
  0x00000278cd9c8660 JavaThread "Unconstrained build operations Thread 152" [_thread_blocked, id=8584, stack(0x000000bf28100000,0x000000bf28200000)]
  0x00000278cd9c77f0 JavaThread "Unconstrained build operations Thread 153" [_thread_blocked, id=14680, stack(0x000000bf28200000,0x000000bf28300000)]
  0x00000278cd9c8b30 JavaThread "Unconstrained build operations Thread 154" [_thread_blocked, id=9316, stack(0x000000bf28300000,0x000000bf28400000)]
  0x00000278cf5f5f60 JavaThread "Unconstrained build operations Thread 155" [_thread_blocked, id=13736, stack(0x000000bf28400000,0x000000bf28500000)]
  0x00000278cf5f72a0 JavaThread "Unconstrained build operations Thread 156" [_thread_blocked, id=11536, stack(0x000000bf28500000,0x000000bf28600000)]
  0x00000278cd9c8190 JavaThread "Unconstrained build operations Thread 157" [_thread_blocked, id=16872, stack(0x000000bf28600000,0x000000bf28700000)]
  0x00000278cd9c9000 JavaThread "Unconstrained build operations Thread 158" [_thread_blocked, id=21840, stack(0x000000bf28700000,0x000000bf28800000)]
  0x00000278cf5f6900 JavaThread "Unconstrained build operations Thread 159" [_thread_blocked, id=5152, stack(0x000000bf28800000,0x000000bf28900000)]
  0x00000278cf3e3da0 JavaThread "Unconstrained build operations Thread 160" [_thread_blocked, id=5296, stack(0x000000bf28900000,0x000000bf28a00000)]

Other Threads:
  0x00000278c354eb00 VMThread "VM Thread" [stack: 0x000000bf18400000,0x000000bf18500000] [id=1472]
  0x00000278c3c0a570 WatcherThread [stack: 0x000000bf19100000,0x000000bf19200000] [id=14232]
  0x00000278a72ce7f0 GCTaskThread "GC Thread#0" [stack: 0x000000bf17f00000,0x000000bf18000000] [id=22572]
  0x00000278c5041950 GCTaskThread "GC Thread#1" [stack: 0x000000bf19500000,0x000000bf19600000] [id=17484]
  0x00000278c5416b20 GCTaskThread "GC Thread#2" [stack: 0x000000bf19600000,0x000000bf19700000] [id=17676]
  0x00000278c5417890 GCTaskThread "GC Thread#3" [stack: 0x000000bf19700000,0x000000bf19800000] [id=7108]
  0x00000278c5416870 GCTaskThread "GC Thread#4" [stack: 0x000000bf19800000,0x000000bf19900000] [id=20236]
  0x00000278c5417b40 GCTaskThread "GC Thread#5" [stack: 0x000000bf19900000,0x000000bf19a00000] [id=12884]
  0x00000278c5416310 GCTaskThread "GC Thread#6" [stack: 0x000000bf19300000,0x000000bf19400000] [id=10708]
  0x00000278c54165c0 GCTaskThread "GC Thread#7" [stack: 0x000000bf1a500000,0x000000bf1a600000] [id=4792]
  0x00000278c7252d10 GCTaskThread "GC Thread#8" [stack: 0x000000bf1a600000,0x000000bf1a700000] [id=17500]
  0x00000278c7252fc0 GCTaskThread "GC Thread#9" [stack: 0x000000bf1a700000,0x000000bf1a800000] [id=8888]
  0x00000278c7250770 GCTaskThread "GC Thread#10" [stack: 0x000000bf1a800000,0x000000bf1a900000] [id=21732]
  0x00000278c724fcb0 GCTaskThread "GC Thread#11" [stack: 0x000000bf1a900000,0x000000bf1aa00000] [id=15496]
  0x00000278c72527b0 GCTaskThread "GC Thread#12" [stack: 0x000000bf1aa00000,0x000000bf1ab00000] [id=5324]
  0x00000278a72df7a0 ConcurrentGCThread "G1 Main Marker" [stack: 0x000000bf18000000,0x000000bf18100000] [id=13064]
  0x00000278a72e1ae0 ConcurrentGCThread "G1 Conc#0" [stack: 0x000000bf18100000,0x000000bf18200000] [id=15992]
  0x00000278c72514e0 ConcurrentGCThread "G1 Conc#1" [stack: 0x000000bf1ab00000,0x000000bf1ac00000] [id=8448]
  0x00000278c7251cf0 ConcurrentGCThread "G1 Conc#2" [stack: 0x000000bf1ac00000,0x000000bf1ad00000] [id=14312]
  0x00000278a732e5e0 ConcurrentGCThread "G1 Refine#0" [stack: 0x000000bf18200000,0x000000bf18300000] [id=20888]
  0x00000278c70ed110 ConcurrentGCThread "G1 Refine#1" [stack: 0x000000bf1b000000,0x000000bf1b100000] [id=7328]
  0x00000278c85d7d50 ConcurrentGCThread "G1 Refine#2" [stack: 0x000000bf1b100000,0x000000bf1b200000] [id=1888]
  0x00000278c5974440 ConcurrentGCThread "G1 Refine#3" [stack: 0x000000bf1b200000,0x000000bf1b300000] [id=22856]
  0x00000278c5fc8a80 ConcurrentGCThread "G1 Refine#4" [stack: 0x000000bf1b300000,0x000000bf1b400000] [id=14436]
  0x00000278a732e9c0 ConcurrentGCThread "G1 Service" [stack: 0x000000bf18300000,0x000000bf18400000] [id=12652]

Threads with active compile tasks:
C2 CompilerThread2    14644 11190   !   4       java.util.jar.Attributes::read (494 bytes)

VM state: not at safepoint (normal execution)

VM Mutex/Monitor currently owned by a thread: None

Heap address: 0x0000000080000000, size: 2048 MB, Compressed Oops mode: 32-bit

CDS archive(s) not mapped
Compressed class space mapped at: 0x0000000100000000-0x0000000140000000, reserved size: 1073741824
Narrow klass base: 0x0000000000000000, Narrow klass shift: 3, Narrow klass range: 0x140000000

GC Precious Log:
 CPUs: 16 total, 16 available
 Memory: 16085M
 Large Page Support: Disabled
 NUMA Support: Disabled
 Compressed Oops: Enabled (32-bit)
 Heap Region Size: 1M
 Heap Min Capacity: 8M
 Heap Initial Capacity: 252M
 Heap Max Capacity: 2G
 Pre-touch: Disabled
 Parallel Workers: 13
 Concurrent Workers: 3
 Concurrent Refinement Workers: 13
 Periodic GC: Disabled

Heap:
 garbage-first heap   total 157696K, used 88689K [0x0000000080000000, 0x0000000100000000)
  region size 1024K, 11 young (11264K), 6 survivors (6144K)
 Metaspace       used 96072K, committed 96832K, reserved 1138688K
  class space    used 13076K, committed 13440K, reserved 1048576K

Heap Regions: E=young(eden), S=young(survivor), O=old, HS=humongous(starts), HC=humongous(continues), CS=collection set, F=free, OA=open archive, CA=closed archive, TAMS=top-at-mark-start (previous, next)
|   0|0x0000000080000000, 0x0000000080100000, 0x0000000080100000|100%|HS|  |TAMS 0x0000000080100000, 0x0000000080000000| Complete 
|   1|0x0000000080100000, 0x0000000080200000, 0x0000000080200000|100%|HC|  |TAMS 0x0000000080200000, 0x0000000080100000| Complete 
|   2|0x0000000080200000, 0x0000000080300000, 0x0000000080300000|100%|HC|  |TAMS 0x0000000080300000, 0x0000000080200000| Complete 
|   3|0x0000000080300000, 0x0000000080400000, 0x0000000080400000|100%|HC|  |TAMS 0x0000000080400000, 0x0000000080300000| Complete 
|   4|0x0000000080400000, 0x0000000080500000, 0x0000000080500000|100%| O|  |TAMS 0x0000000080500000, 0x0000000080400000| Untracked 
|   5|0x0000000080500000, 0x0000000080600000, 0x0000000080600000|100%| O|  |TAMS 0x0000000080600000, 0x0000000080500000| Untracked 
|   6|0x0000000080600000, 0x0000000080700000, 0x0000000080700000|100%| O|  |TAMS 0x0000000080700000, 0x0000000080600000| Untracked 
|   7|0x0000000080700000, 0x0000000080800000, 0x0000000080800000|100%| O|  |TAMS 0x0000000080800000, 0x0000000080700000| Untracked 
|   8|0x0000000080800000, 0x0000000080900000, 0x0000000080900000|100%| O|  |TAMS 0x0000000080900000, 0x0000000080800000| Untracked 
|   9|0x0000000080900000, 0x0000000080a00000, 0x0000000080a00000|100%| O|  |TAMS 0x0000000080a00000, 0x0000000080900000| Untracked 
|  10|0x0000000080a00000, 0x0000000080aff400, 0x0000000080b00000| 99%| O|  |TAMS 0x0000000080aff400, 0x0000000080a00000| Untracked 
|  11|0x0000000080b00000, 0x0000000080c00000, 0x0000000080c00000|100%| O|  |TAMS 0x0000000080c00000, 0x0000000080b00000| Untracked 
|  12|0x0000000080c00000, 0x0000000080d00000, 0x0000000080d00000|100%| O|  |TAMS 0x0000000080d00000, 0x0000000080c00000| Untracked 
|  13|0x0000000080d00000, 0x0000000080e00000, 0x0000000080e00000|100%| O|  |TAMS 0x0000000080e00000, 0x0000000080d00000| Untracked 
|  14|0x0000000080e00000, 0x0000000080f00000, 0x0000000080f00000|100%| O|  |TAMS 0x0000000080f00000, 0x0000000080e00000| Untracked 
|  15|0x0000000080f00000, 0x0000000081000000, 0x0000000081000000|100%| O|  |TAMS 0x0000000081000000, 0x0000000080f00000| Untracked 
|  16|0x0000000081000000, 0x0000000081100000, 0x0000000081100000|100%| O|  |TAMS 0x0000000081100000, 0x0000000081000000| Untracked 
|  17|0x0000000081100000, 0x0000000081200000, 0x0000000081200000|100%| O|  |TAMS 0x0000000081200000, 0x0000000081100000| Untracked 
|  18|0x0000000081200000, 0x0000000081300000, 0x0000000081300000|100%| O|  |TAMS 0x0000000081300000, 0x0000000081200000| Untracked 
|  19|0x0000000081300000, 0x0000000081400000, 0x0000000081400000|100%| O|  |TAMS 0x0000000081400000, 0x0000000081300000| Untracked 
|  20|0x0000000081400000, 0x0000000081500000, 0x0000000081500000|100%|HS|  |TAMS 0x0000000081500000, 0x0000000081400000| Complete 
|  21|0x0000000081500000, 0x0000000081600000, 0x0000000081600000|100%| O|  |TAMS 0x0000000081600000, 0x0000000081500000| Untracked 
|  22|0x0000000081600000, 0x0000000081700000, 0x0000000081700000|100%| O|  |TAMS 0x0000000081700000, 0x0000000081600000| Untracked 
|  23|0x0000000081700000, 0x0000000081800000, 0x0000000081800000|100%| O|  |TAMS 0x0000000081800000, 0x0000000081700000| Untracked 
|  24|0x0000000081800000, 0x0000000081900000, 0x0000000081900000|100%| O|  |TAMS 0x0000000081900000, 0x0000000081800000| Untracked 
|  25|0x0000000081900000, 0x0000000081a00000, 0x0000000081a00000|100%| O|  |TAMS 0x0000000081a00000, 0x0000000081900000| Untracked 
|  26|0x0000000081a00000, 0x0000000081b00000, 0x0000000081b00000|100%| O|  |TAMS 0x0000000081b00000, 0x0000000081a00000| Untracked 
|  27|0x0000000081b00000, 0x0000000081c00000, 0x0000000081c00000|100%| O|  |TAMS 0x0000000081c00000, 0x0000000081b00000| Untracked 
|  28|0x0000000081c00000, 0x0000000081d00000, 0x0000000081d00000|100%|HS|  |TAMS 0x0000000081d00000, 0x0000000081c00000| Complete 
|  29|0x0000000081d00000, 0x0000000081e00000, 0x0000000081e00000|100%|HS|  |TAMS 0x0000000081e00000, 0x0000000081d00000| Complete 
|  30|0x0000000081e00000, 0x0000000081f00000, 0x0000000081f00000|100%| O|  |TAMS 0x0000000081f00000, 0x0000000081e00000| Untracked 
|  31|0x0000000081f00000, 0x0000000082000000, 0x0000000082000000|100%| O|  |TAMS 0x0000000082000000, 0x0000000081f00000| Untracked 
|  32|0x0000000082000000, 0x0000000082078000, 0x0000000082100000| 46%| O|  |TAMS 0x0000000082078000, 0x0000000082000000| Complete 
|  33|0x0000000082100000, 0x0000000082200000, 0x0000000082200000|100%| O|  |TAMS 0x0000000082200000, 0x0000000082100000| Untracked 
|  34|0x0000000082200000, 0x0000000082300000, 0x0000000082300000|100%| O|  |TAMS 0x0000000082300000, 0x0000000082200000| Untracked 
|  35|0x0000000082300000, 0x0000000082400000, 0x0000000082400000|100%| O|  |TAMS 0x0000000082400000, 0x0000000082300000| Untracked 
|  36|0x0000000082400000, 0x0000000082500000, 0x0000000082500000|100%| O|  |TAMS 0x0000000082500000, 0x0000000082400000| Untracked 
|  37|0x0000000082500000, 0x0000000082600000, 0x0000000082600000|100%| O|  |TAMS 0x0000000082600000, 0x0000000082500000| Untracked 
|  38|0x0000000082600000, 0x0000000082700000, 0x0000000082700000|100%| O|  |TAMS 0x0000000082700000, 0x0000000082600000| Untracked 
|  39|0x0000000082700000, 0x0000000082800000, 0x0000000082800000|100%| O|  |TAMS 0x0000000082800000, 0x0000000082700000| Untracked 
|  40|0x0000000082800000, 0x0000000082900000, 0x0000000082900000|100%| O|  |TAMS 0x0000000082900000, 0x0000000082800000| Untracked 
|  41|0x0000000082900000, 0x0000000082a00000, 0x0000000082a00000|100%| O|  |TAMS 0x0000000082a00000, 0x0000000082900000| Untracked 
|  42|0x0000000082a00000, 0x0000000082b00000, 0x0000000082b00000|100%| O|  |TAMS 0x0000000082b00000, 0x0000000082a00000| Untracked 
|  43|0x0000000082b00000, 0x0000000082c00000, 0x0000000082c00000|100%| O|  |TAMS 0x0000000082c00000, 0x0000000082b00000| Untracked 
|  44|0x0000000082c00000, 0x0000000082d00000, 0x0000000082d00000|100%| O|  |TAMS 0x0000000082d00000, 0x0000000082c00000| Untracked 
|  45|0x0000000082d00000, 0x0000000082e00000, 0x0000000082e00000|100%| O|  |TAMS 0x0000000082e00000, 0x0000000082d00000| Untracked 
|  46|0x0000000082e00000, 0x0000000082f00000, 0x0000000082f00000|100%| O|  |TAMS 0x0000000082f00000, 0x0000000082e00000| Untracked 
|  47|0x0000000082f00000, 0x0000000083000000, 0x0000000083000000|100%| O|  |TAMS 0x0000000083000000, 0x0000000082f00000| Untracked 
|  48|0x0000000083000000, 0x0000000083100000, 0x0000000083100000|100%| O|  |TAMS 0x0000000083100000, 0x0000000083000000| Untracked 
|  49|0x0000000083100000, 0x0000000083200000, 0x0000000083200000|100%| O|  |TAMS 0x0000000083200000, 0x0000000083100000| Untracked 
|  50|0x0000000083200000, 0x0000000083300000, 0x0000000083300000|100%| O|  |TAMS 0x0000000083300000, 0x0000000083200000| Untracked 
|  51|0x0000000083300000, 0x0000000083400000, 0x0000000083400000|100%| O|  |TAMS 0x0000000083400000, 0x0000000083300000| Untracked 
|  52|0x0000000083400000, 0x0000000083500000, 0x0000000083500000|100%| O|  |TAMS 0x0000000083500000, 0x0000000083400000| Untracked 
|  53|0x0000000083500000, 0x0000000083600000, 0x0000000083600000|100%| O|  |TAMS 0x0000000083600000, 0x0000000083500000| Untracked 
|  54|0x0000000083600000, 0x0000000083700000, 0x0000000083700000|100%| O|  |TAMS 0x0000000083700000, 0x0000000083600000| Untracked 
|  55|0x0000000083700000, 0x0000000083800000, 0x0000000083800000|100%| O|  |TAMS 0x0000000083800000, 0x0000000083700000| Untracked 
|  56|0x0000000083800000, 0x0000000083900000, 0x0000000083900000|100%| O|  |TAMS 0x0000000083900000, 0x0000000083800000| Untracked 
|  57|0x0000000083900000, 0x0000000083a00000, 0x0000000083a00000|100%| O|  |TAMS 0x0000000083a00000, 0x0000000083900000| Untracked 
|  58|0x0000000083a00000, 0x0000000083b00000, 0x0000000083b00000|100%| O|  |TAMS 0x0000000083b00000, 0x0000000083a00000| Untracked 
|  59|0x0000000083b00000, 0x0000000083c00000, 0x0000000083c00000|100%| O|  |TAMS 0x0000000083c00000, 0x0000000083b00000| Untracked 
|  60|0x0000000083c00000, 0x0000000083d00000, 0x0000000083d00000|100%| O|  |TAMS 0x0000000083d00000, 0x0000000083c00000| Untracked 
|  61|0x0000000083d00000, 0x0000000083e00000, 0x0000000083e00000|100%| O|  |TAMS 0x0000000083e00000, 0x0000000083d00000| Untracked 
|  62|0x0000000083e00000, 0x0000000083f00000, 0x0000000083f00000|100%| O|  |TAMS 0x0000000083f00000, 0x0000000083e00000| Untracked 
|  63|0x0000000083f00000, 0x0000000084000000, 0x0000000084000000|100%| O|  |TAMS 0x0000000084000000, 0x0000000083f00000| Untracked 
|  64|0x0000000084000000, 0x0000000084100000, 0x0000000084100000|100%| O|  |TAMS 0x0000000084100000, 0x0000000084000000| Untracked 
|  65|0x0000000084100000, 0x0000000084200000, 0x0000000084200000|100%| O|  |TAMS 0x0000000084200000, 0x0000000084100000| Untracked 
|  66|0x0000000084200000, 0x0000000084300000, 0x0000000084300000|100%| O|  |TAMS 0x0000000084300000, 0x0000000084200000| Untracked 
|  67|0x0000000084300000, 0x0000000084400000, 0x0000000084400000|100%| O|  |TAMS 0x0000000084400000, 0x0000000084300000| Untracked 
|  68|0x0000000084400000, 0x0000000084500000, 0x0000000084500000|100%| O|  |TAMS 0x0000000084500000, 0x0000000084400000| Untracked 
|  69|0x0000000084500000, 0x0000000084600000, 0x0000000084600000|100%| O|  |TAMS 0x0000000084600000, 0x0000000084500000| Untracked 
|  70|0x0000000084600000, 0x0000000084700000, 0x0000000084700000|100%| O|  |TAMS 0x0000000084700000, 0x0000000084600000| Untracked 
|  71|0x0000000084700000, 0x0000000084800000, 0x0000000084800000|100%| O|  |TAMS 0x0000000084800000, 0x0000000084700000| Untracked 
|  72|0x0000000084800000, 0x0000000084900000, 0x0000000084900000|100%| O|  |TAMS 0x0000000084900000, 0x0000000084800000| Untracked 
|  73|0x0000000084900000, 0x0000000084a00000, 0x0000000084a00000|100%| O|  |TAMS 0x0000000084a00000, 0x0000000084900000| Untracked 
|  74|0x0000000084a00000, 0x0000000084b00000, 0x0000000084b00000|100%| O|  |TAMS 0x0000000084b00000, 0x0000000084a00000| Untracked 
|  75|0x0000000084b00000, 0x0000000084c00000, 0x0000000084c00000|100%|HS|  |TAMS 0x0000000084b00000, 0x0000000084b00000| Complete 
|  76|0x0000000084c00000, 0x0000000084d00000, 0x0000000084d00000|100%|HC|  |TAMS 0x0000000084c00000, 0x0000000084c00000| Complete 
|  77|0x0000000084d00000, 0x0000000084e00000, 0x0000000084e00000|100%|HC|  |TAMS 0x0000000084d00000, 0x0000000084d00000| Complete 
|  78|0x0000000084e00000, 0x0000000084e00000, 0x0000000084f00000|  0%| F|  |TAMS 0x0000000084e00000, 0x0000000084e00000| Untracked 
|  79|0x0000000084f00000, 0x0000000084f00000, 0x0000000085000000|  0%| F|  |TAMS 0x0000000084f00000, 0x0000000084f00000| Untracked 
|  80|0x0000000085000000, 0x0000000085000000, 0x0000000085100000|  0%| F|  |TAMS 0x0000000085000000, 0x0000000085000000| Untracked 
|  81|0x0000000085100000, 0x0000000085100000, 0x0000000085200000|  0%| F|  |TAMS 0x0000000085100000, 0x0000000085100000| Untracked 
|  82|0x0000000085200000, 0x0000000085200000, 0x0000000085300000|  0%| F|  |TAMS 0x0000000085200000, 0x0000000085200000| Untracked 
|  83|0x0000000085300000, 0x0000000085300000, 0x0000000085400000|  0%| F|  |TAMS 0x0000000085300000, 0x0000000085300000| Untracked 
|  84|0x0000000085400000, 0x0000000085400000, 0x0000000085500000|  0%| F|  |TAMS 0x0000000085400000, 0x0000000085400000| Untracked 
|  85|0x0000000085500000, 0x0000000085500000, 0x0000000085600000|  0%| F|  |TAMS 0x0000000085500000, 0x0000000085500000| Untracked 
|  86|0x0000000085600000, 0x0000000085600000, 0x0000000085700000|  0%| F|  |TAMS 0x0000000085600000, 0x0000000085600000| Untracked 
|  87|0x0000000085700000, 0x0000000085700000, 0x0000000085800000|  0%| F|  |TAMS 0x0000000085700000, 0x0000000085700000| Untracked 
|  88|0x0000000085800000, 0x0000000085800000, 0x0000000085900000|  0%| F|  |TAMS 0x0000000085800000, 0x0000000085800000| Untracked 
|  89|0x0000000085900000, 0x0000000085900000, 0x0000000085a00000|  0%| F|  |TAMS 0x0000000085900000, 0x0000000085900000| Untracked 
|  90|0x0000000085a00000, 0x0000000085a00000, 0x0000000085b00000|  0%| F|  |TAMS 0x0000000085a00000, 0x0000000085a00000| Untracked 
|  91|0x0000000085b00000, 0x0000000085b00000, 0x0000000085c00000|  0%| F|  |TAMS 0x0000000085b00000, 0x0000000085b00000| Untracked 
|  92|0x0000000085c00000, 0x0000000085c00000, 0x0000000085d00000|  0%| F|  |TAMS 0x0000000085c00000, 0x0000000085c00000| Untracked 
|  93|0x0000000085d00000, 0x0000000085d00000, 0x0000000085e00000|  0%| F|  |TAMS 0x0000000085d00000, 0x0000000085d00000| Untracked 
|  94|0x0000000085e00000, 0x0000000085e00000, 0x0000000085f00000|  0%| F|  |TAMS 0x0000000085e00000, 0x0000000085e00000| Untracked 
|  95|0x0000000085f00000, 0x0000000085f00000, 0x0000000086000000|  0%| F|  |TAMS 0x0000000085f00000, 0x0000000085f00000| Untracked 
|  96|0x0000000086000000, 0x0000000086000000, 0x0000000086100000|  0%| F|  |TAMS 0x0000000086000000, 0x0000000086000000| Untracked 
|  97|0x0000000086100000, 0x0000000086100000, 0x0000000086200000|  0%| F|  |TAMS 0x0000000086100000, 0x0000000086100000| Untracked 
|  98|0x0000000086200000, 0x0000000086200000, 0x0000000086300000|  0%| F|  |TAMS 0x0000000086200000, 0x0000000086200000| Untracked 
|  99|0x0000000086300000, 0x0000000086300000, 0x0000000086400000|  0%| F|  |TAMS 0x0000000086300000, 0x0000000086300000| Untracked 
| 100|0x0000000086400000, 0x0000000086400000, 0x0000000086500000|  0%| F|  |TAMS 0x0000000086400000, 0x0000000086400000| Untracked 
| 101|0x0000000086500000, 0x0000000086500000, 0x0000000086600000|  0%| F|  |TAMS 0x0000000086500000, 0x0000000086500000| Untracked 
| 102|0x0000000086600000, 0x0000000086600000, 0x0000000086700000|  0%| F|  |TAMS 0x0000000086600000, 0x0000000086600000| Untracked 
| 103|0x0000000086700000, 0x0000000086700000, 0x0000000086800000|  0%| F|  |TAMS 0x0000000086700000, 0x0000000086700000| Untracked 
| 104|0x0000000086800000, 0x0000000086800000, 0x0000000086900000|  0%| F|  |TAMS 0x0000000086800000, 0x0000000086800000| Untracked 
| 105|0x0000000086900000, 0x0000000086900000, 0x0000000086a00000|  0%| F|  |TAMS 0x0000000086900000, 0x0000000086900000| Untracked 
| 106|0x0000000086a00000, 0x0000000086a00000, 0x0000000086b00000|  0%| F|  |TAMS 0x0000000086a00000, 0x0000000086a00000| Untracked 
| 107|0x0000000086b00000, 0x0000000086b00000, 0x0000000086c00000|  0%| F|  |TAMS 0x0000000086b00000, 0x0000000086b00000| Untracked 
| 108|0x0000000086c00000, 0x0000000086c00000, 0x0000000086d00000|  0%| F|  |TAMS 0x0000000086c00000, 0x0000000086c00000| Untracked 
| 109|0x0000000086d00000, 0x0000000086d00000, 0x0000000086e00000|  0%| F|  |TAMS 0x0000000086d00000, 0x0000000086d00000| Untracked 
| 110|0x0000000086e00000, 0x0000000086e00000, 0x0000000086f00000|  0%| F|  |TAMS 0x0000000086e00000, 0x0000000086e00000| Untracked 
| 111|0x0000000086f00000, 0x0000000086f00000, 0x0000000087000000|  0%| F|  |TAMS 0x0000000086f00000, 0x0000000086f00000| Untracked 
| 112|0x0000000087000000, 0x0000000087000000, 0x0000000087100000|  0%| F|  |TAMS 0x0000000087000000, 0x0000000087000000| Untracked 
| 113|0x0000000087100000, 0x0000000087100000, 0x0000000087200000|  0%| F|  |TAMS 0x0000000087100000, 0x0000000087100000| Untracked 
| 114|0x0000000087200000, 0x0000000087200000, 0x0000000087300000|  0%| F|  |TAMS 0x0000000087200000, 0x0000000087200000| Untracked 
| 115|0x0000000087300000, 0x0000000087300000, 0x0000000087400000|  0%| F|  |TAMS 0x0000000087300000, 0x0000000087300000| Untracked 
| 116|0x0000000087400000, 0x0000000087400000, 0x0000000087500000|  0%| F|  |TAMS 0x0000000087400000, 0x0000000087400000| Untracked 
| 117|0x0000000087500000, 0x0000000087500000, 0x0000000087600000|  0%| F|  |TAMS 0x0000000087500000, 0x0000000087500000| Untracked 
| 118|0x0000000087600000, 0x0000000087600000, 0x0000000087700000|  0%| F|  |TAMS 0x0000000087600000, 0x0000000087600000| Untracked 
| 119|0x0000000087700000, 0x0000000087700000, 0x0000000087800000|  0%| F|  |TAMS 0x0000000087700000, 0x0000000087700000| Untracked 
| 120|0x0000000087800000, 0x0000000087800000, 0x0000000087900000|  0%| F|  |TAMS 0x0000000087800000, 0x0000000087800000| Untracked 
| 121|0x0000000087900000, 0x0000000087900000, 0x0000000087a00000|  0%| F|  |TAMS 0x0000000087900000, 0x0000000087900000| Untracked 
| 122|0x0000000087a00000, 0x0000000087a00000, 0x0000000087b00000|  0%| F|  |TAMS 0x0000000087a00000, 0x0000000087a00000| Untracked 
| 123|0x0000000087b00000, 0x0000000087b00000, 0x0000000087c00000|  0%| F|  |TAMS 0x0000000087b00000, 0x0000000087b00000| Untracked 
| 124|0x0000000087c00000, 0x0000000087c00000, 0x0000000087d00000|  0%| F|  |TAMS 0x0000000087c00000, 0x0000000087c00000| Untracked 
| 125|0x0000000087d00000, 0x0000000087d00000, 0x0000000087e00000|  0%| F|  |TAMS 0x0000000087d00000, 0x0000000087d00000| Untracked 
| 126|0x0000000087e00000, 0x0000000087e00000, 0x0000000087f00000|  0%| F|  |TAMS 0x0000000087e00000, 0x0000000087e00000| Untracked 
| 127|0x0000000087f00000, 0x0000000087f25030, 0x0000000088000000| 14%| S|CS|TAMS 0x0000000087f00000, 0x0000000087f00000| Complete 
| 128|0x0000000088000000, 0x0000000088100000, 0x0000000088100000|100%| S|CS|TAMS 0x0000000088000000, 0x0000000088000000| Complete 
| 129|0x0000000088100000, 0x0000000088200000, 0x0000000088200000|100%| S|CS|TAMS 0x0000000088100000, 0x0000000088100000| Complete 
| 130|0x0000000088200000, 0x0000000088300000, 0x0000000088300000|100%| S|CS|TAMS 0x0000000088200000, 0x0000000088200000| Complete 
| 131|0x0000000088300000, 0x0000000088400000, 0x0000000088400000|100%| S|CS|TAMS 0x0000000088300000, 0x0000000088300000| Complete 
| 132|0x0000000088400000, 0x0000000088500000, 0x0000000088500000|100%| S|CS|TAMS 0x0000000088400000, 0x0000000088400000| Complete 
| 133|0x0000000088500000, 0x0000000088500000, 0x0000000088600000|  0%| F|  |TAMS 0x0000000088500000, 0x0000000088500000| Untracked 
| 134|0x0000000088600000, 0x0000000088600000, 0x0000000088700000|  0%| F|  |TAMS 0x0000000088600000, 0x0000000088600000| Untracked 
| 135|0x0000000088700000, 0x0000000088700000, 0x0000000088800000|  0%| F|  |TAMS 0x0000000088700000, 0x0000000088700000| Untracked 
| 136|0x0000000088800000, 0x0000000088800000, 0x0000000088900000|  0%| F|  |TAMS 0x0000000088800000, 0x0000000088800000| Untracked 
| 137|0x0000000088900000, 0x0000000088900000, 0x0000000088a00000|  0%| F|  |TAMS 0x0000000088900000, 0x0000000088900000| Untracked 
| 138|0x0000000088a00000, 0x0000000088a00000, 0x0000000088b00000|  0%| F|  |TAMS 0x0000000088a00000, 0x0000000088a00000| Untracked 
| 139|0x0000000088b00000, 0x0000000088b00000, 0x0000000088c00000|  0%| F|  |TAMS 0x0000000088b00000, 0x0000000088b00000| Untracked 
| 140|0x0000000088c00000, 0x0000000088c00000, 0x0000000088d00000|  0%| F|  |TAMS 0x0000000088c00000, 0x0000000088c00000| Untracked 
| 141|0x0000000088d00000, 0x0000000088d00000, 0x0000000088e00000|  0%| F|  |TAMS 0x0000000088d00000, 0x0000000088d00000| Untracked 
| 142|0x0000000088e00000, 0x0000000088e00000, 0x0000000088f00000|  0%| F|  |TAMS 0x0000000088e00000, 0x0000000088e00000| Untracked 
| 143|0x0000000088f00000, 0x0000000088f00000, 0x0000000089000000|  0%| F|  |TAMS 0x0000000088f00000, 0x0000000088f00000| Untracked 
| 144|0x0000000089000000, 0x0000000089000000, 0x0000000089100000|  0%| F|  |TAMS 0x0000000089000000, 0x0000000089000000| Untracked 
| 145|0x0000000089100000, 0x0000000089100000, 0x0000000089200000|  0%| F|  |TAMS 0x0000000089100000, 0x0000000089100000| Untracked 
| 146|0x0000000089200000, 0x0000000089200000, 0x0000000089300000|  0%| F|  |TAMS 0x0000000089200000, 0x0000000089200000| Untracked 
| 147|0x0000000089300000, 0x0000000089300000, 0x0000000089400000|  0%| F|  |TAMS 0x0000000089300000, 0x0000000089300000| Untracked 
| 148|0x0000000089400000, 0x0000000089400000, 0x0000000089500000|  0%| F|  |TAMS 0x0000000089400000, 0x0000000089400000| Untracked 
| 149|0x0000000089500000, 0x00000000895e30c8, 0x0000000089600000| 88%| E|  |TAMS 0x0000000089500000, 0x0000000089500000| Complete 
| 150|0x0000000089600000, 0x0000000089700000, 0x0000000089700000|100%| E|CS|TAMS 0x0000000089600000, 0x0000000089600000| Complete 
| 151|0x0000000089700000, 0x0000000089800000, 0x0000000089800000|100%| E|CS|TAMS 0x0000000089700000, 0x0000000089700000| Complete 
| 152|0x0000000089800000, 0x0000000089900000, 0x0000000089900000|100%| E|CS|TAMS 0x0000000089800000, 0x0000000089800000| Complete 
| 251|0x000000008fb00000, 0x000000008fc00000, 0x000000008fc00000|100%| E|CS|TAMS 0x000000008fb00000, 0x000000008fb00000| Complete 

Card table byte_map: [0x00000278bc0f0000,0x00000278bc4f0000] _byte_map_base: 0x00000278bbcf0000

Marking Bits (Prev, Next): (CMBitMap*) 0x00000278a72ced10, (CMBitMap*) 0x00000278a72ced50
 Prev Bits: [0x00000278bc8f0000, 0x00000278be8f0000)
 Next Bits: [0x00000278be8f0000, 0x00000278c08f0000)

Polling page: 0x00000278a6db0000

Metaspace:

Usage:
  Non-class:     81.08 MB used.
      Class:     12.79 MB used.
       Both:     93.87 MB used.

Virtual space:
  Non-class space:       88.00 MB reserved,      81.44 MB ( 93%) committed,  11 nodes.
      Class space:        1.00 GB reserved,      13.12 MB (  1%) committed,  1 nodes.
             Both:        1.09 GB reserved,      94.56 MB (  9%) committed. 

Chunk freelists:
   Non-Class:  2.20 MB
       Class:  2.89 MB
        Both:  5.09 MB

MaxMetaspaceSize: unlimited
CompressedClassSpaceSize: 1.00 GB
Initial GC threshold: 21.00 MB
Current GC threshold: 156.38 MB
CDS: off
MetaspaceReclaimPolicy: balanced
 - commit_granule_bytes: 65536.
 - commit_granule_words: 8192.
 - virtual_space_node_default_size: 1048576.
 - enlarge_chunks_in_place: 1.
 - new_chunks_are_fully_committed: 0.
 - uncommit_free_chunks: 1.
 - use_allocation_guard: 0.
 - handle_deallocations: 1.


Internal statistics:

num_allocs_failed_limit: 9.
num_arena_births: 1020.
num_arena_deaths: 0.
num_vsnodes_births: 12.
num_vsnodes_deaths: 0.
num_space_committed: 1512.
num_space_uncommitted: 0.
num_chunks_returned_to_freelist: 9.
num_chunks_taken_from_freelist: 4500.
num_chunk_merges: 6.
num_chunk_splits: 3022.
num_chunks_enlarged: 2064.
num_purges: 0.
num_inconsistent_stats: 0.

CodeHeap 'non-profiled nmethods': size=119168Kb used=5746Kb max_used=5746Kb free=113421Kb
 bounds [0x00000278b38e0000, 0x00000278b3e90000, 0x00000278bad40000]
CodeHeap 'profiled nmethods': size=119104Kb used=18812Kb max_used=18812Kb free=100291Kb
 bounds [0x00000278abd40000, 0x00000278acfb0000, 0x00000278b3190000]
CodeHeap 'non-nmethods': size=7488Kb used=2405Kb max_used=4161Kb free=5082Kb
 bounds [0x00000278b3190000, 0x00000278b35c0000, 0x00000278b38e0000]
 total_blobs=10602 nmethods=9675 adapters=838
 compilation: enabled
              stopped_count=0, restarted_count=0
 full_count=0

Compilation events (20 events):
Event: 12.419 Thread 0x00000278c7bdad00 nmethod 11162 0x00000278b3c3af10 code [0x00000278b3c3b0c0, 0x00000278b3c3ba08]
Event: 12.419 Thread 0x00000278c7bdcb60 nmethod 11156 0x00000278b3c0e210 code [0x00000278b3c0e3e0, 0x00000278b3c0eee8]
Event: 12.419 Thread 0x00000278c7be1c60 nmethod 11158 0x00000278b3c0ce90 code [0x00000278b3c0d060, 0x00000278b3c0da08]
Event: 12.425 Thread 0x00000278c7bdfe00 nmethod 11185 0x00000278b3911790 code [0x00000278b3911920, 0x00000278b3911a08]
Event: 12.442 Thread 0x00000278c52806e0 11186       3       org.gradle.api.internal.provider.ValueSupplier$Value::present (4 bytes)
Event: 12.442 Thread 0x00000278c52806e0 nmethod 11186 0x00000278ac375890 code [0x00000278ac375a20, 0x00000278ac375b18]
Event: 12.444 Thread 0x00000278c6b45d40 11187       3       org.gradle.internal.fingerprint.impl.DefaultFileSystemLocationFingerprint::equals (57 bytes)
Event: 12.444 Thread 0x00000278c6b45d40 nmethod 11187 0x00000278acf9f590 code [0x00000278acf9f780, 0x00000278acf9fc58]
Event: 12.450 Thread 0x00000278c7be0310 nmethod 11181 0x00000278b3c0b690 code [0x00000278b3c0b8a0, 0x00000278b3c0c850]
Event: 12.998 Thread 0x00000278c7bdfe00 11188       4       java.util.concurrent.locks.AbstractQueuedSynchronizer$Node::getAndUnsetStatus (14 bytes)
Event: 12.999 Thread 0x00000278c7bdfe00 nmethod 11188 0x00000278b3911490 code [0x00000278b3911600, 0x00000278b39116b8]
Event: 13.483 Thread 0x00000278c7bdb720 nmethod 11157 0x00000278b3b0ef90 code [0x00000278b3b0f1a0, 0x00000278b3b107a8]
Event: 13.483 Thread 0x00000278c3a8de60 11189       3       java.util.Spliterators::emptySpliterator (4 bytes)
Event: 13.483 Thread 0x00000278c3a8de60 nmethod 11189 0x00000278ac37b910 code [0x00000278ac37baa0, 0x00000278ac37bb98]
Event: 13.486 Thread 0x00000278c7bdcb60 11190   !   4       java.util.jar.Attributes::read (494 bytes)
Event: 13.519 Thread 0x00000278c7bdc140 nmethod 10617 0x00000278b3e6bf90 code [0x00000278b3e6c640, 0x00000278b3e739c8]
Event: 13.552 Thread 0x00000278c3a8d950 nmethod 11084 0x00000278b3e76810 code [0x00000278b3e76ee0, 0x00000278b3e7dfc0]
Event: 14.379 Thread 0x00000278c3a8de60 11191       1       javax.management.ObjectName::getCanonicalName (5 bytes)
Event: 14.379 Thread 0x00000278c3a8de60 nmethod 11191 0x00000278b3911190 code [0x00000278b3911320, 0x00000278b39113f8]
Event: 14.379 Thread 0x00000278c3a8de60 11192       3       java.util.ComparableTimSort::reverseRange (32 bytes)

GC Heap History (20 events):
Event: 4.021 GC heap before
{Heap before GC invocations=12 (full 0):
 garbage-first heap   total 65536K, used 42195K [0x0000000080000000, 0x0000000100000000)
  region size 1024K, 15 young (15360K), 1 survivors (1024K)
 Metaspace       used 41506K, committed 41792K, reserved 1089536K
  class space    used 5462K, committed 5568K, reserved 1048576K
}
Event: 4.023 GC heap after
{Heap after GC invocations=13 (full 0):
 garbage-first heap   total 173056K, used 30254K [0x0000000080000000, 0x0000000100000000)
  region size 1024K, 2 young (2048K), 2 survivors (2048K)
 Metaspace       used 41506K, committed 41792K, reserved 1089536K
  class space    used 5462K, committed 5568K, reserved 1048576K
}
Event: 5.382 GC heap before
{Heap before GC invocations=13 (full 0):
 garbage-first heap   total 173056K, used 129582K [0x0000000080000000, 0x0000000100000000)
  region size 1024K, 96 young (98304K), 2 survivors (2048K)
 Metaspace       used 53153K, committed 53568K, reserved 1097728K
  class space    used 7076K, committed 7296K, reserved 1048576K
}
Event: 5.388 GC heap after
{Heap after GC invocations=14 (full 0):
 garbage-first heap   total 173056K, used 35017K [0x0000000080000000, 0x0000000100000000)
  region size 1024K, 8 young (8192K), 8 survivors (8192K)
 Metaspace       used 53153K, committed 53568K, reserved 1097728K
  class space    used 7076K, committed 7296K, reserved 1048576K
}
Event: 6.282 GC heap before
{Heap before GC invocations=14 (full 0):
 garbage-first heap   total 173056K, used 121033K [0x0000000080000000, 0x0000000100000000)
  region size 1024K, 90 young (92160K), 8 survivors (8192K)
 Metaspace       used 59631K, committed 60096K, reserved 1105920K
  class space    used 7855K, committed 8064K, reserved 1048576K
}
Event: 6.289 GC heap after
{Heap after GC invocations=15 (full 0):
 garbage-first heap   total 173056K, used 45490K [0x0000000080000000, 0x0000000100000000)
  region size 1024K, 13 young (13312K), 13 survivors (13312K)
 Metaspace       used 59631K, committed 60096K, reserved 1105920K
  class space    used 7855K, committed 8064K, reserved 1048576K
}
Event: 7.431 GC heap before
{Heap before GC invocations=16 (full 0):
 garbage-first heap   total 157696K, used 132530K [0x0000000080000000, 0x0000000100000000)
  region size 1024K, 92 young (94208K), 13 survivors (13312K)
 Metaspace       used 69229K, committed 69824K, reserved 1114112K
  class space    used 9087K, committed 9344K, reserved 1048576K
}
Event: 7.440 GC heap after
{Heap after GC invocations=17 (full 0):
 garbage-first heap   total 157696K, used 52669K [0x0000000080000000, 0x0000000100000000)
  region size 1024K, 8 young (8192K), 8 survivors (8192K)
 Metaspace       used 69229K, committed 69824K, reserved 1114112K
  class space    used 9087K, committed 9344K, reserved 1048576K
}
Event: 8.375 GC heap before
{Heap before GC invocations=17 (full 0):
 garbage-first heap   total 157696K, used 119229K [0x0000000080000000, 0x0000000100000000)
  region size 1024K, 73 young (74752K), 8 survivors (8192K)
 Metaspace       used 76675K, committed 77248K, reserved 1122304K
  class space    used 10075K, committed 10368K, reserved 1048576K
}
Event: 8.381 GC heap after
{Heap after GC invocations=18 (full 0):
 garbage-first heap   total 157696K, used 57432K [0x0000000080000000, 0x0000000100000000)
  region size 1024K, 6 young (6144K), 6 survivors (6144K)
 Metaspace       used 76675K, committed 77248K, reserved 1122304K
  class space    used 10075K, committed 10368K, reserved 1048576K
}
Event: 9.583 GC heap before
{Heap before GC invocations=18 (full 0):
 garbage-first heap   total 157696K, used 120920K [0x0000000080000000, 0x0000000100000000)
  region size 1024K, 68 young (69632K), 6 survivors (6144K)
 Metaspace       used 83739K, committed 84416K, reserved 1122304K
  class space    used 11270K, committed 11584K, reserved 1048576K
}
Event: 9.591 GC heap after
{Heap after GC invocations=19 (full 0):
 garbage-first heap   total 157696K, used 60395K [0x0000000080000000, 0x0000000100000000)
  region size 1024K, 8 young (8192K), 8 survivors (8192K)
 Metaspace       used 83739K, committed 84416K, reserved 1122304K
  class space    used 11270K, committed 11584K, reserved 1048576K
}
Event: 10.559 GC heap before
{Heap before GC invocations=19 (full 0):
 garbage-first heap   total 157696K, used 123883K [0x0000000080000000, 0x0000000100000000)
  region size 1024K, 70 young (71680K), 8 survivors (8192K)
 Metaspace       used 90000K, committed 90688K, reserved 1130496K
  class space    used 12159K, committed 12480K, reserved 1048576K
}
Event: 10.568 GC heap after
{Heap after GC invocations=20 (full 0):
 garbage-first heap   total 157696K, used 65706K [0x0000000080000000, 0x0000000100000000)
  region size 1024K, 9 young (9216K), 9 survivors (9216K)
 Metaspace       used 90000K, committed 90688K, reserved 1130496K
  class space    used 12159K, committed 12480K, reserved 1048576K
}
Event: 11.403 GC heap before
{Heap before GC invocations=20 (full 0):
 garbage-first heap   total 157696K, used 125098K [0x0000000080000000, 0x0000000100000000)
  region size 1024K, 67 young (68608K), 9 survivors (9216K)
 Metaspace       used 93122K, committed 93824K, reserved 1130496K
  class space    used 12509K, committed 12800K, reserved 1048576K
}
Event: 11.414 GC heap after
{Heap after GC invocations=21 (full 0):
 garbage-first heap   total 157696K, used 75980K [0x0000000080000000, 0x0000000100000000)
  region size 1024K, 9 young (9216K), 9 survivors (9216K)
 Metaspace       used 93122K, committed 93824K, reserved 1130496K
  class space    used 12509K, committed 12800K, reserved 1048576K
}
Event: 11.934 GC heap before
{Heap before GC invocations=21 (full 0):
 garbage-first heap   total 157696K, used 122060K [0x0000000080000000, 0x0000000100000000)
  region size 1024K, 55 young (56320K), 9 survivors (9216K)
 Metaspace       used 94245K, committed 94912K, reserved 1138688K
  class space    used 12789K, committed 13120K, reserved 1048576K
}
Event: 11.942 GC heap after
{Heap after GC invocations=22 (full 0):
 garbage-first heap   total 157696K, used 80349K [0x0000000080000000, 0x0000000100000000)
  region size 1024K, 4 young (4096K), 4 survivors (4096K)
 Metaspace       used 94245K, committed 94912K, reserved 1138688K
  class space    used 12789K, committed 13120K, reserved 1048576K
}
Event: 13.495 GC heap before
{Heap before GC invocations=22 (full 0):
 garbage-first heap   total 157696K, used 99805K [0x0000000080000000, 0x0000000100000000)
  region size 1024K, 25 young (25600K), 4 survivors (4096K)
 Metaspace       used 95037K, committed 95744K, reserved 1138688K
  class space    used 12923K, committed 13248K, reserved 1048576K
}
Event: 13.499 GC heap after
{Heap after GC invocations=23 (full 0):
 garbage-first heap   total 157696K, used 81521K [0x0000000080000000, 0x0000000100000000)
  region size 1024K, 6 young (6144K), 6 survivors (6144K)
 Metaspace       used 95037K, committed 95744K, reserved 1138688K
  class space    used 12923K, committed 13248K, reserved 1048576K
}

Dll operation events (2 events):
Event: 0.010 Loaded shared library C:\Program Files\Android\Android Studio\jbr\bin\java.dll
Event: 0.416 Loaded shared library C:\Program Files\Android\Android Studio\jbr\bin\verify.dll

Deoptimization events (20 events):
Event: 12.405 Thread 0x00000278ca152eb0 DEOPT PACKING pc=0x00000278b3902b08 sp=0x000000bf259fc6f0
Event: 12.405 Thread 0x00000278ca152eb0 DEOPT UNPACKING pc=0x00000278b31ea1a3 sp=0x000000bf259fc688 mode 2
Event: 12.405 Thread 0x00000278ca152eb0 Uncommon trap: trap_request=0xffffffc6 fr.pc=0x00000278b3902b08 relative=0x0000000000000168
Event: 12.405 Thread 0x00000278ca152eb0 Uncommon trap: reason=bimorphic_or_optimized_type_check action=maybe_recompile pc=0x00000278b3902b08 method=com.google.common.collect.RegularImmutableMap.get(Ljava/lang/Object;[Lcom/google/common/collect/ImmutableMapEntry;I)Ljava/lang/Object; @ 54 c2
Event: 12.406 Thread 0x00000278ca152eb0 DEOPT PACKING pc=0x00000278b3902b08 sp=0x000000bf259fc6f0
Event: 12.406 Thread 0x00000278ca152eb0 DEOPT UNPACKING pc=0x00000278b31ea1a3 sp=0x000000bf259fc688 mode 2
Event: 12.406 Thread 0x00000278ca152eb0 Uncommon trap: trap_request=0xffffffc6 fr.pc=0x00000278b3902b08 relative=0x0000000000000168
Event: 12.406 Thread 0x00000278ca152eb0 Uncommon trap: reason=bimorphic_or_optimized_type_check action=maybe_recompile pc=0x00000278b3902b08 method=com.google.common.collect.RegularImmutableMap.get(Ljava/lang/Object;[Lcom/google/common/collect/ImmutableMapEntry;I)Ljava/lang/Object; @ 54 c2
Event: 12.407 Thread 0x00000278ca152eb0 DEOPT PACKING pc=0x00000278b3902b08 sp=0x000000bf259fc6f0
Event: 12.407 Thread 0x00000278ca152eb0 DEOPT UNPACKING pc=0x00000278b31ea1a3 sp=0x000000bf259fc688 mode 2
Event: 12.407 Thread 0x00000278ca152eb0 Uncommon trap: trap_request=0xffffffc6 fr.pc=0x00000278b3902b08 relative=0x0000000000000168
Event: 12.407 Thread 0x00000278ca152eb0 Uncommon trap: reason=bimorphic_or_optimized_type_check action=maybe_recompile pc=0x00000278b3902b08 method=com.google.common.collect.RegularImmutableMap.get(Ljava/lang/Object;[Lcom/google/common/collect/ImmutableMapEntry;I)Ljava/lang/Object; @ 54 c2
Event: 12.407 Thread 0x00000278ca152eb0 DEOPT PACKING pc=0x00000278b3902b08 sp=0x000000bf259fc6f0
Event: 12.407 Thread 0x00000278ca152eb0 DEOPT UNPACKING pc=0x00000278b31ea1a3 sp=0x000000bf259fc688 mode 2
Event: 12.411 Thread 0x00000278ca152eb0 Uncommon trap: trap_request=0xffffffc6 fr.pc=0x00000278b3c5ee04 relative=0x0000000000000344
Event: 12.411 Thread 0x00000278ca152eb0 Uncommon trap: reason=bimorphic_or_optimized_type_check action=maybe_recompile pc=0x00000278b3c5ee04 method=java.util.ArrayList$ArrayListSpliterator.tryAdvance(Ljava/util/function/Consumer;)Z @ 48 c2
Event: 12.411 Thread 0x00000278ca152eb0 DEOPT PACKING pc=0x00000278b3c5ee04 sp=0x000000bf259fc3f0
Event: 12.411 Thread 0x00000278ca152eb0 DEOPT UNPACKING pc=0x00000278b31ea1a3 sp=0x000000bf259fc380 mode 2
Event: 13.486 Thread 0x00000278ca152eb0 DEOPT PACKING pc=0x00000278ac1a0de7 sp=0x000000bf259f9270
Event: 13.486 Thread 0x00000278ca152eb0 DEOPT UNPACKING pc=0x00000278b31eace3 sp=0x000000bf259f8800 mode 0

Classes unloaded (0 events):
No events

Classes redefined (0 events):
No events

Internal exceptions (20 events):
Event: 11.627 Thread 0x00000278d19b81f0 Exception <a 'java/lang/NoSuchMethodError'{0x00000000890dad18}: 'java.lang.Object java.lang.invoke.DirectMethodHandle$Holder.invokeSpecialIFC(java.lang.Object, java.lang.Object, java.lang.Object)'> (0x00000000890dad18) 
thrown [s\src\hotspot\share\interpreter\linkResolver.cpp, line 771]
Event: 11.627 Thread 0x00000278cd5dff00 Exception <a 'java/lang/NoSuchMethodError'{0x000000008907a010}: 'java.lang.Object java.lang.invoke.DirectMethodHandle$Holder.invokeSpecialIFC(java.lang.Object, java.lang.Object, java.lang.Object)'> (0x000000008907a010) 
thrown [s\src\hotspot\share\interpreter\linkResolver.cpp, line 771]
Event: 11.627 Thread 0x00000278d19b9a00 Exception <a 'java/lang/NoSuchMethodError'{0x00000000890ab0b0}: 'java.lang.Object java.lang.invoke.DirectMethodHandle$Holder.invokeSpecialIFC(java.lang.Object, java.lang.Object, java.lang.Object)'> (0x00000000890ab0b0) 
thrown [s\src\hotspot\share\interpreter\linkResolver.cpp, line 771]
Event: 11.627 Thread 0x00000278d19b9530 Exception <a 'java/lang/NoSuchMethodError'{0x00000000890b1e60}: 'java.lang.Object java.lang.invoke.DirectMethodHandle$Holder.invokeSpecialIFC(java.lang.Object, java.lang.Object, java.lang.Object)'> (0x00000000890b1e60) 
thrown [s\src\hotspot\share\interpreter\linkResolver.cpp, line 771]
Event: 11.627 Thread 0x00000278d19b7380 Exception <a 'java/lang/NoSuchMethodError'{0x00000000890ee718}: 'java.lang.Object java.lang.invoke.DirectMethodHandle$Holder.invokeSpecialIFC(java.lang.Object, java.lang.Object, java.lang.Object)'> (0x00000000890ee718) 
thrown [s\src\hotspot\share\interpreter\linkResolver.cpp, line 771]
Event: 11.627 Thread 0x00000278d19b7850 Exception <a 'java/lang/NoSuchMethodError'{0x00000000890bc318}: 'java.lang.Object java.lang.invoke.DirectMethodHandle$Holder.invokeSpecialIFC(java.lang.Object, java.lang.Object, java.lang.Object)'> (0x00000000890bc318) 
thrown [s\src\hotspot\share\interpreter\linkResolver.cpp, line 771]
Event: 11.627 Thread 0x00000278d19b69e0 Exception <a 'java/lang/NoSuchMethodError'{0x00000000890c6848}: 'java.lang.Object java.lang.invoke.DirectMethodHandle$Holder.invokeSpecialIFC(java.lang.Object, java.lang.Object, java.lang.Object)'> (0x00000000890c6848) 
thrown [s\src\hotspot\share\interpreter\linkResolver.cpp, line 771]
Event: 11.627 Thread 0x00000278d19b2680 Exception <a 'java/lang/NoSuchMethodError'{0x00000000890d0780}: 'java.lang.Object java.lang.invoke.DirectMethodHandle$Holder.invokeSpecialIFC(java.lang.Object, java.lang.Object, java.lang.Object)'> (0x00000000890d0780) 
thrown [s\src\hotspot\share\interpreter\linkResolver.cpp, line 771]
Event: 11.627 Thread 0x00000278ca152eb0 Exception <a 'java/lang/NoSuchMethodError'{0x00000000891de7f8}: 'java.lang.Object java.lang.invoke.DirectMethodHandle$Holder.invokeSpecialIFC(java.lang.Object, java.lang.Object, java.lang.Object)'> (0x00000000891de7f8) 
thrown [s\src\hotspot\share\interpreter\linkResolver.cpp, line 771]
Event: 11.627 Thread 0x00000278d19b3020 Exception <a 'java/lang/NoSuchMethodError'{0x0000000089089f60}: 'java.lang.Object java.lang.invoke.DirectMethodHandle$Holder.invokeSpecialIFC(java.lang.Object, java.lang.Object, java.lang.Object)'> (0x0000000089089f60) 
thrown [s\src\hotspot\share\interpreter\linkResolver.cpp, line 771]
Event: 11.627 Thread 0x00000278d19b6510 Exception <a 'java/lang/NoSuchMethodError'{0x00000000890831a0}: 'java.lang.Object java.lang.invoke.DirectMethodHandle$Holder.invokeSpecialIFC(java.lang.Object, java.lang.Object, java.lang.Object)'> (0x00000000890831a0) 
thrown [s\src\hotspot\share\interpreter\linkResolver.cpp, line 771]
Event: 11.627 Thread 0x00000278d19b7d20 Exception <a 'java/lang/NoSuchMethodError'{0x0000000089064d58}: 'java.lang.Object java.lang.invoke.DirectMethodHandle$Holder.invokeSpecialIFC(java.lang.Object, java.lang.Object, java.lang.Object)'> (0x0000000089064d58) 
thrown [s\src\hotspot\share\interpreter\linkResolver.cpp, line 771]
Event: 11.627 Thread 0x00000278d19b86c0 Exception <a 'java/lang/NoSuchMethodError'{0x0000000089094f18}: 'java.lang.Object java.lang.invoke.DirectMethodHandle$Holder.invokeSpecialIFC(java.lang.Object, java.lang.Object, java.lang.Object)'> (0x0000000089094f18) 
thrown [s\src\hotspot\share\interpreter\linkResolver.cpp, line 771]
Event: 11.627 Thread 0x00000278d19b6eb0 Exception <a 'java/lang/NoSuchMethodError'{0x00000000890e5c38}: 'java.lang.Object java.lang.invoke.DirectMethodHandle$Holder.invokeSpecialIFC(java.lang.Object, java.lang.Object, java.lang.Object)'> (0x00000000890e5c38) 
thrown [s\src\hotspot\share\interpreter\linkResolver.cpp, line 771]
Event: 11.627 Thread 0x00000278d19b56a0 Exception <a 'java/lang/NoSuchMethodError'{0x00000000890a00d0}: 'java.lang.Object java.lang.invoke.DirectMethodHandle$Holder.invokeSpecialIFC(java.lang.Object, java.lang.Object, java.lang.Object)'> (0x00000000890a00d0) 
thrown [s\src\hotspot\share\interpreter\linkResolver.cpp, line 771]
Event: 11.733 Thread 0x00000278cf5f5f60 Exception <a 'java/lang/NoSuchMethodError'{0x00000000893fa410}: 'void java.lang.invoke.DirectMethodHandle$Holder.invokeVirtual(java.lang.Object, java.lang.Object)'> (0x00000000893fa410) 
thrown [s\src\hotspot\share\interpreter\linkResolver.cpp, line 771]
Event: 11.957 Thread 0x00000278c4bdb710 Implicit null exception at 0x00000278b3a2ac4e to 0x00000278b3a2b674
Event: 12.138 Thread 0x00000278ca152eb0 Exception <a 'sun/nio/fs/WindowsException'{0x0000000088e84268}> (0x0000000088e84268) 
thrown [s\src\hotspot\share\prims\jni.cpp, line 517]
Event: 12.139 Thread 0x00000278ca152eb0 Exception <a 'sun/nio/fs/WindowsException'{0x0000000088e84670}> (0x0000000088e84670) 
thrown [s\src\hotspot\share\prims\jni.cpp, line 517]
Event: 12.241 Thread 0x00000278c6ed5d50 Exception <a 'java/lang/NoSuchMethodError'{0x0000000088cf2228}: static [Ljava/lang/Object;.<clinit>()V> (0x0000000088cf2228) 
thrown [s\src\hotspot\share\prims\jni.cpp, line 1108]

VM Operations (20 events):
Event: 11.934 Executing VM operation: G1CollectForAllocation
Event: 11.942 Executing VM operation: G1CollectForAllocation done
Event: 12.046 Executing VM operation: HandshakeAllThreads
Event: 12.046 Executing VM operation: HandshakeAllThreads done
Event: 12.219 Executing VM operation: HandshakeAllThreads
Event: 12.220 Executing VM operation: HandshakeAllThreads done
Event: 12.221 Executing VM operation: HandshakeAllThreads
Event: 12.221 Executing VM operation: HandshakeAllThreads done
Event: 12.224 Executing VM operation: HandshakeAllThreads
Event: 12.224 Executing VM operation: HandshakeAllThreads done
Event: 12.226 Executing VM operation: HandshakeAllThreads
Event: 12.227 Executing VM operation: HandshakeAllThreads done
Event: 13.234 Executing VM operation: Cleanup
Event: 13.469 Executing VM operation: Cleanup done
Event: 13.494 Executing VM operation: G1TryInitiateConcMark
Event: 13.499 Executing VM operation: G1TryInitiateConcMark done
Event: 13.563 Executing VM operation: G1Concurrent
Event: 13.571 Executing VM operation: G1Concurrent done
Event: 13.597 Executing VM operation: G1Concurrent
Event: 13.598 Executing VM operation: G1Concurrent done

Events (20 events):
Event: 12.070 loading class java/util/stream/SortedOps$SizedRefSortingSink
Event: 12.070 loading class java/util/stream/SortedOps$SizedRefSortingSink done
Event: 12.071 loading class java/util/LinkedList$LLSpliterator
Event: 12.072 loading class java/util/LinkedList$LLSpliterator done
Event: 12.325 loading class java/util/Comparators$NaturalOrderComparator
Event: 12.325 loading class java/util/Comparators$NaturalOrderComparator done
Event: 12.998 Thread 0x00000278c7be0310 Thread exited: 0x00000278c7be0310
Event: 12.998 Thread 0x00000278c6b45d40 Thread exited: 0x00000278c6b45d40
Event: 12.998 Thread 0x00000278c7be1c60 Thread exited: 0x00000278c7be1c60
Event: 13.483 Thread 0x00000278c52806e0 Thread exited: 0x00000278c52806e0
Event: 13.483 Thread 0x00000278c3be6390 Thread exited: 0x00000278c3be6390
Event: 13.483 Thread 0x00000278c7bdfe00 Thread exited: 0x00000278c7bdfe00
Event: 13.488 loading class org/xml/sax/SAXNotRecognizedException
Event: 13.488 loading class org/xml/sax/SAXNotRecognizedException done
Event: 13.488 loading class org/xml/sax/SAXNotSupportedException
Event: 13.488 loading class org/xml/sax/SAXNotSupportedException done
Event: 13.488 loading class javax/xml/parsers/DocumentBuilder
Event: 13.489 loading class javax/xml/parsers/DocumentBuilder done
Event: 13.531 loading class org/w3c/dom/DOMError
Event: 13.531 loading class org/w3c/dom/DOMError done


Dynamic libraries:
0x00007ff79c220000 - 0x00007ff79c22a000 	C:\Program Files\Android\Android Studio\jbr\bin\java.exe
0x00007ffa6e6a0000 - 0x00007ffa6e908000 	C:\WINDOWS\SYSTEM32\ntdll.dll
0x00007ffa6ccd0000 - 0x00007ffa6cd99000 	C:\WINDOWS\System32\KERNEL32.DLL
0x00007ffa6b430000 - 0x00007ffa6b821000 	C:\WINDOWS\System32\KERNELBASE.dll
0x00007ffa6b220000 - 0x00007ffa6b36b000 	C:\WINDOWS\System32\ucrtbase.dll
0x00007ffa2ceb0000 - 0x00007ffa2cec7000 	C:\Program Files\Android\Android Studio\jbr\bin\jli.dll
0x00007ffa585d0000 - 0x00007ffa585eb000 	C:\Program Files\Android\Android Studio\jbr\bin\VCRUNTIME140.dll
0x00007ffa6d530000 - 0x00007ffa6d6f6000 	C:\WINDOWS\System32\USER32.dll
0x00007ffa6b010000 - 0x00007ffa6b037000 	C:\WINDOWS\System32\win32u.dll
0x00007ffa50560000 - 0x00007ffa507f3000 	C:\WINDOWS\WinSxS\amd64_microsoft.windows.common-controls_6595b64144ccf1df_6.0.26100.7824_none_3e0870b2e3345462\COMCTL32.dll
0x00007ffa6d700000 - 0x00007ffa6d72b000 	C:\WINDOWS\System32\GDI32.dll
0x00007ffa6d360000 - 0x00007ffa6d409000 	C:\WINDOWS\System32\msvcrt.dll
0x00007ffa6b040000 - 0x00007ffa6b16b000 	C:\WINDOWS\System32\gdi32full.dll
0x00007ffa6b170000 - 0x00007ffa6b213000 	C:\WINDOWS\System32\msvcp_win.dll
0x00007ffa6e050000 - 0x00007ffa6e081000 	C:\WINDOWS\System32\IMM32.DLL
0x00007ffa64cf0000 - 0x00007ffa64cfc000 	C:\Program Files\Android\Android Studio\jbr\bin\vcruntime140_1.dll
0x00007ffa07410000 - 0x00007ffa0749d000 	C:\Program Files\Android\Android Studio\jbr\bin\msvcp140.dll
0x00007ff9f8880000 - 0x00007ff9f94ee000 	C:\Program Files\Android\Android Studio\jbr\bin\server\jvm.dll
0x00007ffa6df90000 - 0x00007ffa6e044000 	C:\WINDOWS\System32\ADVAPI32.dll
0x00007ffa6ce90000 - 0x00007ffa6cf36000 	C:\WINDOWS\System32\sechost.dll
0x00007ffa6d410000 - 0x00007ffa6d528000 	C:\WINDOWS\System32\RPCRT4.dll
0x00007ffa58050000 - 0x00007ffa5805a000 	C:\WINDOWS\SYSTEM32\WSOCK32.dll
0x00007ffa58ce0000 - 0x00007ffa58d15000 	C:\WINDOWS\SYSTEM32\WINMM.dll
0x00007ffa64220000 - 0x00007ffa6422b000 	C:\WINDOWS\SYSTEM32\VERSION.dll
0x00007ffa6e5e0000 - 0x00007ffa6e654000 	C:\WINDOWS\System32\WS2_32.dll
0x00007ffa69ce0000 - 0x00007ffa69cfb000 	C:\WINDOWS\SYSTEM32\kernel.appcore.dll
0x00007ffa56540000 - 0x00007ffa5654a000 	C:\Program Files\Android\Android Studio\jbr\bin\jimage.dll
0x00007ffa69080000 - 0x00007ffa692c2000 	C:\WINDOWS\SYSTEM32\DBGHELP.DLL
0x00007ffa6cf40000 - 0x00007ffa6d2c6000 	C:\WINDOWS\System32\combase.dll
0x00007ffa6cdb0000 - 0x00007ffa6ce87000 	C:\WINDOWS\System32\OLEAUT32.dll
0x00007ffa4d640000 - 0x00007ffa4d67b000 	C:\WINDOWS\SYSTEM32\dbgcore.DLL
0x00007ffa6b830000 - 0x00007ffa6b8d5000 	C:\WINDOWS\System32\bcryptPrimitives.dll
0x00007ffa0a360000 - 0x00007ffa0a385000 	C:\Program Files\Android\Android Studio\jbr\bin\java.dll
0x00007ffa4fb40000 - 0x00007ffa4fb58000 	C:\Program Files\Android\Android Studio\jbr\bin\zip.dll
0x00007ffa6d830000 - 0x00007ffa6df82000 	C:\WINDOWS\System32\SHELL32.dll
0x00007ffa6c2d0000 - 0x00007ffa6c43a000 	C:\WINDOWS\System32\wintypes.dll
0x00007ffa6ba60000 - 0x00007ffa6c2c3000 	C:\WINDOWS\System32\windows.storage.dll
0x00007ffa6c630000 - 0x00007ffa6c726000 	C:\WINDOWS\System32\SHCORE.dll
0x00007ffa6e090000 - 0x00007ffa6e0f7000 	C:\WINDOWS\System32\shlwapi.dll
0x00007ffa6aea0000 - 0x00007ffa6aec9000 	C:\WINDOWS\SYSTEM32\profapi.dll
0x00007ffa4cb00000 - 0x00007ffa4cb19000 	C:\Program Files\Android\Android Studio\jbr\bin\net.dll
0x00007ffa63ea0000 - 0x00007ffa63fc7000 	C:\WINDOWS\SYSTEM32\WINHTTP.dll
0x00007ffa6a230000 - 0x00007ffa6a29b000 	C:\WINDOWS\system32\mswsock.dll
0x00007ffa4caa0000 - 0x00007ffa4cab6000 	C:\Program Files\Android\Android Studio\jbr\bin\nio.dll
0x00007ffa560f0000 - 0x00007ffa56100000 	C:\Program Files\Android\Android Studio\jbr\bin\verify.dll
0x00007ff9e8d00000 - 0x00007ff9e8d27000 	C:\Users\shuik\Desktop\Android Studio\Sdk\native\68d5fa5c4cc2d200863cafc0d521ce42e7d3e7ee720ec0a83991735586a16f82\windows-amd64\native-platform.dll
0x00007ffa06cd0000 - 0x00007ffa06e14000 	C:\Users\shuik\Desktop\Android Studio\Sdk\native\e376f236ea51e6404a007f0833ffe2c6e607c4080706a723a18a27aeea778392\windows-amd64\native-platform-file-events.dll
0x00007ffa559e0000 - 0x00007ffa559e9000 	C:\Program Files\Android\Android Studio\jbr\bin\management.dll
0x00007ffa509f0000 - 0x00007ffa509fb000 	C:\Program Files\Android\Android Studio\jbr\bin\management_ext.dll
0x00007ffa6d2d0000 - 0x00007ffa6d2d8000 	C:\WINDOWS\System32\PSAPI.DLL
0x00007ffa6a620000 - 0x00007ffa6a63b000 	C:\WINDOWS\SYSTEM32\CRYPTSP.dll
0x00007ffa69c40000 - 0x00007ffa69c79000 	C:\WINDOWS\system32\rsaenh.dll
0x00007ffa6a2e0000 - 0x00007ffa6a30b000 	C:\WINDOWS\SYSTEM32\USERENV.dll
0x00007ffa6ae70000 - 0x00007ffa6ae9a000 	C:\WINDOWS\SYSTEM32\bcrypt.dll
0x00007ffa6a480000 - 0x00007ffa6a48c000 	C:\WINDOWS\SYSTEM32\CRYPTBASE.dll
0x00007ffa696e0000 - 0x00007ffa69714000 	C:\WINDOWS\SYSTEM32\IPHLPAPI.DLL
0x00007ffa6c440000 - 0x00007ffa6c44a000 	C:\WINDOWS\System32\NSI.dll
0x00007ffa64260000 - 0x00007ffa6427e000 	C:\WINDOWS\SYSTEM32\dhcpcsvc6.DLL
0x00007ffa64230000 - 0x00007ffa64253000 	C:\WINDOWS\SYSTEM32\dhcpcsvc.DLL
0x00007ffa69770000 - 0x00007ffa6989c000 	C:\WINDOWS\SYSTEM32\DNSAPI.dll
0x00007ffa4d7d0000 - 0x00007ffa4d7d8000 	C:\WINDOWS\system32\wshunix.dll

dbghelp: loaded successfully - version: 4.0.5 - missing functions: none
symbol engine: initialized successfully - sym options: 0x614 - pdb path: .;C:\Program Files\Android\Android Studio\jbr\bin;C:\WINDOWS\SYSTEM32;C:\WINDOWS\WinSxS\amd64_microsoft.windows.common-controls_6595b64144ccf1df_6.0.26100.7824_none_3e0870b2e3345462;C:\Program Files\Android\Android Studio\jbr\bin\server;C:\Users\shuik\Desktop\Android Studio\Sdk\native\68d5fa5c4cc2d200863cafc0d521ce42e7d3e7ee720ec0a83991735586a16f82\windows-amd64;C:\Users\shuik\Desktop\Android Studio\Sdk\native\e376f236ea51e6404a007f0833ffe2c6e607c4080706a723a18a27aeea778392\windows-amd64

VM Arguments:
jvm_args: --add-opens=java.base/java.util=ALL-UNNAMED --add-opens=java.base/java.lang=ALL-UNNAMED --add-opens=java.base/java.lang.invoke=ALL-UNNAMED --add-opens=java.prefs/java.util.prefs=ALL-UNNAMED --add-opens=java.base/java.nio.charset=ALL-UNNAMED --add-opens=java.base/java.net=ALL-UNNAMED --add-opens=java.base/java.util.concurrent.atomic=ALL-UNNAMED -Xmx2048m -Dfile.encoding=UTF-8 -Duser.country=ES -Duser.language=es -Duser.variant 
java_command: org.gradle.launcher.daemon.bootstrap.GradleDaemon 8.0
java_class_path (initial): C:\Users\shuik\Desktop\Android Studio\Sdk\wrapper\dists\gradle-8.0-bin\ca5e32bp14vu59qr306oxotwh\gradle-8.0\lib\gradle-launcher-8.0.jar
Launcher Type: SUN_STANDARD

[Global flags]
     intx CICompilerCount                          = 12                                        {product} {ergonomic}
     uint ConcGCThreads                            = 3                                         {product} {ergonomic}
     uint G1ConcRefinementThreads                  = 13                                        {product} {ergonomic}
   size_t G1HeapRegionSize                         = 1048576                                   {product} {ergonomic}
    uintx GCDrainStackTargetSize                   = 64                                        {product} {ergonomic}
   size_t InitialHeapSize                          = 264241152                                 {product} {ergonomic}
   size_t MarkStackSize                            = 4194304                                   {product} {ergonomic}
   size_t MaxHeapSize                              = 2147483648                                {product} {command line}
   size_t MaxNewSize                               = 1287651328                                {product} {ergonomic}
   size_t MinHeapDeltaBytes                        = 1048576                                   {product} {ergonomic}
   size_t MinHeapSize                              = 8388608                                   {product} {ergonomic}
    uintx NonNMethodCodeHeapSize                   = 7602480                                {pd product} {ergonomic}
    uintx NonProfiledCodeHeapSize                  = 122027880                              {pd product} {ergonomic}
    uintx ProfiledCodeHeapSize                     = 122027880                              {pd product} {ergonomic}
    uintx ReservedCodeCacheSize                    = 251658240                              {pd product} {ergonomic}
     bool SegmentedCodeCache                       = true                                      {product} {ergonomic}
   size_t SoftMaxHeapSize                          = 2147483648                             {manageable} {ergonomic}
     bool UseCompressedClassPointers               = true                           {product lp64_product} {ergonomic}
     bool UseCompressedOops                        = true                           {product lp64_product} {ergonomic}
     bool UseG1GC                                  = true                                      {product} {ergonomic}
     bool UseLargePagesIndividualAllocation        = false                                  {pd product} {ergonomic}

Logging:
Log output configuration:
 #0: stdout all=warning uptime,level,tags
 #1: stderr all=off uptime,level,tags

Environment Variables:
PATH=C:\Program Files\Common Files\Oracle\Java\javapath;C:\Program Files (x86)\Common Files\Oracle\Java\java8path;C:\Program Files (x86)\Common Files\Oracle\Java\javapath;C:\WINDOWS\system32;C:\WINDOWS;C:\WINDOWS\System32\Wbem;C:\WINDOWS\System32\WindowsPowerShell\v1.0\;C:\WINDOWS\System32\OpenSSH\;C:\Program Files\dotnet\;C:\Program Files (x86)\NVIDIA Corporation\PhysX\Common;C:\Program Files\NVIDIA Corporation\NVIDIA app\NvDLISR;C:\Program Files\Docker\Docker\resources\bin;C:\Program Files\Apache\apache-maven-3.9.11\bin;C:\Program Files\nodejs\;C:\Users\shuik\AppData\Local\Programs\Python\Launcher\;C:\Users\shuik\AppData\Local\Microsoft\WindowsApps;C:\Users\shuik\AppData\Local\Programs\Microsoft VS Code\bin;C:\Users\shuik\AppData\Local\GitHubDesktop\bin;C:\Users\shuik\AppData\Local\spicetify;C:\Program Files\MongoDB\Server\8.2\bin;C:\Users\shuik\.dotnet\tools;C:\Users\shuik\AppData\Roaming\npm;C:\Users\shuik\AppData\Local\Programs\Python\Python314\Scripts;C:\Users\shuik\AppData\Local\Programs\Python\Python314;
USERNAME=shuik
OS=Windows_NT
PROCESSOR_IDENTIFIER=Intel64 Family 6 Model 141 Stepping 1, GenuineIntel
TMP=C:\Users\shuik\AppData\Local\Temp
TEMP=C:\Users\shuik\AppData\Local\Temp


JNI global refs:
JNI global refs: 35, weak refs: 10

JNI global refs memory usage: 1475, weak refs: 841


---------------  S Y S T E M  ---------------

OS:
 Windows 11 , 64 bit Build 26100 (10.0.26100.7705)
OS uptime: 28 days 19:07 hours
Hyper-V role detected

CPU: total 16 (initial active 16) (8 cores per cpu, 2 threads per core) family 6 model 141 stepping 1 microcode 0x34, cx8, cmov, fxsr, ht, mmx, 3dnowpref, sse, sse2, sse3, ssse3, sse4.1, sse4.2, popcnt, lzcnt, tsc, tscinvbit, avx, avx2, aes, erms, clmul, bmi1, bmi2, adx, avx512f, avx512dq, avx512cd, avx512bw, avx512vl, sha, fma, vzeroupper, avx512_vpopcntdq, avx512_vpclmulqdq, avx512_vaes, avx512_vnni, clflush, clflushopt, clwb, avx512_vbmi2, avx512_vbmi, hv

Memory: 4k page, system-wide physical 16085M (2101M free)
TotalPageFile size 65237M (AvailPageFile size 5M)
current process WorkingSet (physical memory assigned to process): 470M, peak: 475M
current process commit charge ("private bytes"): 518M, peak: 522M

vm_info: OpenJDK 64-Bit Server VM (17.0.6+0-b2043.56-10027231) for windows-amd64 JRE (17.0.6+0-b2043.56-10027231), built on Apr 28 2023 00:43:19 by "androidbuild" with MS VC++ 16.10 / 16.11 (VS2019)

END.
