#
# There is insufficient memory for the Java Runtime Environment to continue.
# Native memory allocation (malloc) failed to allocate 1225328 bytes for Chunk::new
# Possible reasons:
#   The system is out of physical RAM or swap space
#   The process is running with CompressedOops enabled, and the Java Heap may be blocking the growth of the native heap
# Possible solutions:
#   Reduce memory load on the system
#   Increase physical memory or swap space
#   Check if swap backing store is full
#   Decrease Java heap size (-Xmx/-Xms)
#   Decrease number of Java threads
#   Decrease Java thread stack sizes (-Xss)
#   Set larger code cache with -XX:ReservedCodeCacheSize=
#   JVM is running with Unscaled Compressed Oops mode in which the Java heap is
#     placed in the first 4GB address space. The Java Heap base address is the
#     maximum limit for the native heap growth. Please use -XX:HeapBaseMinAddress
#     to set the Java Heap base and to place the Java Heap above 4GB virtual address.
# This output file may be truncated or incomplete.
#
#  Out of Memory Error (arena.cpp:189), pid=10296, tid=15276
#
# JRE version: OpenJDK Runtime Environment (17.0.6) (build 17.0.6+0-b2043.56-10027231)
# Java VM: OpenJDK 64-Bit Server VM (17.0.6+0-b2043.56-10027231, mixed mode, tiered, compressed oops, compressed class ptrs, g1 gc, windows-amd64)
# No core dump will be written. Minidumps are not enabled by default on client versions of Windows
#

---------------  S U M M A R Y ------------

Command Line: --add-opens=java.base/java.util=ALL-UNNAMED --add-opens=java.base/java.lang=ALL-UNNAMED --add-opens=java.base/java.lang.invoke=ALL-UNNAMED --add-opens=java.prefs/java.util.prefs=ALL-UNNAMED --add-opens=java.base/java.nio.charset=ALL-UNNAMED --add-opens=java.base/java.net=ALL-UNNAMED --add-opens=java.base/java.util.concurrent.atomic=ALL-UNNAMED -Xmx2048m -Dfile.encoding=UTF-8 -Duser.country=ES -Duser.language=es -Duser.variant org.gradle.launcher.daemon.bootstrap.GradleDaemon 8.0

Host: 11th Gen Intel(R) Core(TM) i7-11800H @ 2.30GHz, 16 cores, 15G,  Windows 11 , 64 bit Build 26100 (10.0.26100.7705)
Time: Fri Mar 13 12:46:13 2026 Hora estándar romance elapsed time: 13.148727 seconds (0d 0h 0m 13s)

---------------  T H R E A D  ---------------

Current thread (0x00000280d7a389b0):  JavaThread "C2 CompilerThread3" daemon [_thread_in_native, id=15276, stack(0x000000abbd000000,0x000000abbd100000)]


Current CompileTask:
C2:  13148 11230       4       org.gradle.cache.internal.btree.BTreePersistentIndexedCache::access$1200 (10 bytes)

Stack: [0x000000abbd000000,0x000000abbd100000]
Native frames: (J=compiled Java code, j=interpreted, Vv=VM code, C=native code)
V  [jvm.dll+0x683c9a]
V  [jvm.dll+0x8427a4]
V  [jvm.dll+0x843f9e]
V  [jvm.dll+0x844603]
V  [jvm.dll+0x249b75]
V  [jvm.dll+0xabcac]
V  [jvm.dll+0xac27c]
V  [jvm.dll+0x368857]
V  [jvm.dll+0x332f31]
V  [jvm.dll+0x3323da]
V  [jvm.dll+0x21c201]
V  [jvm.dll+0x21b621]
V  [jvm.dll+0x1a4fdd]
V  [jvm.dll+0x22b098]
V  [jvm.dll+0x229159]
V  [jvm.dll+0x7f81ec]
V  [jvm.dll+0x7f274a]
V  [jvm.dll+0x682ad5]
C  [ucrtbase.dll+0x37b0]
C  [KERNEL32.DLL+0x2e8d7]
C  [ntdll.dll+0x8c40c]


---------------  P R O C E S S  ---------------

Threads class SMR info:
_java_thread_list=0x00000280d5fe7010, length=239, elements={
0x00000280b6c7d2f0, 0x00000280d1644250, 0x00000280d1644d10, 0x00000280d16327d0,
0x00000280d166c500, 0x00000280d166d930, 0x00000280d166ed60, 0x00000280d1671570,
0x00000280d16786c0, 0x00000280d1680330, 0x00000280d17d9010, 0x00000280d1805260,
0x00000280d1805730, 0x00000280d19468e0, 0x00000280d305ecd0, 0x00000280d32a7700,
0x00000280d53d0080, 0x00000280d50319d0, 0x00000280d509e070, 0x00000280d3aa1dc0,
0x00000280d45ff050, 0x00000280d45ff520, 0x00000280d45ff9f0, 0x00000280d4958210,
0x00000280d4956ed0, 0x00000280d4956060, 0x00000280d4957d40, 0x00000280d4959a20,
0x00000280d4956530, 0x00000280d4957870, 0x00000280d4956a00, 0x00000280d49586e0,
0x00000280d49573a0, 0x00000280d4958bb0, 0x00000280d4959080, 0x00000280d4959550,
0x00000280d76bf920, 0x00000280d76c1130, 0x00000280d76c0790, 0x00000280d76bf450,
0x00000280d76c2940, 0x00000280d76c1fa0, 0x00000280d76bfdf0, 0x00000280d76c02c0,
0x00000280d76c2470, 0x00000280d8ad3b70, 0x00000280d8ad2830, 0x00000280d8ad5850,
0x00000280d8ad2d00, 0x00000280d8ad4eb0, 0x00000280d8ad49e0, 0x00000280d8ad4040,
0x00000280d8ad4510, 0x00000280d8ad5380, 0x00000280d8ad31d0, 0x00000280d8ad36a0,
0x00000280d8ad2360, 0x00000280d8ad8870, 0x00000280d8ad6b90, 0x00000280d8ad9210,
0x00000280d8ad7a00, 0x00000280d8ad7060, 0x00000280d8ad7530, 0x00000280d8ad96e0,
0x00000280d8ad5d20, 0x00000280d8ad7ed0, 0x00000280d8ad61f0, 0x00000280d8ad83a0,
0x00000280d8ad8d40, 0x00000280d8ad66c0, 0x00000280d7b5a490, 0x00000280d7b5bca0,
0x00000280d7b582e0, 0x00000280d7b587b0, 0x00000280d7b5ae30, 0x00000280d7b5a960,
0x00000280d7b59af0, 0x00000280d7b59fc0, 0x00000280d7b5c170, 0x00000280d7b5b300,
0x00000280d7b5b7d0, 0x00000280d7b5c640, 0x00000280d7b58c80, 0x00000280d7b5cb10,
0x00000280d7b59150, 0x00000280d7b5cfe0, 0x00000280d7b59620, 0x00000280d7b5ecc0,
0x00000280d7b5f190, 0x00000280d7b5d4b0, 0x00000280d7b5de50, 0x00000280d7b5e320,
0x00000280d7b5d980, 0x00000280d7b5e7f0, 0x00000280d7b5f660, 0x00000280d7b5fb30,
0x00000280d342d390, 0x00000280d342d860, 0x00000280d342fee0, 0x00000280d342f540,
0x00000280d342fa10, 0x00000280d342e200, 0x00000280d342dd30, 0x00000280d342f070,
0x00000280d34303b0, 0x00000280d342c9f0, 0x00000280d342e6d0, 0x00000280d3430880,
0x00000280d342eba0, 0x00000280d342cec0, 0x00000280d3430d50, 0x00000280d3431220,
0x00000280d3432f00, 0x00000280d3433d70, 0x00000280d3432560, 0x00000280d3431bc0,
0x00000280d3434240, 0x00000280d34333d0, 0x00000280d3432090, 0x00000280d34338a0,
0x00000280d3432a30, 0x00000280d34316f0, 0x00000280d74af740, 0x00000280d74b1420,
0x00000280d74afc10, 0x00000280d74b18f0, 0x00000280d74b00e0, 0x00000280d74b05b0,
0x00000280d74aeda0, 0x00000280d74ae8d0, 0x00000280d74b0a80, 0x00000280d74adf30,
0x00000280d74b0f50, 0x00000280d74b1dc0, 0x00000280d74ae400, 0x00000280d74b2760,
0x00000280d74b2290, 0x00000280d74b2c30, 0x00000280d74af270, 0x00000280d74b3aa0,
0x00000280d74b3100, 0x00000280d74b4de0, 0x00000280d74b35d0, 0x00000280d74b3f70,
0x00000280d74b4440, 0x00000280d74b52b0, 0x00000280d74b4910, 0x00000280d74b5780,
0x00000280d5975a50, 0x00000280d5974240, 0x00000280d59750b0, 0x00000280d5974710,
0x00000280d5973d70, 0x00000280d5974be0, 0x00000280d5975580, 0x00000280d59738a0,
0x00000280d5975f20, 0x00000280d59763f0, 0x00000280d59768c0, 0x00000280d5976d90,
0x00000280d59733d0, 0x00000280d597ac20, 0x00000280d5978f40, 0x00000280d59785a0,
0x00000280d5978a70, 0x00000280d5979410, 0x00000280d5979db0, 0x00000280d59798e0,
0x00000280d5977260, 0x00000280d597a280, 0x00000280d597a750, 0x00000280d5977730,
0x00000280d5977c00, 0x00000280d59780d0, 0x00000280d89a6410, 0x00000280d89a4260,
0x00000280d89a3d90, 0x00000280d89a68e0, 0x00000280d89a4730, 0x00000280d89a33f0,
0x00000280d89a4c00, 0x00000280d89a2f20, 0x00000280d89a6db0, 0x00000280d7ec39b0,
0x00000280d7a389b0, 0x00000280d89a7750, 0x00000280d89a7c20, 0x00000280d89a80f0,
0x00000280d89a8a90, 0x00000280d89a50d0, 0x00000280d89a8f60, 0x00000280d89a55a0,
0x00000280d89a9430, 0x00000280d89a9900, 0x00000280d89a5f40, 0x00000280d89a9dd0,
0x00000280d89aa2a0, 0x00000280d89aa770, 0x00000280d9051dd0, 0x00000280d9053110,
0x00000280d90522a0, 0x00000280d9053f80, 0x00000280d9053ab0, 0x00000280d9051430,
0x00000280d9050a90, 0x00000280d9052c40, 0x00000280d90535e0, 0x00000280d9054920,
0x00000280d9050f60, 0x00000280d90552c0, 0x00000280d9054df0, 0x00000280d9051900,
0x00000280d9057470, 0x00000280d9055790, 0x00000280d9055c60, 0x00000280d9056130,
0x00000280d9056600, 0x00000280d9056ad0, 0x00000280d9056fa0, 0x00000280d278b940,
0x00000280d5c90f30, 0x00000280d5c92c10, 0x00000280d5c90a60, 0x00000280d5c92740,
0x00000280d5c92270, 0x00000280d5c8f720, 0x00000280d5c8fbf0, 0x00000280d5c8f250,
0x00000280d5c91400, 0x00000280d5c918d0, 0x00000280d5c930e0, 0x00000280d5c935b0,
0x00000280d5c90590, 0x00000280d5c93a80, 0x00000280d5c900c0, 0x00000280d5c95760,
0x00000280d5c94dc0, 0x00000280d5c95290, 0x00000280d5c93f50
}

Java Threads: ( => current thread )
  0x00000280b6c7d2f0 JavaThread "main" [_thread_blocked, id=3696, stack(0x000000abb0100000,0x000000abb0200000)]
  0x00000280d1644250 JavaThread "Reference Handler" daemon [_thread_blocked, id=22676, stack(0x000000abb0800000,0x000000abb0900000)]
  0x00000280d1644d10 JavaThread "Finalizer" daemon [_thread_blocked, id=20320, stack(0x000000abb0900000,0x000000abb0a00000)]
  0x00000280d16327d0 JavaThread "Signal Dispatcher" daemon [_thread_blocked, id=21280, stack(0x000000abb0a00000,0x000000abb0b00000)]
  0x00000280d166c500 JavaThread "Attach Listener" daemon [_thread_blocked, id=15760, stack(0x000000abb0b00000,0x000000abb0c00000)]
  0x00000280d166d930 JavaThread "Service Thread" daemon [_thread_blocked, id=16416, stack(0x000000abb0c00000,0x000000abb0d00000)]
  0x00000280d166ed60 JavaThread "Monitor Deflation Thread" daemon [_thread_blocked, id=8072, stack(0x000000abb0d00000,0x000000abb0e00000)]
  0x00000280d1671570 JavaThread "C2 CompilerThread0" daemon [_thread_blocked, id=19688, stack(0x000000abb0e00000,0x000000abb0f00000)]
  0x00000280d16786c0 JavaThread "C1 CompilerThread0" daemon [_thread_blocked, id=2476, stack(0x000000abb0f00000,0x000000abb1000000)]
  0x00000280d1680330 JavaThread "Sweeper thread" daemon [_thread_blocked, id=18484, stack(0x000000abb1000000,0x000000abb1100000)]
  0x00000280d17d9010 JavaThread "C1 CompilerThread1" daemon [_thread_blocked, id=11732, stack(0x000000abb1100000,0x000000abb1200000)]
  0x00000280d1805260 JavaThread "Common-Cleaner" daemon [_thread_blocked, id=4552, stack(0x000000abb1200000,0x000000abb1300000)]
  0x00000280d1805730 JavaThread "Notification Thread" daemon [_thread_blocked, id=17104, stack(0x000000abb1300000,0x000000abb1400000)]
  0x00000280d19468e0 JavaThread "C2 CompilerThread1" daemon [_thread_in_native, id=14668, stack(0x000000abb1500000,0x000000abb1600000)]
  0x00000280d305ecd0 JavaThread "C1 CompilerThread2" daemon [_thread_blocked, id=19328, stack(0x000000abb1700000,0x000000abb1800000)]
  0x00000280d32a7700 JavaThread "C1 CompilerThread3" daemon [_thread_blocked, id=14976, stack(0x000000abb1800000,0x000000abb1900000)]
  0x00000280d53d0080 JavaThread "Daemon health stats" [_thread_blocked, id=7184, stack(0x000000abb1e00000,0x000000abb1f00000)]
  0x00000280d50319d0 JavaThread "Incoming local TCP Connector on port 51589" [_thread_in_native, id=16408, stack(0x000000abb1f00000,0x000000abb2000000)]
  0x00000280d509e070 JavaThread "Daemon periodic checks" [_thread_blocked, id=23456, stack(0x000000abb2000000,0x000000abb2100000)]
  0x00000280d3aa1dc0 JavaThread "Daemon" [_thread_blocked, id=22952, stack(0x000000abb2100000,0x000000abb2200000)]
  0x00000280d45ff050 JavaThread "Handler for socket connection from /127.0.0.1:51589 to /127.0.0.1:51591" [_thread_in_native, id=15900, stack(0x000000abb2200000,0x000000abb2300000)]
  0x00000280d45ff520 JavaThread "Cancel handler" [_thread_blocked, id=20712, stack(0x000000abb2300000,0x000000abb2400000)]
  0x00000280d45ff9f0 JavaThread "Daemon worker" [_thread_blocked, id=7288, stack(0x000000abb2400000,0x000000abb2500000)]
  0x00000280d4958210 JavaThread "Asynchronous log dispatcher for DefaultDaemonConnection: socket connection from /127.0.0.1:51589 to /127.0.0.1:51591" [_thread_blocked, id=16764, stack(0x000000abb2500000,0x000000abb2600000)]
  0x00000280d4956ed0 JavaThread "Stdin handler" [_thread_blocked, id=22024, stack(0x000000abb2600000,0x000000abb2700000)]
  0x00000280d4956060 JavaThread "Daemon client event forwarder" [_thread_blocked, id=16592, stack(0x000000abb2700000,0x000000abb2800000)]
  0x00000280d4957d40 JavaThread "Cache worker for journal cache (C:\Users\shuik\Desktop\Android Studio\Sdk\caches\journal-1)" [_thread_blocked, id=19440, stack(0x000000abb3100000,0x000000abb3200000)]
  0x00000280d4959a20 JavaThread "File lock request listener" [_thread_in_native, id=10040, stack(0x000000abb3200000,0x000000abb3300000)]
  0x00000280d4956530 JavaThread "Cache worker for file hash cache (C:\Users\shuik\Desktop\Android Studio\Sdk\caches\8.0\fileHashes)" [_thread_blocked, id=22040, stack(0x000000abb3300000,0x000000abb3400000)]
  0x00000280d4957870 JavaThread "File watcher server" daemon [_thread_in_native, id=18952, stack(0x000000abb3500000,0x000000abb3600000)]
  0x00000280d4956a00 JavaThread "File watcher consumer" daemon [_thread_blocked, id=7032, stack(0x000000abb3600000,0x000000abb3700000)]
  0x00000280d49586e0 JavaThread "Cache worker for checksums cache (C:\Users\shuik\Documents\GitHub\Ovulitos\Android_Ovulitos\.gradle\8.0\checksums)" [_thread_blocked, id=3036, stack(0x000000abb3400000,0x000000abb3500000)]
  0x00000280d49573a0 JavaThread "Cache worker for cache directory md-rule (C:\Users\shuik\Desktop\Android Studio\Sdk\caches\8.0\md-rule)" [_thread_blocked, id=5660, stack(0x000000abb3700000,0x000000abb3800000)]
  0x00000280d4958bb0 JavaThread "Cache worker for file content cache (C:\Users\shuik\Desktop\Android Studio\Sdk\caches\8.0\fileContent)" [_thread_blocked, id=19104, stack(0x000000abb3800000,0x000000abb3900000)]
  0x00000280d4959080 JavaThread "Cache worker for file hash cache (C:\Users\shuik\Documents\GitHub\Ovulitos\Android_Ovulitos\.gradle\8.0\fileHashes)" [_thread_blocked, id=17600, stack(0x000000abb3900000,0x000000abb3a00000)]
  0x00000280d4959550 JavaThread "Cache worker for cache directory md-supplier (C:\Users\shuik\Desktop\Android Studio\Sdk\caches\8.0\md-supplier)" [_thread_blocked, id=9392, stack(0x000000abb3a00000,0x000000abb3b00000)]
  0x00000280d76bf920 JavaThread "Cache worker for execution history cache (C:\Users\shuik\Desktop\Android Studio\Sdk\caches\8.0\executionHistory)" [_thread_blocked, id=20776, stack(0x000000abb3b00000,0x000000abb3c00000)]
  0x00000280d76c1130 JavaThread "jar transforms" [_thread_blocked, id=4228, stack(0x000000abb3c00000,0x000000abb3d00000)]
  0x00000280d76c0790 JavaThread "jar transforms Thread 2" [_thread_blocked, id=22828, stack(0x000000abb3d00000,0x000000abb3e00000)]
  0x00000280d76bf450 JavaThread "Cache worker for kotlin-dsl (C:\Users\shuik\Desktop\Android Studio\Sdk\caches\8.0\kotlin-dsl)" [_thread_blocked, id=8064, stack(0x000000abb4000000,0x000000abb4100000)]
  0x00000280d76c2940 JavaThread "jar transforms Thread 3" [_thread_blocked, id=12708, stack(0x000000abb4100000,0x000000abb4200000)]
  0x00000280d76c1fa0 JavaThread "jar transforms Thread 4" [_thread_blocked, id=17712, stack(0x000000abb4200000,0x000000abb4300000)]
  0x00000280d76bfdf0 JavaThread "Cache worker for dependencies-accessors (C:\Users\shuik\Documents\GitHub\Ovulitos\Android_Ovulitos\.gradle\8.0\dependencies-accessors)" [_thread_blocked, id=3104, stack(0x000000abb3f00000,0x000000abb4000000)]
  0x00000280d76c02c0 JavaThread "Cache worker for Build Output Cleanup Cache (C:\Users\shuik\Documents\GitHub\Ovulitos\Android_Ovulitos\.gradle\buildOutputCleanup)" [_thread_blocked, id=4172, stack(0x000000abb4300000,0x000000abb4400000)]
  0x00000280d76c2470 JavaThread "jar transforms Thread 5" [_thread_blocked, id=23144, stack(0x000000abb4400000,0x000000abb4500000)]
  0x00000280d8ad3b70 JavaThread "Unconstrained build operations" [_thread_blocked, id=12700, stack(0x000000abb4500000,0x000000abb4600000)]
  0x00000280d8ad2830 JavaThread "Unconstrained build operations Thread 2" [_thread_blocked, id=4184, stack(0x000000abb4600000,0x000000abb4700000)]
  0x00000280d8ad5850 JavaThread "Unconstrained build operations Thread 3" [_thread_blocked, id=6696, stack(0x000000abb4700000,0x000000abb4800000)]
  0x00000280d8ad2d00 JavaThread "Unconstrained build operations Thread 4" [_thread_blocked, id=6608, stack(0x000000abb4800000,0x000000abb4900000)]
  0x00000280d8ad4eb0 JavaThread "Unconstrained build operations Thread 5" [_thread_blocked, id=15816, stack(0x000000abb4900000,0x000000abb4a00000)]
  0x00000280d8ad49e0 JavaThread "Unconstrained build operations Thread 6" [_thread_blocked, id=15868, stack(0x000000abb4a00000,0x000000abb4b00000)]
  0x00000280d8ad4040 JavaThread "Unconstrained build operations Thread 7" [_thread_blocked, id=1844, stack(0x000000abb4b00000,0x000000abb4c00000)]
  0x00000280d8ad4510 JavaThread "Unconstrained build operations Thread 8" [_thread_blocked, id=19576, stack(0x000000abb4c00000,0x000000abb4d00000)]
  0x00000280d8ad5380 JavaThread "Unconstrained build operations Thread 9" [_thread_blocked, id=19868, stack(0x000000abb4d00000,0x000000abb4e00000)]
  0x00000280d8ad31d0 JavaThread "Unconstrained build operations Thread 10" [_thread_blocked, id=5496, stack(0x000000abb4e00000,0x000000abb4f00000)]
  0x00000280d8ad36a0 JavaThread "Unconstrained build operations Thread 11" [_thread_blocked, id=16556, stack(0x000000abb4f00000,0x000000abb5000000)]
  0x00000280d8ad2360 JavaThread "Unconstrained build operations Thread 12" [_thread_blocked, id=15144, stack(0x000000abb5000000,0x000000abb5100000)]
  0x00000280d8ad8870 JavaThread "Unconstrained build operations Thread 13" [_thread_blocked, id=15448, stack(0x000000abb5100000,0x000000abb5200000)]
  0x00000280d8ad6b90 JavaThread "Unconstrained build operations Thread 14" [_thread_blocked, id=19936, stack(0x000000abb5200000,0x000000abb5300000)]
  0x00000280d8ad9210 JavaThread "Unconstrained build operations Thread 15" [_thread_blocked, id=20216, stack(0x000000abb5300000,0x000000abb5400000)]
  0x00000280d8ad7a00 JavaThread "Unconstrained build operations Thread 16" [_thread_blocked, id=10360, stack(0x000000abb5400000,0x000000abb5500000)]
  0x00000280d8ad7060 JavaThread "Unconstrained build operations Thread 17" [_thread_blocked, id=17284, stack(0x000000abb5500000,0x000000abb5600000)]
  0x00000280d8ad7530 JavaThread "Unconstrained build operations Thread 18" [_thread_blocked, id=17860, stack(0x000000abb5600000,0x000000abb5700000)]
  0x00000280d8ad96e0 JavaThread "Unconstrained build operations Thread 19" [_thread_blocked, id=3248, stack(0x000000abb5700000,0x000000abb5800000)]
  0x00000280d8ad5d20 JavaThread "Unconstrained build operations Thread 20" [_thread_blocked, id=5800, stack(0x000000abb5800000,0x000000abb5900000)]
  0x00000280d8ad7ed0 JavaThread "Unconstrained build operations Thread 21" [_thread_blocked, id=17304, stack(0x000000abb5900000,0x000000abb5a00000)]
  0x00000280d8ad61f0 JavaThread "Unconstrained build operations Thread 22" [_thread_blocked, id=13824, stack(0x000000abb5a00000,0x000000abb5b00000)]
  0x00000280d8ad83a0 JavaThread "Unconstrained build operations Thread 23" [_thread_blocked, id=6052, stack(0x000000abb5b00000,0x000000abb5c00000)]
  0x00000280d8ad8d40 JavaThread "Unconstrained build operations Thread 24" [_thread_blocked, id=1140, stack(0x000000abb5c00000,0x000000abb5d00000)]
  0x00000280d8ad66c0 JavaThread "Unconstrained build operations Thread 25" [_thread_blocked, id=11712, stack(0x000000abb5d00000,0x000000abb5e00000)]
  0x00000280d7b5a490 JavaThread "Unconstrained build operations Thread 26" [_thread_blocked, id=12384, stack(0x000000abb5e00000,0x000000abb5f00000)]
  0x00000280d7b5bca0 JavaThread "Unconstrained build operations Thread 27" [_thread_blocked, id=10624, stack(0x000000abb5f00000,0x000000abb6000000)]
  0x00000280d7b582e0 JavaThread "Unconstrained build operations Thread 28" [_thread_blocked, id=16260, stack(0x000000abb6000000,0x000000abb6100000)]
  0x00000280d7b587b0 JavaThread "Unconstrained build operations Thread 29" [_thread_blocked, id=10632, stack(0x000000abb6100000,0x000000abb6200000)]
  0x00000280d7b5ae30 JavaThread "Unconstrained build operations Thread 30" [_thread_blocked, id=7208, stack(0x000000abb6200000,0x000000abb6300000)]
  0x00000280d7b5a960 JavaThread "Unconstrained build operations Thread 31" [_thread_blocked, id=18684, stack(0x000000abb6300000,0x000000abb6400000)]
  0x00000280d7b59af0 JavaThread "Unconstrained build operations Thread 32" [_thread_blocked, id=8440, stack(0x000000abb6400000,0x000000abb6500000)]
  0x00000280d7b59fc0 JavaThread "Unconstrained build operations Thread 33" [_thread_blocked, id=10680, stack(0x000000abb6500000,0x000000abb6600000)]
  0x00000280d7b5c170 JavaThread "Unconstrained build operations Thread 34" [_thread_blocked, id=10716, stack(0x000000abb6600000,0x000000abb6700000)]
  0x00000280d7b5b300 JavaThread "Unconstrained build operations Thread 35" [_thread_blocked, id=17340, stack(0x000000abb6700000,0x000000abb6800000)]
  0x00000280d7b5b7d0 JavaThread "Unconstrained build operations Thread 36" [_thread_blocked, id=9220, stack(0x000000abb6800000,0x000000abb6900000)]
  0x00000280d7b5c640 JavaThread "Unconstrained build operations Thread 37" [_thread_blocked, id=12260, stack(0x000000abb6900000,0x000000abb6a00000)]
  0x00000280d7b58c80 JavaThread "Unconstrained build operations Thread 38" [_thread_blocked, id=8456, stack(0x000000abb6a00000,0x000000abb6b00000)]
  0x00000280d7b5cb10 JavaThread "Unconstrained build operations Thread 39" [_thread_blocked, id=18632, stack(0x000000abb6b00000,0x000000abb6c00000)]
  0x00000280d7b59150 JavaThread "Unconstrained build operations Thread 40" [_thread_blocked, id=19388, stack(0x000000abb6c00000,0x000000abb6d00000)]
  0x00000280d7b5cfe0 JavaThread "Unconstrained build operations Thread 41" [_thread_blocked, id=21784, stack(0x000000abb6d00000,0x000000abb6e00000)]
  0x00000280d7b59620 JavaThread "Unconstrained build operations Thread 42" [_thread_blocked, id=16644, stack(0x000000abb6e00000,0x000000abb6f00000)]
  0x00000280d7b5ecc0 JavaThread "Unconstrained build operations Thread 43" [_thread_blocked, id=4792, stack(0x000000abb6f00000,0x000000abb7000000)]
  0x00000280d7b5f190 JavaThread "Unconstrained build operations Thread 44" [_thread_blocked, id=8460, stack(0x000000abb7000000,0x000000abb7100000)]
  0x00000280d7b5d4b0 JavaThread "Unconstrained build operations Thread 45" [_thread_blocked, id=8876, stack(0x000000abb7100000,0x000000abb7200000)]
  0x00000280d7b5de50 JavaThread "Unconstrained build operations Thread 46" [_thread_blocked, id=23188, stack(0x000000abb7200000,0x000000abb7300000)]
  0x00000280d7b5e320 JavaThread "Unconstrained build operations Thread 47" [_thread_blocked, id=6036, stack(0x000000abb7300000,0x000000abb7400000)]
  0x00000280d7b5d980 JavaThread "Unconstrained build operations Thread 48" [_thread_blocked, id=23012, stack(0x000000abb7400000,0x000000abb7500000)]
  0x00000280d7b5e7f0 JavaThread "Unconstrained build operations Thread 49" [_thread_blocked, id=18308, stack(0x000000abb7500000,0x000000abb7600000)]
  0x00000280d7b5f660 JavaThread "Unconstrained build operations Thread 50" [_thread_blocked, id=16216, stack(0x000000abb7600000,0x000000abb7700000)]
  0x00000280d7b5fb30 JavaThread "Unconstrained build operations Thread 51" [_thread_blocked, id=18812, stack(0x000000abb7700000,0x000000abb7800000)]
  0x00000280d342d390 JavaThread "Unconstrained build operations Thread 52" [_thread_blocked, id=22000, stack(0x000000abb7800000,0x000000abb7900000)]
  0x00000280d342d860 JavaThread "Unconstrained build operations Thread 53" [_thread_blocked, id=3948, stack(0x000000abb7900000,0x000000abb7a00000)]
  0x00000280d342fee0 JavaThread "Unconstrained build operations Thread 54" [_thread_blocked, id=2000, stack(0x000000abb7a00000,0x000000abb7b00000)]
  0x00000280d342f540 JavaThread "Unconstrained build operations Thread 55" [_thread_blocked, id=11152, stack(0x000000abb7b00000,0x000000abb7c00000)]
  0x00000280d342fa10 JavaThread "Unconstrained build operations Thread 56" [_thread_blocked, id=16000, stack(0x000000abb7c00000,0x000000abb7d00000)]
  0x00000280d342e200 JavaThread "Unconstrained build operations Thread 57" [_thread_blocked, id=12100, stack(0x000000abb7d00000,0x000000abb7e00000)]
  0x00000280d342dd30 JavaThread "Unconstrained build operations Thread 58" [_thread_blocked, id=20856, stack(0x000000abb7e00000,0x000000abb7f00000)]
  0x00000280d342f070 JavaThread "Unconstrained build operations Thread 59" [_thread_blocked, id=3816, stack(0x000000abb7f00000,0x000000abb8000000)]
  0x00000280d34303b0 JavaThread "Unconstrained build operations Thread 60" [_thread_blocked, id=21468, stack(0x000000abb8000000,0x000000abb8100000)]
  0x00000280d342c9f0 JavaThread "Unconstrained build operations Thread 61" [_thread_blocked, id=22172, stack(0x000000abb8100000,0x000000abb8200000)]
  0x00000280d342e6d0 JavaThread "Unconstrained build operations Thread 62" [_thread_blocked, id=22380, stack(0x000000abb8200000,0x000000abb8300000)]
  0x00000280d3430880 JavaThread "Unconstrained build operations Thread 63" [_thread_blocked, id=20200, stack(0x000000abb8300000,0x000000abb8400000)]
  0x00000280d342eba0 JavaThread "Unconstrained build operations Thread 64" [_thread_blocked, id=19416, stack(0x000000abb8400000,0x000000abb8500000)]
  0x00000280d342cec0 JavaThread "Unconstrained build operations Thread 65" [_thread_blocked, id=14716, stack(0x000000abb8500000,0x000000abb8600000)]
  0x00000280d3430d50 JavaThread "Unconstrained build operations Thread 66" [_thread_blocked, id=10248, stack(0x000000abb8600000,0x000000abb8700000)]
  0x00000280d3431220 JavaThread "Unconstrained build operations Thread 67" [_thread_blocked, id=18544, stack(0x000000abb8700000,0x000000abb8800000)]
  0x00000280d3432f00 JavaThread "Unconstrained build operations Thread 68" [_thread_blocked, id=2944, stack(0x000000abb8800000,0x000000abb8900000)]
  0x00000280d3433d70 JavaThread "Unconstrained build operations Thread 69" [_thread_blocked, id=13524, stack(0x000000abb8900000,0x000000abb8a00000)]
  0x00000280d3432560 JavaThread "Unconstrained build operations Thread 70" [_thread_blocked, id=18820, stack(0x000000abb8a00000,0x000000abb8b00000)]
  0x00000280d3431bc0 JavaThread "Unconstrained build operations Thread 71" [_thread_blocked, id=9740, stack(0x000000abb8b00000,0x000000abb8c00000)]
  0x00000280d3434240 JavaThread "Unconstrained build operations Thread 72" [_thread_blocked, id=19664, stack(0x000000abb8c00000,0x000000abb8d00000)]
  0x00000280d34333d0 JavaThread "Unconstrained build operations Thread 73" [_thread_blocked, id=11576, stack(0x000000abb8d00000,0x000000abb8e00000)]
  0x00000280d3432090 JavaThread "Unconstrained build operations Thread 74" [_thread_blocked, id=22368, stack(0x000000abb8e00000,0x000000abb8f00000)]
  0x00000280d34338a0 JavaThread "Unconstrained build operations Thread 75" [_thread_blocked, id=6932, stack(0x000000abb8f00000,0x000000abb9000000)]
  0x00000280d3432a30 JavaThread "Unconstrained build operations Thread 76" [_thread_blocked, id=20096, stack(0x000000abb9000000,0x000000abb9100000)]
  0x00000280d34316f0 JavaThread "Unconstrained build operations Thread 77" [_thread_blocked, id=21572, stack(0x000000abb9100000,0x000000abb9200000)]
  0x00000280d74af740 JavaThread "Unconstrained build operations Thread 78" [_thread_blocked, id=13504, stack(0x000000abb9200000,0x000000abb9300000)]
  0x00000280d74b1420 JavaThread "Unconstrained build operations Thread 79" [_thread_blocked, id=17316, stack(0x000000abb9300000,0x000000abb9400000)]
  0x00000280d74afc10 JavaThread "Unconstrained build operations Thread 80" [_thread_blocked, id=20208, stack(0x000000abb9400000,0x000000abb9500000)]
  0x00000280d74b18f0 JavaThread "Unconstrained build operations Thread 81" [_thread_blocked, id=17232, stack(0x000000abb9500000,0x000000abb9600000)]
  0x00000280d74b00e0 JavaThread "Unconstrained build operations Thread 82" [_thread_blocked, id=6280, stack(0x000000abb9600000,0x000000abb9700000)]
  0x00000280d74b05b0 JavaThread "Unconstrained build operations Thread 83" [_thread_blocked, id=9460, stack(0x000000abb9700000,0x000000abb9800000)]
  0x00000280d74aeda0 JavaThread "Unconstrained build operations Thread 84" [_thread_blocked, id=17328, stack(0x000000abb9800000,0x000000abb9900000)]
  0x00000280d74ae8d0 JavaThread "Unconstrained build operations Thread 85" [_thread_blocked, id=20876, stack(0x000000abb9900000,0x000000abb9a00000)]
  0x00000280d74b0a80 JavaThread "Unconstrained build operations Thread 86" [_thread_blocked, id=5836, stack(0x000000abb9a00000,0x000000abb9b00000)]
  0x00000280d74adf30 JavaThread "Unconstrained build operations Thread 87" [_thread_blocked, id=20844, stack(0x000000abb9b00000,0x000000abb9c00000)]
  0x00000280d74b0f50 JavaThread "Unconstrained build operations Thread 88" [_thread_blocked, id=10784, stack(0x000000abb9c00000,0x000000abb9d00000)]
  0x00000280d74b1dc0 JavaThread "Unconstrained build operations Thread 89" [_thread_blocked, id=6952, stack(0x000000abb9d00000,0x000000abb9e00000)]
  0x00000280d74ae400 JavaThread "Unconstrained build operations Thread 90" [_thread_blocked, id=22748, stack(0x000000abb9e00000,0x000000abb9f00000)]
  0x00000280d74b2760 JavaThread "Unconstrained build operations Thread 91" [_thread_blocked, id=17392, stack(0x000000abb9f00000,0x000000abba000000)]
  0x00000280d74b2290 JavaThread "Unconstrained build operations Thread 92" [_thread_blocked, id=20872, stack(0x000000abba000000,0x000000abba100000)]
  0x00000280d74b2c30 JavaThread "Unconstrained build operations Thread 93" [_thread_blocked, id=21212, stack(0x000000abba100000,0x000000abba200000)]
  0x00000280d74af270 JavaThread "Unconstrained build operations Thread 94" [_thread_blocked, id=8604, stack(0x000000abba200000,0x000000abba300000)]
  0x00000280d74b3aa0 JavaThread "Unconstrained build operations Thread 95" [_thread_blocked, id=4468, stack(0x000000abba300000,0x000000abba400000)]
  0x00000280d74b3100 JavaThread "Unconstrained build operations Thread 96" [_thread_blocked, id=11936, stack(0x000000abba400000,0x000000abba500000)]
  0x00000280d74b4de0 JavaThread "Unconstrained build operations Thread 97" [_thread_blocked, id=808, stack(0x000000abba500000,0x000000abba600000)]
  0x00000280d74b35d0 JavaThread "Unconstrained build operations Thread 98" [_thread_blocked, id=5116, stack(0x000000abba600000,0x000000abba700000)]
  0x00000280d74b3f70 JavaThread "Unconstrained build operations Thread 99" [_thread_blocked, id=19944, stack(0x000000abba700000,0x000000abba800000)]
  0x00000280d74b4440 JavaThread "Unconstrained build operations Thread 100" [_thread_blocked, id=4032, stack(0x000000abba800000,0x000000abba900000)]
  0x00000280d74b52b0 JavaThread "Unconstrained build operations Thread 101" [_thread_blocked, id=7008, stack(0x000000abba900000,0x000000abbaa00000)]
  0x00000280d74b4910 JavaThread "Unconstrained build operations Thread 102" [_thread_blocked, id=16956, stack(0x000000abbaa00000,0x000000abbab00000)]
  0x00000280d74b5780 JavaThread "Unconstrained build operations Thread 103" [_thread_blocked, id=12140, stack(0x000000abbab00000,0x000000abbac00000)]
  0x00000280d5975a50 JavaThread "Unconstrained build operations Thread 104" [_thread_blocked, id=9180, stack(0x000000abbac00000,0x000000abbad00000)]
  0x00000280d5974240 JavaThread "Unconstrained build operations Thread 105" [_thread_blocked, id=15120, stack(0x000000abbad00000,0x000000abbae00000)]
  0x00000280d59750b0 JavaThread "Unconstrained build operations Thread 106" [_thread_blocked, id=11244, stack(0x000000abbae00000,0x000000abbaf00000)]
  0x00000280d5974710 JavaThread "Unconstrained build operations Thread 107" [_thread_blocked, id=17444, stack(0x000000abbaf00000,0x000000abbb000000)]
  0x00000280d5973d70 JavaThread "Unconstrained build operations Thread 108" [_thread_blocked, id=18996, stack(0x000000abbb000000,0x000000abbb100000)]
  0x00000280d5974be0 JavaThread "Unconstrained build operations Thread 109" [_thread_blocked, id=13132, stack(0x000000abbb100000,0x000000abbb200000)]
  0x00000280d5975580 JavaThread "Unconstrained build operations Thread 110" [_thread_blocked, id=23084, stack(0x000000abbb200000,0x000000abbb300000)]
  0x00000280d59738a0 JavaThread "Unconstrained build operations Thread 111" [_thread_blocked, id=21724, stack(0x000000abbb300000,0x000000abbb400000)]
  0x00000280d5975f20 JavaThread "Unconstrained build operations Thread 112" [_thread_blocked, id=3888, stack(0x000000abbb400000,0x000000abbb500000)]
  0x00000280d59763f0 JavaThread "Unconstrained build operations Thread 113" [_thread_blocked, id=8024, stack(0x000000abbb500000,0x000000abbb600000)]
  0x00000280d59768c0 JavaThread "Unconstrained build operations Thread 114" [_thread_blocked, id=9428, stack(0x000000abbb600000,0x000000abbb700000)]
  0x00000280d5976d90 JavaThread "Unconstrained build operations Thread 115" [_thread_blocked, id=10888, stack(0x000000abbb700000,0x000000abbb800000)]
  0x00000280d59733d0 JavaThread "Unconstrained build operations Thread 116" [_thread_blocked, id=3188, stack(0x000000abbb800000,0x000000abbb900000)]
  0x00000280d597ac20 JavaThread "Unconstrained build operations Thread 117" [_thread_blocked, id=16752, stack(0x000000abbb900000,0x000000abbba00000)]
  0x00000280d5978f40 JavaThread "Unconstrained build operations Thread 118" [_thread_blocked, id=15860, stack(0x000000abbba00000,0x000000abbbb00000)]
  0x00000280d59785a0 JavaThread "Unconstrained build operations Thread 119" [_thread_blocked, id=12064, stack(0x000000abbbb00000,0x000000abbbc00000)]
  0x00000280d5978a70 JavaThread "Unconstrained build operations Thread 120" [_thread_blocked, id=21128, stack(0x000000abbbc00000,0x000000abbbd00000)]
  0x00000280d5979410 JavaThread "Unconstrained build operations Thread 121" [_thread_blocked, id=15284, stack(0x000000abbbd00000,0x000000abbbe00000)]
  0x00000280d5979db0 JavaThread "Unconstrained build operations Thread 122" [_thread_blocked, id=12904, stack(0x000000abbbe00000,0x000000abbbf00000)]
  0x00000280d59798e0 JavaThread "Unconstrained build operations Thread 123" [_thread_blocked, id=21420, stack(0x000000abbbf00000,0x000000abbc000000)]
  0x00000280d5977260 JavaThread "Unconstrained build operations Thread 124" [_thread_blocked, id=21144, stack(0x000000abbc000000,0x000000abbc100000)]
  0x00000280d597a280 JavaThread "Unconstrained build operations Thread 125" [_thread_blocked, id=15504, stack(0x000000abbc100000,0x000000abbc200000)]
  0x00000280d597a750 JavaThread "jar transforms Thread 6" [_thread_blocked, id=12108, stack(0x000000abbc200000,0x000000abbc300000)]
  0x00000280d5977730 JavaThread "jar transforms Thread 7" [_thread_blocked, id=23116, stack(0x000000abbc300000,0x000000abbc400000)]
  0x00000280d5977c00 JavaThread "jar transforms Thread 8" [_thread_blocked, id=21512, stack(0x000000abbc400000,0x000000abbc500000)]
  0x00000280d59780d0 JavaThread "jar transforms Thread 9" [_thread_blocked, id=7840, stack(0x000000abbc500000,0x000000abbc600000)]
  0x00000280d89a6410 JavaThread "jar transforms Thread 10" [_thread_blocked, id=3180, stack(0x000000abbc600000,0x000000abbc700000)]
  0x00000280d89a4260 JavaThread "jar transforms Thread 11" [_thread_blocked, id=3416, stack(0x000000abbc700000,0x000000abbc800000)]
  0x00000280d89a3d90 JavaThread "jar transforms Thread 12" [_thread_blocked, id=3452, stack(0x000000abbc800000,0x000000abbc900000)]
  0x00000280d89a68e0 JavaThread "jar transforms Thread 13" [_thread_blocked, id=23196, stack(0x000000abbc900000,0x000000abbca00000)]
  0x00000280d89a4730 JavaThread "jar transforms Thread 14" [_thread_blocked, id=15956, stack(0x000000abbca00000,0x000000abbcb00000)]
  0x00000280d89a33f0 JavaThread "jar transforms Thread 15" [_thread_blocked, id=13596, stack(0x000000abbcb00000,0x000000abbcc00000)]
  0x00000280d89a4c00 JavaThread "jar transforms Thread 16" [_thread_blocked, id=10380, stack(0x000000abbcc00000,0x000000abbcd00000)]
  0x00000280d89a2f20 JavaThread "build event listener" [_thread_blocked, id=15656, stack(0x000000abb3e00000,0x000000abb3f00000)]
  0x00000280d89a6db0 JavaThread "Memory manager" [_thread_in_Java, id=2824, stack(0x000000abbcf00000,0x000000abbd000000)]
  0x00000280d7ec39b0 JavaThread "C2 CompilerThread2" daemon [_thread_in_native, id=7824, stack(0x000000abb1600000,0x000000abb1700000)]
=>0x00000280d7a389b0 JavaThread "C2 CompilerThread3" daemon [_thread_in_native, id=15276, stack(0x000000abbd000000,0x000000abbd100000)]
  0x00000280d89a7750 JavaThread "pool-3-thread-1" [_thread_blocked, id=3964, stack(0x000000abbd100000,0x000000abbd200000)]
  0x00000280d89a7c20 JavaThread "build event listener" [_thread_blocked, id=480, stack(0x000000abbd200000,0x000000abbd300000)]
  0x00000280d89a80f0 JavaThread "included builds" [_thread_blocked, id=13124, stack(0x000000abbd300000,0x000000abbd400000)]
  0x00000280d89a8a90 JavaThread "Execution worker" [_thread_in_Java, id=15104, stack(0x000000abbd400000,0x000000abbd500000)]
  0x00000280d89a50d0 JavaThread "Execution worker Thread 2" [_thread_blocked, id=7096, stack(0x000000abbd500000,0x000000abbd600000)]
  0x00000280d89a8f60 JavaThread "Execution worker Thread 3" [_thread_blocked, id=3676, stack(0x000000abbd600000,0x000000abbd700000)]
  0x00000280d89a55a0 JavaThread "Execution worker Thread 4" [_thread_blocked, id=17060, stack(0x000000abbd700000,0x000000abbd800000)]
  0x00000280d89a9430 JavaThread "Execution worker Thread 5" [_thread_blocked, id=7700, stack(0x000000abbd800000,0x000000abbd900000)]
  0x00000280d89a9900 JavaThread "Execution worker Thread 6" [_thread_blocked, id=11364, stack(0x000000abbd900000,0x000000abbda00000)]
  0x00000280d89a5f40 JavaThread "Execution worker Thread 7" [_thread_blocked, id=13840, stack(0x000000abbda00000,0x000000abbdb00000)]
  0x00000280d89a9dd0 JavaThread "Execution worker Thread 8" [_thread_blocked, id=12244, stack(0x000000abbdb00000,0x000000abbdc00000)]
  0x00000280d89aa2a0 JavaThread "Execution worker Thread 9" [_thread_blocked, id=17932, stack(0x000000abbdc00000,0x000000abbdd00000)]
  0x00000280d89aa770 JavaThread "Execution worker Thread 10" [_thread_blocked, id=22036, stack(0x000000abbdd00000,0x000000abbde00000)]
  0x00000280d9051dd0 JavaThread "Execution worker Thread 11" [_thread_blocked, id=23508, stack(0x000000abbde00000,0x000000abbdf00000)]
  0x00000280d9053110 JavaThread "Execution worker Thread 12" [_thread_blocked, id=14220, stack(0x000000abbdf00000,0x000000abbe000000)]
  0x00000280d90522a0 JavaThread "Execution worker Thread 13" [_thread_blocked, id=10584, stack(0x000000abbe000000,0x000000abbe100000)]
  0x00000280d9053f80 JavaThread "Execution worker Thread 14" [_thread_blocked, id=15764, stack(0x000000abbe100000,0x000000abbe200000)]
  0x00000280d9053ab0 JavaThread "Execution worker Thread 15" [_thread_blocked, id=11700, stack(0x000000abbe200000,0x000000abbe300000)]
  0x00000280d9051430 JavaThread "Cache worker for execution history cache (C:\Users\shuik\Documents\GitHub\Ovulitos\Android_Ovulitos\.gradle\8.0\executionHistory)" [_thread_blocked, id=2292, stack(0x000000abbe300000,0x000000abbe400000)]
  0x00000280d9050a90 JavaThread "Unconstrained build operations Thread 126" [_thread_blocked, id=10416, stack(0x000000abbe400000,0x000000abbe500000)]
  0x00000280d9052c40 JavaThread "Unconstrained build operations Thread 127" [_thread_blocked, id=16852, stack(0x000000abbe500000,0x000000abbe600000)]
  0x00000280d90535e0 JavaThread "Unconstrained build operations Thread 128" [_thread_blocked, id=10484, stack(0x000000abbe600000,0x000000abbe700000)]
  0x00000280d9054920 JavaThread "Unconstrained build operations Thread 129" [_thread_blocked, id=16664, stack(0x000000abbe700000,0x000000abbe800000)]
  0x00000280d9050f60 JavaThread "Unconstrained build operations Thread 130" [_thread_blocked, id=14948, stack(0x000000abbe800000,0x000000abbe900000)]
  0x00000280d90552c0 JavaThread "Unconstrained build operations Thread 131" [_thread_blocked, id=7568, stack(0x000000abbe900000,0x000000abbea00000)]
  0x00000280d9054df0 JavaThread "Unconstrained build operations Thread 132" [_thread_blocked, id=14256, stack(0x000000abbea00000,0x000000abbeb00000)]
  0x00000280d9051900 JavaThread "Unconstrained build operations Thread 133" [_thread_blocked, id=11864, stack(0x000000abbeb00000,0x000000abbec00000)]
  0x00000280d9057470 JavaThread "Unconstrained build operations Thread 134" [_thread_blocked, id=7676, stack(0x000000abbec00000,0x000000abbed00000)]
  0x00000280d9055790 JavaThread "Unconstrained build operations Thread 135" [_thread_blocked, id=6396, stack(0x000000abbed00000,0x000000abbee00000)]
  0x00000280d9055c60 JavaThread "Unconstrained build operations Thread 136" [_thread_blocked, id=1656, stack(0x000000abbee00000,0x000000abbef00000)]
  0x00000280d9056130 JavaThread "Unconstrained build operations Thread 137" [_thread_blocked, id=17616, stack(0x000000abbef00000,0x000000abbf000000)]
  0x00000280d9056600 JavaThread "Unconstrained build operations Thread 138" [_thread_blocked, id=3468, stack(0x000000abbf000000,0x000000abbf100000)]
  0x00000280d9056ad0 JavaThread "Unconstrained build operations Thread 139" [_thread_blocked, id=19580, stack(0x000000abbf100000,0x000000abbf200000)]
  0x00000280d9056fa0 JavaThread "Unconstrained build operations Thread 140" [_thread_blocked, id=19464, stack(0x000000abbf200000,0x000000abbf300000)]
  0x00000280d278b940 JavaThread "Unconstrained build operations Thread 141" [_thread_blocked, id=2520, stack(0x000000abbf300000,0x000000abbf400000)]
  0x00000280d5c90f30 JavaThread "Unconstrained build operations Thread 142" [_thread_blocked, id=14332, stack(0x000000abbf400000,0x000000abbf500000)]
  0x00000280d5c92c10 JavaThread "Unconstrained build operations Thread 143" [_thread_blocked, id=16056, stack(0x000000abbf500000,0x000000abbf600000)]
  0x00000280d5c90a60 JavaThread "Unconstrained build operations Thread 144" [_thread_blocked, id=10272, stack(0x000000abbf600000,0x000000abbf700000)]
  0x00000280d5c92740 JavaThread "Unconstrained build operations Thread 145" [_thread_blocked, id=7680, stack(0x000000abbf700000,0x000000abbf800000)]
  0x00000280d5c92270 JavaThread "Unconstrained build operations Thread 146" [_thread_blocked, id=2284, stack(0x000000abbf800000,0x000000abbf900000)]
  0x00000280d5c8f720 JavaThread "Unconstrained build operations Thread 147" [_thread_blocked, id=23480, stack(0x000000abbf900000,0x000000abbfa00000)]
  0x00000280d5c8fbf0 JavaThread "Unconstrained build operations Thread 148" [_thread_blocked, id=4140, stack(0x000000abbfa00000,0x000000abbfb00000)]
  0x00000280d5c8f250 JavaThread "Unconstrained build operations Thread 149" [_thread_blocked, id=3936, stack(0x000000abbfb00000,0x000000abbfc00000)]
  0x00000280d5c91400 JavaThread "Unconstrained build operations Thread 150" [_thread_blocked, id=11080, stack(0x000000abbfc00000,0x000000abbfd00000)]
  0x00000280d5c918d0 JavaThread "Unconstrained build operations Thread 151" [_thread_blocked, id=6808, stack(0x000000abbfd00000,0x000000abbfe00000)]
  0x00000280d5c930e0 JavaThread "Unconstrained build operations Thread 152" [_thread_blocked, id=23464, stack(0x000000abc0000000,0x000000abc0100000)]
  0x00000280d5c935b0 JavaThread "Unconstrained build operations Thread 153" [_thread_blocked, id=22932, stack(0x000000abc0100000,0x000000abc0200000)]
  0x00000280d5c90590 JavaThread "Unconstrained build operations Thread 154" [_thread_blocked, id=13332, stack(0x000000abc0200000,0x000000abc0300000)]
  0x00000280d5c93a80 JavaThread "Unconstrained build operations Thread 155" [_thread_blocked, id=11420, stack(0x000000abc0300000,0x000000abc0400000)]
  0x00000280d5c900c0 JavaThread "Unconstrained build operations Thread 156" [_thread_blocked, id=12576, stack(0x000000abc0400000,0x000000abc0500000)]
  0x00000280d5c95760 JavaThread "Unconstrained build operations Thread 157" [_thread_blocked, id=11376, stack(0x000000abc0500000,0x000000abc0600000)]
  0x00000280d5c94dc0 JavaThread "Unconstrained build operations Thread 158" [_thread_blocked, id=16580, stack(0x000000abc0600000,0x000000abc0700000)]
  0x00000280d5c95290 JavaThread "Unconstrained build operations Thread 159" [_thread_blocked, id=11076, stack(0x000000abc0700000,0x000000abc0800000)]
  0x00000280d5c93f50 JavaThread "Unconstrained build operations Thread 160" [_thread_blocked, id=17572, stack(0x000000abc0800000,0x000000abc0900000)]

Other Threads:
  0x00000280d15c9a00 VMThread "VM Thread" [stack: 0x000000abb0700000,0x000000abb0800000] [id=2628]
  0x00000280d183e580 WatcherThread [stack: 0x000000abb1400000,0x000000abb1500000] [id=18668]
  0x00000280b6cdee80 GCTaskThread "GC Thread#0" [stack: 0x000000abb0200000,0x000000abb0300000] [id=22296]
  0x00000280d39ab420 GCTaskThread "GC Thread#1" [stack: 0x000000abb1900000,0x000000abb1a00000] [id=16732]
  0x00000280d3943410 GCTaskThread "GC Thread#2" [stack: 0x000000abb1a00000,0x000000abb1b00000] [id=13156]
  0x00000280d39436c0 GCTaskThread "GC Thread#3" [stack: 0x000000abb1b00000,0x000000abb1c00000] [id=6964]
  0x00000280d3943970 GCTaskThread "GC Thread#4" [stack: 0x000000abb1c00000,0x000000abb1d00000] [id=22060]
  0x00000280d3943c20 GCTaskThread "GC Thread#5" [stack: 0x000000abb1d00000,0x000000abb1e00000] [id=7360]
  0x00000280d495bb50 GCTaskThread "GC Thread#6" [stack: 0x000000abb2800000,0x000000abb2900000] [id=15680]
  0x00000280d495ab30 GCTaskThread "GC Thread#7" [stack: 0x000000abb2900000,0x000000abb2a00000] [id=22192]
  0x00000280d495b090 GCTaskThread "GC Thread#8" [stack: 0x000000abb2a00000,0x000000abb2b00000] [id=17012]
  0x00000280d495a880 GCTaskThread "GC Thread#9" [stack: 0x000000abb2b00000,0x000000abb2c00000] [id=12960]
  0x00000280d495a320 GCTaskThread "GC Thread#10" [stack: 0x000000abb2c00000,0x000000abb2d00000] [id=9072]
  0x00000280d495ade0 GCTaskThread "GC Thread#11" [stack: 0x000000abb2d00000,0x000000abb2e00000] [id=16248]
  0x00000280d495b340 GCTaskThread "GC Thread#12" [stack: 0x000000abb2e00000,0x000000abb2f00000] [id=17628]
  0x00000280b6cf09a0 ConcurrentGCThread "G1 Main Marker" [stack: 0x000000abb0300000,0x000000abb0400000] [id=7960]
  0x00000280b6cf1a60 ConcurrentGCThread "G1 Conc#0" [stack: 0x000000abb0400000,0x000000abb0500000] [id=2556]
  0x00000280d495a5d0 ConcurrentGCThread "G1 Conc#1" [stack: 0x000000abb2f00000,0x000000abb3000000] [id=20740]
  0x00000280d495b5f0 ConcurrentGCThread "G1 Conc#2" [stack: 0x000000abb3000000,0x000000abb3100000] [id=12704]
  0x00000280d0abc450 ConcurrentGCThread "G1 Refine#0" [stack: 0x000000abb0500000,0x000000abb0600000] [id=15912]
  0x00000280db5a3ef0 ConcurrentGCThread "G1 Refine#1" [stack: 0x000000abbcd00000,0x000000abbce00000] [id=8136]
  0x00000280dbd83eb0 ConcurrentGCThread "G1 Refine#2" [stack: 0x000000abbce00000,0x000000abbcf00000] [id=13748]
  0x00000280d0abdc30 ConcurrentGCThread "G1 Service" [stack: 0x000000abb0600000,0x000000abb0700000] [id=11212]

Threads with active compile tasks:
C2 CompilerThread0    13171 11256       4       java.lang.invoke.MemberName::getInvocationType (56 bytes)
C2 CompilerThread1    13171 11231       4       org.gradle.cache.internal.btree.BTreePersistentIndexedCache::load (40 bytes)
C2 CompilerThread3    13171 11230       4       org.gradle.cache.internal.btree.BTreePersistentIndexedCache::access$1200 (10 bytes)

VM state: not at safepoint (normal execution)

VM Mutex/Monitor currently owned by a thread: None

Heap address: 0x0000000080000000, size: 2048 MB, Compressed Oops mode: 32-bit

CDS archive(s) not mapped
Compressed class space mapped at: 0x0000000100000000-0x0000000140000000, reserved size: 1073741824
Narrow klass base: 0x0000000000000000, Narrow klass shift: 3, Narrow klass range: 0x140000000

GC Precious Log:
 CPUs: 16 total, 16 available
 Memory: 16085M
 Large Page Support: Disabled
 NUMA Support: Disabled
 Compressed Oops: Enabled (32-bit)
 Heap Region Size: 1M
 Heap Min Capacity: 8M
 Heap Initial Capacity: 252M
 Heap Max Capacity: 2G
 Pre-touch: Disabled
 Parallel Workers: 13
 Concurrent Workers: 3
 Concurrent Refinement Workers: 13
 Periodic GC: Disabled

Heap:
 garbage-first heap   total 144384K, used 91550K [0x0000000080000000, 0x0000000100000000)
  region size 1024K, 12 young (12288K), 3 survivors (3072K)
 Metaspace       used 95061K, committed 95680K, reserved 1138688K
  class space    used 12913K, committed 13184K, reserved 1048576K

Heap Regions: E=young(eden), S=young(survivor), O=old, HS=humongous(starts), HC=humongous(continues), CS=collection set, F=free, OA=open archive, CA=closed archive, TAMS=top-at-mark-start (previous, next)
|   0|0x0000000080000000, 0x0000000080100000, 0x0000000080100000|100%|HS|  |TAMS 0x0000000080100000, 0x0000000080000000| Complete 
|   1|0x0000000080100000, 0x0000000080200000, 0x0000000080200000|100%|HC|  |TAMS 0x0000000080200000, 0x0000000080100000| Complete 
|   2|0x0000000080200000, 0x0000000080300000, 0x0000000080300000|100%|HC|  |TAMS 0x0000000080300000, 0x0000000080200000| Complete 
|   3|0x0000000080300000, 0x0000000080400000, 0x0000000080400000|100%|HC|  |TAMS 0x0000000080400000, 0x0000000080300000| Complete 
|   4|0x0000000080400000, 0x0000000080500000, 0x0000000080500000|100%| O|  |TAMS 0x0000000080500000, 0x0000000080400000| Untracked 
|   5|0x0000000080500000, 0x0000000080600000, 0x0000000080600000|100%| O|  |TAMS 0x0000000080600000, 0x0000000080500000| Untracked 
|   6|0x0000000080600000, 0x0000000080700000, 0x0000000080700000|100%| O|  |TAMS 0x0000000080700000, 0x0000000080600000| Untracked 
|   7|0x0000000080700000, 0x0000000080800000, 0x0000000080800000|100%| O|  |TAMS 0x0000000080800000, 0x0000000080700000| Untracked 
|   8|0x0000000080800000, 0x0000000080900000, 0x0000000080900000|100%| O|  |TAMS 0x0000000080900000, 0x0000000080800000| Untracked 
|   9|0x0000000080900000, 0x0000000080a00000, 0x0000000080a00000|100%| O|  |TAMS 0x0000000080a00000, 0x0000000080900000| Untracked 
|  10|0x0000000080a00000, 0x0000000080b00000, 0x0000000080b00000|100%| O|  |TAMS 0x0000000080b00000, 0x0000000080a00000| Untracked 
|  11|0x0000000080b00000, 0x0000000080c00000, 0x0000000080c00000|100%| O|  |TAMS 0x0000000080c00000, 0x0000000080b00000| Untracked 
|  12|0x0000000080c00000, 0x0000000080d00000, 0x0000000080d00000|100%| O|  |TAMS 0x0000000080d00000, 0x0000000080c00000| Untracked 
|  13|0x0000000080d00000, 0x0000000080e00000, 0x0000000080e00000|100%| O|  |TAMS 0x0000000080e00000, 0x0000000080d00000| Untracked 
|  14|0x0000000080e00000, 0x0000000080f00000, 0x0000000080f00000|100%| O|  |TAMS 0x0000000080f00000, 0x0000000080e00000| Untracked 
|  15|0x0000000080f00000, 0x0000000081000000, 0x0000000081000000|100%| O|  |TAMS 0x0000000081000000, 0x0000000080f00000| Untracked 
|  16|0x0000000081000000, 0x0000000081100000, 0x0000000081100000|100%| O|  |TAMS 0x0000000081100000, 0x0000000081000000| Untracked 
|  17|0x0000000081100000, 0x0000000081200000, 0x0000000081200000|100%| O|  |TAMS 0x0000000081200000, 0x0000000081100000| Untracked 
|  18|0x0000000081200000, 0x0000000081300000, 0x0000000081300000|100%| O|  |TAMS 0x0000000081300000, 0x0000000081200000| Untracked 
|  19|0x0000000081300000, 0x0000000081400000, 0x0000000081400000|100%| O|  |TAMS 0x0000000081400000, 0x0000000081300000| Untracked 
|  20|0x0000000081400000, 0x0000000081500000, 0x0000000081500000|100%| O|  |TAMS 0x0000000081500000, 0x0000000081400000| Untracked 
|  21|0x0000000081500000, 0x0000000081600000, 0x0000000081600000|100%| O|  |TAMS 0x0000000081600000, 0x0000000081500000| Untracked 
|  22|0x0000000081600000, 0x0000000081700000, 0x0000000081700000|100%| O|  |TAMS 0x0000000081700000, 0x0000000081600000| Untracked 
|  23|0x0000000081700000, 0x0000000081800000, 0x0000000081800000|100%| O|  |TAMS 0x0000000081800000, 0x0000000081700000| Untracked 
|  24|0x0000000081800000, 0x0000000081900000, 0x0000000081900000|100%| O|  |TAMS 0x0000000081900000, 0x0000000081800000| Untracked 
|  25|0x0000000081900000, 0x0000000081a00000, 0x0000000081a00000|100%|HS|  |TAMS 0x0000000081a00000, 0x0000000081900000| Complete 
|  26|0x0000000081a00000, 0x0000000081b00000, 0x0000000081b00000|100%| O|  |TAMS 0x0000000081b00000, 0x0000000081a00000| Untracked 
|  27|0x0000000081b00000, 0x0000000081c00000, 0x0000000081c00000|100%| O|  |TAMS 0x0000000081c00000, 0x0000000081b00000| Untracked 
|  28|0x0000000081c00000, 0x0000000081d00000, 0x0000000081d00000|100%| O|  |TAMS 0x0000000081d00000, 0x0000000081c00000| Untracked 
|  29|0x0000000081d00000, 0x0000000081e00000, 0x0000000081e00000|100%| O|  |TAMS 0x0000000081e00000, 0x0000000081d00000| Untracked 
|  30|0x0000000081e00000, 0x0000000081f00000, 0x0000000081f00000|100%|HS|  |TAMS 0x0000000081f00000, 0x0000000081e00000| Complete 
|  31|0x0000000081f00000, 0x0000000082000000, 0x0000000082000000|100%|HS|  |TAMS 0x0000000082000000, 0x0000000081f00000| Complete 
|  32|0x0000000082000000, 0x0000000082100000, 0x0000000082100000|100%| O|  |TAMS 0x0000000082100000, 0x0000000082000000| Untracked 
|  33|0x0000000082100000, 0x0000000082200000, 0x0000000082200000|100%| O|  |TAMS 0x0000000082200000, 0x0000000082100000| Untracked 
|  34|0x0000000082200000, 0x0000000082300000, 0x0000000082300000|100%| O|  |TAMS 0x0000000082300000, 0x0000000082200000| Untracked 
|  35|0x0000000082300000, 0x0000000082400000, 0x0000000082400000|100%| O|  |TAMS 0x0000000082400000, 0x0000000082300000| Untracked 
|  36|0x0000000082400000, 0x0000000082500000, 0x0000000082500000|100%| O|  |TAMS 0x0000000082500000, 0x0000000082400000| Untracked 
|  37|0x0000000082500000, 0x0000000082600000, 0x0000000082600000|100%| O|  |TAMS 0x0000000082600000, 0x0000000082500000| Untracked 
|  38|0x0000000082600000, 0x0000000082700000, 0x0000000082700000|100%| O|  |TAMS 0x0000000082700000, 0x0000000082600000| Untracked 
|  39|0x0000000082700000, 0x0000000082700000, 0x0000000082800000|  0%| F|  |TAMS 0x0000000082700000, 0x0000000082700000| Untracked 
|  40|0x0000000082800000, 0x0000000082900000, 0x0000000082900000|100%| O|  |TAMS 0x0000000082900000, 0x0000000082800000| Untracked 
|  41|0x0000000082900000, 0x0000000082a00000, 0x0000000082a00000|100%| O|  |TAMS 0x0000000082a00000, 0x0000000082900000| Untracked 
|  42|0x0000000082a00000, 0x0000000082b00000, 0x0000000082b00000|100%| O|  |TAMS 0x0000000082b00000, 0x0000000082a00000| Untracked 
|  43|0x0000000082b00000, 0x0000000082c00000, 0x0000000082c00000|100%| O|  |TAMS 0x0000000082c00000, 0x0000000082b00000| Untracked 
|  44|0x0000000082c00000, 0x0000000082d00000, 0x0000000082d00000|100%| O|  |TAMS 0x0000000082d00000, 0x0000000082c00000| Untracked 
|  45|0x0000000082d00000, 0x0000000082e00000, 0x0000000082e00000|100%| O|  |TAMS 0x0000000082e00000, 0x0000000082d00000| Untracked 
|  46|0x0000000082e00000, 0x0000000082f00000, 0x0000000082f00000|100%| O|  |TAMS 0x0000000082f00000, 0x0000000082e00000| Untracked 
|  47|0x0000000082f00000, 0x0000000083000000, 0x0000000083000000|100%| O|  |TAMS 0x0000000083000000, 0x0000000082f00000| Untracked 
|  48|0x0000000083000000, 0x0000000083100000, 0x0000000083100000|100%| O|  |TAMS 0x0000000083100000, 0x0000000083000000| Untracked 
|  49|0x0000000083100000, 0x0000000083200000, 0x0000000083200000|100%| O|  |TAMS 0x0000000083200000, 0x0000000083100000| Untracked 
|  50|0x0000000083200000, 0x0000000083300000, 0x0000000083300000|100%| O|  |TAMS 0x0000000083300000, 0x0000000083200000| Untracked 
|  51|0x0000000083300000, 0x0000000083400000, 0x0000000083400000|100%| O|  |TAMS 0x0000000083400000, 0x0000000083300000| Untracked 
|  52|0x0000000083400000, 0x0000000083500000, 0x0000000083500000|100%| O|  |TAMS 0x0000000083500000, 0x0000000083400000| Untracked 
|  53|0x0000000083500000, 0x0000000083600000, 0x0000000083600000|100%| O|  |TAMS 0x0000000083600000, 0x0000000083500000| Untracked 
|  54|0x0000000083600000, 0x0000000083700000, 0x0000000083700000|100%| O|  |TAMS 0x0000000083700000, 0x0000000083600000| Untracked 
|  55|0x0000000083700000, 0x0000000083800000, 0x0000000083800000|100%| O|  |TAMS 0x0000000083800000, 0x0000000083700000| Untracked 
|  56|0x0000000083800000, 0x0000000083900000, 0x0000000083900000|100%| O|  |TAMS 0x0000000083900000, 0x0000000083800000| Untracked 
|  57|0x0000000083900000, 0x0000000083a00000, 0x0000000083a00000|100%| O|  |TAMS 0x0000000083a00000, 0x0000000083900000| Untracked 
|  58|0x0000000083a00000, 0x0000000083b00000, 0x0000000083b00000|100%| O|  |TAMS 0x0000000083b00000, 0x0000000083a00000| Untracked 
|  59|0x0000000083b00000, 0x0000000083c00000, 0x0000000083c00000|100%| O|  |TAMS 0x0000000083c00000, 0x0000000083b00000| Untracked 
|  60|0x0000000083c00000, 0x0000000083d00000, 0x0000000083d00000|100%| O|  |TAMS 0x0000000083d00000, 0x0000000083c00000| Untracked 
|  61|0x0000000083d00000, 0x0000000083e00000, 0x0000000083e00000|100%| O|  |TAMS 0x0000000083e00000, 0x0000000083d00000| Untracked 
|  62|0x0000000083e00000, 0x0000000083f00000, 0x0000000083f00000|100%| O|  |TAMS 0x0000000083f00000, 0x0000000083e00000| Untracked 
|  63|0x0000000083f00000, 0x0000000084000000, 0x0000000084000000|100%| O|  |TAMS 0x0000000084000000, 0x0000000083f00000| Untracked 
|  64|0x0000000084000000, 0x0000000084100000, 0x0000000084100000|100%| O|  |TAMS 0x0000000084100000, 0x0000000084000000| Untracked 
|  65|0x0000000084100000, 0x0000000084200000, 0x0000000084200000|100%| O|  |TAMS 0x0000000084200000, 0x0000000084100000| Untracked 
|  66|0x0000000084200000, 0x0000000084300000, 0x0000000084300000|100%| O|  |TAMS 0x0000000084300000, 0x0000000084200000| Untracked 
|  67|0x0000000084300000, 0x0000000084400000, 0x0000000084400000|100%| O|  |TAMS 0x0000000084400000, 0x0000000084300000| Untracked 
|  68|0x0000000084400000, 0x0000000084500000, 0x0000000084500000|100%| O|  |TAMS 0x0000000084500000, 0x0000000084400000| Untracked 
|  69|0x0000000084500000, 0x0000000084600000, 0x0000000084600000|100%| O|  |TAMS 0x0000000084600000, 0x0000000084500000| Untracked 
|  70|0x0000000084600000, 0x0000000084700000, 0x0000000084700000|100%| O|  |TAMS 0x0000000084700000, 0x0000000084600000| Untracked 
|  71|0x0000000084700000, 0x0000000084800000, 0x0000000084800000|100%| O|  |TAMS 0x0000000084800000, 0x0000000084700000| Untracked 
|  72|0x0000000084800000, 0x0000000084900000, 0x0000000084900000|100%| O|  |TAMS 0x0000000084900000, 0x0000000084800000| Untracked 
|  73|0x0000000084900000, 0x0000000084a00000, 0x0000000084a00000|100%| O|  |TAMS 0x0000000084a00000, 0x0000000084900000| Untracked 
|  74|0x0000000084a00000, 0x0000000084b00000, 0x0000000084b00000|100%| O|  |TAMS 0x0000000084b00000, 0x0000000084a00000| Complete 
|  75|0x0000000084b00000, 0x0000000084c00000, 0x0000000084c00000|100%| O|  |TAMS 0x0000000084c00000, 0x0000000084b00000| Untracked 
|  76|0x0000000084c00000, 0x0000000084d00000, 0x0000000084d00000|100%| O|  |TAMS 0x0000000084d00000, 0x0000000084c00000| Untracked 
|  77|0x0000000084d00000, 0x0000000084e00000, 0x0000000084e00000|100%| O|  |TAMS 0x0000000084e00000, 0x0000000084d00000| Untracked 
|  78|0x0000000084e00000, 0x0000000084f00000, 0x0000000084f00000|100%|HS|  |TAMS 0x0000000084e00000, 0x0000000084e00000| Complete 
|  79|0x0000000084f00000, 0x0000000085000000, 0x0000000085000000|100%|HC|  |TAMS 0x0000000084f00000, 0x0000000084f00000| Complete 
|  80|0x0000000085000000, 0x0000000085100000, 0x0000000085100000|100%|HC|  |TAMS 0x0000000085000000, 0x0000000085000000| Complete 
|  81|0x0000000085100000, 0x0000000085100000, 0x0000000085200000|  0%| F|  |TAMS 0x0000000085100000, 0x0000000085100000| Untracked 
|  82|0x0000000085200000, 0x0000000085200000, 0x0000000085300000|  0%| F|  |TAMS 0x0000000085200000, 0x0000000085200000| Untracked 
|  83|0x0000000085300000, 0x0000000085300000, 0x0000000085400000|  0%| F|  |TAMS 0x0000000085300000, 0x0000000085300000| Untracked 
|  84|0x0000000085400000, 0x0000000085400000, 0x0000000085500000|  0%| F|  |TAMS 0x0000000085400000, 0x0000000085400000| Untracked 
|  85|0x0000000085500000, 0x0000000085500000, 0x0000000085600000|  0%| F|  |TAMS 0x0000000085500000, 0x0000000085500000| Untracked 
|  86|0x0000000085600000, 0x0000000085600000, 0x0000000085700000|  0%| F|  |TAMS 0x0000000085600000, 0x0000000085600000| Untracked 
|  87|0x0000000085700000, 0x0000000085700000, 0x0000000085800000|  0%| F|  |TAMS 0x0000000085700000, 0x0000000085700000| Untracked 
|  88|0x0000000085800000, 0x0000000085800000, 0x0000000085900000|  0%| F|  |TAMS 0x0000000085800000, 0x0000000085800000| Untracked 
|  89|0x0000000085900000, 0x0000000085900000, 0x0000000085a00000|  0%| F|  |TAMS 0x0000000085900000, 0x0000000085900000| Untracked 
|  90|0x0000000085a00000, 0x0000000085a00000, 0x0000000085b00000|  0%| F|  |TAMS 0x0000000085a00000, 0x0000000085a00000| Untracked 
|  91|0x0000000085b00000, 0x0000000085b00000, 0x0000000085c00000|  0%| F|  |TAMS 0x0000000085b00000, 0x0000000085b00000| Untracked 
|  92|0x0000000085c00000, 0x0000000085c00000, 0x0000000085d00000|  0%| F|  |TAMS 0x0000000085c00000, 0x0000000085c00000| Untracked 
|  93|0x0000000085d00000, 0x0000000085d00000, 0x0000000085e00000|  0%| F|  |TAMS 0x0000000085d00000, 0x0000000085d00000| Untracked 
|  94|0x0000000085e00000, 0x0000000085e00000, 0x0000000085f00000|  0%| F|  |TAMS 0x0000000085e00000, 0x0000000085e00000| Untracked 
|  95|0x0000000085f00000, 0x0000000085f00000, 0x0000000086000000|  0%| F|  |TAMS 0x0000000085f00000, 0x0000000085f00000| Untracked 
|  96|0x0000000086000000, 0x0000000086000000, 0x0000000086100000|  0%| F|  |TAMS 0x0000000086000000, 0x0000000086000000| Untracked 
|  97|0x0000000086100000, 0x0000000086100000, 0x0000000086200000|  0%| F|  |TAMS 0x0000000086100000, 0x0000000086100000| Untracked 
|  98|0x0000000086200000, 0x0000000086200000, 0x0000000086300000|  0%| F|  |TAMS 0x0000000086200000, 0x0000000086200000| Untracked 
|  99|0x0000000086300000, 0x0000000086300000, 0x0000000086400000|  0%| F|  |TAMS 0x0000000086300000, 0x0000000086300000| Untracked 
| 100|0x0000000086400000, 0x0000000086400000, 0x0000000086500000|  0%| F|  |TAMS 0x0000000086400000, 0x0000000086400000| Untracked 
| 101|0x0000000086500000, 0x0000000086500000, 0x0000000086600000|  0%| F|  |TAMS 0x0000000086500000, 0x0000000086500000| Untracked 
| 102|0x0000000086600000, 0x0000000086667ad0, 0x0000000086700000| 40%| S|CS|TAMS 0x0000000086600000, 0x0000000086600000| Complete 
| 103|0x0000000086700000, 0x0000000086800000, 0x0000000086800000|100%| S|CS|TAMS 0x0000000086700000, 0x0000000086700000| Complete 
| 104|0x0000000086800000, 0x0000000086900000, 0x0000000086900000|100%| S|CS|TAMS 0x0000000086800000, 0x0000000086800000| Complete 
| 105|0x0000000086900000, 0x0000000086900000, 0x0000000086a00000|  0%| F|  |TAMS 0x0000000086900000, 0x0000000086900000| Untracked 
| 106|0x0000000086a00000, 0x0000000086a00000, 0x0000000086b00000|  0%| F|  |TAMS 0x0000000086a00000, 0x0000000086a00000| Untracked 
| 107|0x0000000086b00000, 0x0000000086b00000, 0x0000000086c00000|  0%| F|  |TAMS 0x0000000086b00000, 0x0000000086b00000| Untracked 
| 108|0x0000000086c00000, 0x0000000086c00000, 0x0000000086d00000|  0%| F|  |TAMS 0x0000000086c00000, 0x0000000086c00000| Untracked 
| 109|0x0000000086d00000, 0x0000000086d00000, 0x0000000086e00000|  0%| F|  |TAMS 0x0000000086d00000, 0x0000000086d00000| Untracked 
| 110|0x0000000086e00000, 0x0000000086e00000, 0x0000000086f00000|  0%| F|  |TAMS 0x0000000086e00000, 0x0000000086e00000| Untracked 
| 111|0x0000000086f00000, 0x0000000086f00000, 0x0000000087000000|  0%| F|  |TAMS 0x0000000086f00000, 0x0000000086f00000| Untracked 
| 112|0x0000000087000000, 0x0000000087000000, 0x0000000087100000|  0%| F|  |TAMS 0x0000000087000000, 0x0000000087000000| Untracked 
| 113|0x0000000087100000, 0x0000000087100000, 0x0000000087200000|  0%| F|  |TAMS 0x0000000087100000, 0x0000000087100000| Untracked 
| 114|0x0000000087200000, 0x0000000087200000, 0x0000000087300000|  0%| F|  |TAMS 0x0000000087200000, 0x0000000087200000| Untracked 
| 115|0x0000000087300000, 0x0000000087300000, 0x0000000087400000|  0%| F|  |TAMS 0x0000000087300000, 0x0000000087300000| Untracked 
| 116|0x0000000087400000, 0x0000000087400000, 0x0000000087500000|  0%| F|  |TAMS 0x0000000087400000, 0x0000000087400000| Untracked 
| 117|0x0000000087500000, 0x0000000087500000, 0x0000000087600000|  0%| F|  |TAMS 0x0000000087500000, 0x0000000087500000| Untracked 
| 118|0x0000000087600000, 0x0000000087600000, 0x0000000087700000|  0%| F|  |TAMS 0x0000000087600000, 0x0000000087600000| Untracked 
| 119|0x0000000087700000, 0x0000000087700000, 0x0000000087800000|  0%| F|  |TAMS 0x0000000087700000, 0x0000000087700000| Untracked 
| 120|0x0000000087800000, 0x0000000087800000, 0x0000000087900000|  0%| F|  |TAMS 0x0000000087800000, 0x0000000087800000| Untracked 
| 121|0x0000000087900000, 0x0000000087900000, 0x0000000087a00000|  0%| F|  |TAMS 0x0000000087900000, 0x0000000087900000| Untracked 
| 122|0x0000000087a00000, 0x0000000087a00000, 0x0000000087b00000|  0%| F|  |TAMS 0x0000000087a00000, 0x0000000087a00000| Untracked 
| 123|0x0000000087b00000, 0x0000000087b00000, 0x0000000087c00000|  0%| F|  |TAMS 0x0000000087b00000, 0x0000000087b00000| Untracked 
| 124|0x0000000087c00000, 0x0000000087c00000, 0x0000000087d00000|  0%| F|  |TAMS 0x0000000087c00000, 0x0000000087c00000| Untracked 
| 125|0x0000000087d00000, 0x0000000087d00000, 0x0000000087e00000|  0%| F|  |TAMS 0x0000000087d00000, 0x0000000087d00000| Untracked 
| 126|0x0000000087e00000, 0x0000000087e00000, 0x0000000087f00000|  0%| F|  |TAMS 0x0000000087e00000, 0x0000000087e00000| Untracked 
| 127|0x0000000087f00000, 0x0000000087f00000, 0x0000000088000000|  0%| F|  |TAMS 0x0000000087f00000, 0x0000000087f00000| Untracked 
| 128|0x0000000088000000, 0x0000000088000000, 0x0000000088100000|  0%| F|  |TAMS 0x0000000088000000, 0x0000000088000000| Untracked 
| 129|0x0000000088100000, 0x0000000088100000, 0x0000000088200000|  0%| F|  |TAMS 0x0000000088100000, 0x0000000088100000| Untracked 
| 130|0x0000000088200000, 0x0000000088200000, 0x0000000088300000|  0%| F|  |TAMS 0x0000000088200000, 0x0000000088200000| Untracked 
| 131|0x0000000088300000, 0x0000000088300000, 0x0000000088400000|  0%| F|  |TAMS 0x0000000088300000, 0x0000000088300000| Untracked 
| 199|0x000000008c700000, 0x000000008c7cb890, 0x000000008c800000| 79%| E|  |TAMS 0x000000008c700000, 0x000000008c700000| Complete 
| 200|0x000000008c800000, 0x000000008c900000, 0x000000008c900000|100%| E|CS|TAMS 0x000000008c800000, 0x000000008c800000| Complete 
| 201|0x000000008c900000, 0x000000008ca00000, 0x000000008ca00000|100%| E|CS|TAMS 0x000000008c900000, 0x000000008c900000| Complete 
| 202|0x000000008ca00000, 0x000000008cb00000, 0x000000008cb00000|100%| E|CS|TAMS 0x000000008ca00000, 0x000000008ca00000| Complete 
| 203|0x000000008cb00000, 0x000000008cc00000, 0x000000008cc00000|100%| E|CS|TAMS 0x000000008cb00000, 0x000000008cb00000| Complete 
| 204|0x000000008cc00000, 0x000000008cd00000, 0x000000008cd00000|100%| E|  |TAMS 0x000000008cc00000, 0x000000008cc00000| Complete 
| 205|0x000000008cd00000, 0x000000008ce00000, 0x000000008ce00000|100%| E|CS|TAMS 0x000000008cd00000, 0x000000008cd00000| Complete 
| 206|0x000000008ce00000, 0x000000008cf00000, 0x000000008cf00000|100%| E|CS|TAMS 0x000000008ce00000, 0x000000008ce00000| Complete 
| 251|0x000000008fb00000, 0x000000008fc00000, 0x000000008fc00000|100%| E|CS|TAMS 0x000000008fb00000, 0x000000008fb00000| Complete 

Card table byte_map: [0x00000280c9dc0000,0x00000280ca1c0000] _byte_map_base: 0x00000280c99c0000

Marking Bits (Prev, Next): (CMBitMap*) 0x00000280b6cdf3e0, (CMBitMap*) 0x00000280b6cdf3a0
 Prev Bits: [0x00000280cc5c0000, 0x00000280ce5c0000)
 Next Bits: [0x00000280ca5c0000, 0x00000280cc5c0000)

Polling page: 0x00000280b4b60000

Metaspace:

Usage:
  Non-class:     80.26 MB used.
      Class:     12.61 MB used.
       Both:     92.88 MB used.

Virtual space:
  Non-class space:       88.00 MB reserved,      80.62 MB ( 92%) committed,  11 nodes.
      Class space:        1.00 GB reserved,      12.88 MB (  1%) committed,  1 nodes.
             Both:        1.09 GB reserved,      93.50 MB (  8%) committed. 

Chunk freelists:
   Non-Class:  3.05 MB
       Class:  3.06 MB
        Both:  6.11 MB

MaxMetaspaceSize: unlimited
CompressedClassSpaceSize: 1.00 GB
Initial GC threshold: 21.00 MB
Current GC threshold: 154.69 MB
CDS: off
MetaspaceReclaimPolicy: balanced
 - commit_granule_bytes: 65536.
 - commit_granule_words: 8192.
 - virtual_space_node_default_size: 1048576.
 - enlarge_chunks_in_place: 1.
 - new_chunks_are_fully_committed: 0.
 - uncommit_free_chunks: 1.
 - use_allocation_guard: 0.
 - handle_deallocations: 1.


Internal statistics:

num_allocs_failed_limit: 9.
num_arena_births: 990.
num_arena_deaths: 30.
num_vsnodes_births: 12.
num_vsnodes_deaths: 0.
num_space_committed: 1495.
num_space_uncommitted: 0.
num_chunks_returned_to_freelist: 51.
num_chunks_taken_from_freelist: 4458.
num_chunk_merges: 25.
num_chunk_splits: 2944.
num_chunks_enlarged: 2004.
num_purges: 2.
num_inconsistent_stats: 0.

CodeHeap 'non-profiled nmethods': size=119168Kb used=5544Kb max_used=5723Kb free=113623Kb
 bounds [0x00000280c1ce0000, 0x00000280c2290000, 0x00000280c9140000]
CodeHeap 'profiled nmethods': size=119104Kb used=18926Kb max_used=18926Kb free=100177Kb
 bounds [0x00000280ba140000, 0x00000280bb3c0000, 0x00000280c1590000]
CodeHeap 'non-nmethods': size=7488Kb used=3527Kb max_used=4168Kb free=3960Kb
 bounds [0x00000280c1590000, 0x00000280c19b0000, 0x00000280c1ce0000]
 total_blobs=10665 nmethods=9740 adapters=835
 compilation: enabled
              stopped_count=0, restarted_count=0
 full_count=0

Compilation events (20 events):
Event: 12.063 Thread 0x00000280d19468e0 11241       4       org.gradle.internal.snapshot.RegularFileSnapshot::getType (4 bytes)
Event: 12.063 Thread 0x00000280d19468e0 nmethod 11241 0x00000280c1d8ee10 code [0x00000280c1d8ef80, 0x00000280c1d8eff8]
Event: 12.063 Thread 0x00000280d19468e0 11231       4       org.gradle.cache.internal.btree.BTreePersistentIndexedCache::load (40 bytes)
Event: 12.070 Thread 0x00000280d1671570 nmethod 11232 0x00000280c1f4f110 code [0x00000280c1f4f320, 0x00000280c1f503f8]
Event: 12.072 Thread 0x00000280d1671570 10764       4       java.util.concurrent.atomic.AtomicLong::incrementAndGet (14 bytes)
Event: 12.073 Thread 0x00000280d1671570 nmethod 10764 0x00000280c1d8e810 code [0x00000280c1d8e980, 0x00000280c1d8ea18]
Event: 12.073 Thread 0x00000280d1671570 10750       4       java.util.stream.ReduceOps$5ReducingSink::begin (9 bytes)
Event: 12.074 Thread 0x00000280d1671570 nmethod 10750 0x00000280c1d8e510 code [0x00000280c1d8e680, 0x00000280c1d8e6f8]
Event: 12.074 Thread 0x00000280d1671570 10946       4       com.google.common.collect.ImmutableSortedMap::of (4 bytes)
Event: 12.075 Thread 0x00000280d1671570 nmethod 10946 0x00000280c1d8e210 code [0x00000280c1d8e380, 0x00000280c1d8e3d8]
Event: 12.075 Thread 0x00000280d1671570 10682       4       org.gradle.internal.hash.HashCode::longToBytes (118 bytes)
Event: 12.078 Thread 0x00000280d1671570 nmethod 10682 0x00000280c1d8de10 code [0x00000280c1d8df80, 0x00000280c1d8e0d8]
Event: 12.078 Thread 0x00000280d1671570 11252       4       jdk.internal.org.objectweb.asm.AnnotationWriter::computeAnnotationsSize (66 bytes)
Event: 12.079 Thread 0x00000280d16786c0 11253       3       org.gradle.api.internal.file.AbstractFileCollection$1::visitCollection (43 bytes)
Event: 12.079 Thread 0x00000280d16786c0 nmethod 11253 0x00000280bb3bd310 code [0x00000280bb3bd500, 0x00000280bb3bdab8]
Event: 12.081 Thread 0x00000280d1671570 nmethod 11252 0x00000280c1d8d910 code [0x00000280c1d8daa0, 0x00000280c1d8dc28]
Event: 12.096 Thread 0x00000280d32a7700 11254       3       org.gradle.api.internal.provider.ValueSupplier$Value::present (4 bytes)
Event: 12.096 Thread 0x00000280d32a7700 nmethod 11254 0x00000280ba155e10 code [0x00000280ba155fa0, 0x00000280ba156098]
Event: 12.098 Thread 0x00000280d32a7700 11255       3       com.google.common.collect.ImmutableMultimap::of (4 bytes)
Event: 12.099 Thread 0x00000280d32a7700 nmethod 11255 0x00000280bb3bdc90 code [0x00000280bb3bde20, 0x00000280bb3bdf78]

GC Heap History (20 events):
Event: 8.629 GC heap before
{Heap before GC invocations=18 (full 0):
 garbage-first heap   total 117760K, used 92025K [0x0000000080000000, 0x0000000100000000)
  region size 1024K, 42 young (43008K), 3 survivors (3072K)
 Metaspace       used 74217K, committed 74816K, reserved 1122304K
  class space    used 9744K, committed 10048K, reserved 1048576K
}
Event: 8.633 GC heap after
{Heap after GC invocations=19 (full 0):
 garbage-first heap   total 117760K, used 55354K [0x0000000080000000, 0x0000000100000000)
  region size 1024K, 6 young (6144K), 6 survivors (6144K)
 Metaspace       used 74217K, committed 74816K, reserved 1122304K
  class space    used 9744K, committed 10048K, reserved 1048576K
}
Event: 9.149 GC heap before
{Heap before GC invocations=19 (full 0):
 garbage-first heap   total 117760K, used 94266K [0x0000000080000000, 0x0000000100000000)
  region size 1024K, 44 young (45056K), 6 survivors (6144K)
 Metaspace       used 78862K, committed 79424K, reserved 1122304K
  class space    used 10552K, committed 10816K, reserved 1048576K
}
Event: 9.153 GC heap after
{Heap after GC invocations=20 (full 0):
 garbage-first heap   total 117760K, used 57244K [0x0000000080000000, 0x0000000100000000)
  region size 1024K, 5 young (5120K), 5 survivors (5120K)
 Metaspace       used 78862K, committed 79424K, reserved 1122304K
  class space    used 10552K, committed 10816K, reserved 1048576K
}
Event: 9.784 GC heap before
{Heap before GC invocations=20 (full 0):
 garbage-first heap   total 117760K, used 95132K [0x0000000080000000, 0x0000000100000000)
  region size 1024K, 42 young (43008K), 5 survivors (5120K)
 Metaspace       used 83054K, committed 83648K, reserved 1122304K
  class space    used 11181K, committed 11456K, reserved 1048576K
}
Event: 9.789 GC heap after
{Heap after GC invocations=21 (full 0):
 garbage-first heap   total 117760K, used 60194K [0x0000000080000000, 0x0000000100000000)
  region size 1024K, 5 young (5120K), 5 survivors (5120K)
 Metaspace       used 83054K, committed 83648K, reserved 1122304K
  class space    used 11181K, committed 11456K, reserved 1048576K
}
Event: 10.373 GC heap before
{Heap before GC invocations=22 (full 0):
 garbage-first heap   total 117760K, used 97058K [0x0000000080000000, 0x0000000100000000)
  region size 1024K, 41 young (41984K), 5 survivors (5120K)
 Metaspace       used 87971K, committed 88576K, reserved 1130496K
  class space    used 11905K, committed 12224K, reserved 1048576K
}
Event: 10.378 GC heap after
{Heap after GC invocations=23 (full 0):
 garbage-first heap   total 117760K, used 62914K [0x0000000080000000, 0x0000000100000000)
  region size 1024K, 6 young (6144K), 6 survivors (6144K)
 Metaspace       used 87971K, committed 88576K, reserved 1130496K
  class space    used 11905K, committed 12224K, reserved 1048576K
}
Event: 10.796 GC heap before
{Heap before GC invocations=23 (full 0):
 garbage-first heap   total 117760K, used 96706K [0x0000000080000000, 0x0000000100000000)
  region size 1024K, 39 young (39936K), 6 survivors (6144K)
 Metaspace       used 89954K, committed 90560K, reserved 1130496K
  class space    used 12168K, committed 12480K, reserved 1048576K
}
Event: 10.802 GC heap after
{Heap after GC invocations=24 (full 0):
 garbage-first heap   total 117760K, used 66681K [0x0000000080000000, 0x0000000100000000)
  region size 1024K, 4 young (4096K), 4 survivors (4096K)
 Metaspace       used 89954K, committed 90560K, reserved 1130496K
  class space    used 12168K, committed 12480K, reserved 1048576K
}
Event: 11.018 GC heap before
{Heap before GC invocations=25 (full 0):
 garbage-first heap   total 119808K, used 96377K [0x0000000080000000, 0x0000000100000000)
  region size 1024K, 33 young (33792K), 4 survivors (4096K)
 Metaspace       used 90031K, committed 90624K, reserved 1130496K
  class space    used 12172K, committed 12480K, reserved 1048576K
}
Event: 11.024 GC heap after
{Heap after GC invocations=26 (full 0):
 garbage-first heap   total 144384K, used 71676K [0x0000000080000000, 0x0000000100000000)
  region size 1024K, 5 young (5120K), 5 survivors (5120K)
 Metaspace       used 90031K, committed 90624K, reserved 1130496K
  class space    used 12172K, committed 12480K, reserved 1048576K
}
Event: 11.200 GC heap before
{Heap before GC invocations=26 (full 0):
 garbage-first heap   total 144384K, used 86012K [0x0000000080000000, 0x0000000100000000)
  region size 1024K, 21 young (21504K), 5 survivors (5120K)
 Metaspace       used 91025K, committed 91648K, reserved 1130496K
  class space    used 12256K, committed 12544K, reserved 1048576K
}
Event: 11.207 GC heap after
{Heap after GC invocations=27 (full 0):
 garbage-first heap   total 144384K, used 76226K [0x0000000080000000, 0x0000000100000000)
  region size 1024K, 5 young (5120K), 5 survivors (5120K)
 Metaspace       used 91025K, committed 91648K, reserved 1130496K
  class space    used 12256K, committed 12544K, reserved 1048576K
}
Event: 11.690 GC heap before
{Heap before GC invocations=28 (full 0):
 garbage-first heap   total 144384K, used 113090K [0x0000000080000000, 0x0000000100000000)
  region size 1024K, 40 young (40960K), 5 survivors (5120K)
 Metaspace       used 94074K, committed 94720K, reserved 1138688K
  class space    used 12782K, committed 13056K, reserved 1048576K
}
Event: 11.696 GC heap after
{Heap after GC invocations=29 (full 0):
 garbage-first heap   total 144384K, used 79564K [0x0000000080000000, 0x0000000100000000)
  region size 1024K, 4 young (4096K), 4 survivors (4096K)
 Metaspace       used 94074K, committed 94720K, reserved 1138688K
  class space    used 12782K, committed 13056K, reserved 1048576K
}
Event: 11.706 GC heap before
{Heap before GC invocations=29 (full 0):
 garbage-first heap   total 144384K, used 81612K [0x0000000080000000, 0x0000000100000000)
  region size 1024K, 7 young (7168K), 4 survivors (4096K)
 Metaspace       used 94089K, committed 94720K, reserved 1138688K
  class space    used 12784K, committed 13056K, reserved 1048576K
}
Event: 11.711 GC heap after
{Heap after GC invocations=30 (full 0):
 garbage-first heap   total 144384K, used 79537K [0x0000000080000000, 0x0000000100000000)
  region size 1024K, 1 young (1024K), 1 survivors (1024K)
 Metaspace       used 94089K, committed 94720K, reserved 1138688K
  class space    used 12784K, committed 13056K, reserved 1048576K
}
Event: 11.945 GC heap before
{Heap before GC invocations=30 (full 0):
 garbage-first heap   total 144384K, used 114353K [0x0000000080000000, 0x0000000100000000)
  region size 1024K, 36 young (36864K), 1 survivors (1024K)
 Metaspace       used 94362K, committed 95040K, reserved 1138688K
  class space    used 12797K, committed 13120K, reserved 1048576K
}
Event: 11.948 GC heap after
{Heap after GC invocations=31 (full 0):
 garbage-first heap   total 144384K, used 81310K [0x0000000080000000, 0x0000000100000000)
  region size 1024K, 3 young (3072K), 3 survivors (3072K)
 Metaspace       used 94362K, committed 95040K, reserved 1138688K
  class space    used 12797K, committed 13120K, reserved 1048576K
}

Dll operation events (2 events):
Event: 0.008 Loaded shared library C:\Program Files\Android\Android Studio\jbr\bin\java.dll
Event: 0.380 Loaded shared library C:\Program Files\Android\Android Studio\jbr\bin\verify.dll

Deoptimization events (20 events):
Event: 12.075 Thread 0x00000280d89a8a90 Uncommon trap: trap_request=0xffffffc6 fr.pc=0x00000280c2069308 relative=0x0000000000000348
Event: 12.075 Thread 0x00000280d89a8a90 Uncommon trap: reason=bimorphic_or_optimized_type_check action=maybe_recompile pc=0x00000280c2069308 method=java.util.ArrayList$ArrayListSpliterator.tryAdvance(Ljava/util/function/Consumer;)Z @ 48 c2
Event: 12.075 Thread 0x00000280d89a8a90 DEOPT PACKING pc=0x00000280c2069308 sp=0x000000abbd4fc850
Event: 12.075 Thread 0x00000280d89a8a90 DEOPT UNPACKING pc=0x00000280c15ea1a3 sp=0x000000abbd4fc7e0 mode 2
Event: 12.075 Thread 0x00000280d89a8a90 Uncommon trap: trap_request=0xffffffc6 fr.pc=0x00000280c2069308 relative=0x0000000000000348
Event: 12.075 Thread 0x00000280d89a8a90 Uncommon trap: reason=bimorphic_or_optimized_type_check action=maybe_recompile pc=0x00000280c2069308 method=java.util.ArrayList$ArrayListSpliterator.tryAdvance(Ljava/util/function/Consumer;)Z @ 48 c2
Event: 12.075 Thread 0x00000280d89a8a90 DEOPT PACKING pc=0x00000280c2069308 sp=0x000000abbd4fc850
Event: 12.075 Thread 0x00000280d89a8a90 DEOPT UNPACKING pc=0x00000280c15ea1a3 sp=0x000000abbd4fc7e0 mode 2
Event: 12.097 Thread 0x00000280d89a8a90 Uncommon trap: trap_request=0xffffffc6 fr.pc=0x00000280c2207138 relative=0x0000000000000d78
Event: 12.097 Thread 0x00000280d89a8a90 Uncommon trap: reason=bimorphic_or_optimized_type_check action=maybe_recompile pc=0x00000280c2207138 method=com.google.common.collect.AbstractMapBasedMultimap.get(Ljava/lang/Object;)Ljava/util/Collection; @ 5 c2
Event: 12.097 Thread 0x00000280d89a8a90 DEOPT PACKING pc=0x00000280c2207138 sp=0x000000abbd4fa910
Event: 12.097 Thread 0x00000280d89a8a90 DEOPT UNPACKING pc=0x00000280c15ea1a3 sp=0x000000abbd4fa898 mode 2
Event: 12.097 Thread 0x00000280d89a8a90 Uncommon trap: trap_request=0xffffffc6 fr.pc=0x00000280c21835b4 relative=0x0000000000000934
Event: 12.097 Thread 0x00000280d89a8a90 Uncommon trap: reason=bimorphic_or_optimized_type_check action=maybe_recompile pc=0x00000280c21835b4 method=com.google.common.collect.AbstractMapBasedMultimap$WrappedCollection.refreshIfEmpty()V @ 59 c2
Event: 12.098 Thread 0x00000280d89a8a90 DEOPT PACKING pc=0x00000280c21835b4 sp=0x000000abbd4fa8f0
Event: 12.098 Thread 0x00000280d89a8a90 DEOPT UNPACKING pc=0x00000280c15ea1a3 sp=0x000000abbd4fa898 mode 2
Event: 12.098 Thread 0x00000280d89a8a90 Uncommon trap: trap_request=0xffffffc6 fr.pc=0x00000280c2069308 relative=0x0000000000000348
Event: 12.098 Thread 0x00000280d89a8a90 Uncommon trap: reason=bimorphic_or_optimized_type_check action=maybe_recompile pc=0x00000280c2069308 method=java.util.ArrayList$ArrayListSpliterator.tryAdvance(Ljava/util/function/Consumer;)Z @ 48 c2
Event: 12.098 Thread 0x00000280d89a8a90 DEOPT PACKING pc=0x00000280c2069308 sp=0x000000abbd4fa7a0
Event: 12.098 Thread 0x00000280d89a8a90 DEOPT UNPACKING pc=0x00000280c15ea1a3 sp=0x000000abbd4fa730 mode 2

Classes unloaded (15 events):
Event: 12.001 Thread 0x00000280d15c9a00 Unloading class 0x0000000100cb7c00 'java/lang/invoke/LambdaForm$DMH+0x0000000100cb7c00'
Event: 12.001 Thread 0x00000280d15c9a00 Unloading class 0x0000000100cb7800 'java/lang/invoke/LambdaForm$DMH+0x0000000100cb7800'
Event: 12.001 Thread 0x00000280d15c9a00 Unloading class 0x0000000100cb7400 'java/lang/invoke/LambdaForm$DMH+0x0000000100cb7400'
Event: 12.001 Thread 0x00000280d15c9a00 Unloading class 0x0000000100cb7000 'java/lang/invoke/LambdaForm$DMH+0x0000000100cb7000'
Event: 12.001 Thread 0x00000280d15c9a00 Unloading class 0x0000000100cb6c00 'java/lang/invoke/LambdaForm$DMH+0x0000000100cb6c00'
Event: 12.001 Thread 0x00000280d15c9a00 Unloading class 0x0000000100cb6800 'java/lang/invoke/LambdaForm$DMH+0x0000000100cb6800'
Event: 12.001 Thread 0x00000280d15c9a00 Unloading class 0x0000000100cb6000 'java/lang/invoke/LambdaForm$DMH+0x0000000100cb6000'
Event: 12.001 Thread 0x00000280d15c9a00 Unloading class 0x0000000100cb6400 'java/lang/invoke/LambdaForm$DMH+0x0000000100cb6400'
Event: 12.001 Thread 0x00000280d15c9a00 Unloading class 0x0000000100cb5800 'java/lang/invoke/LambdaForm$DMH+0x0000000100cb5800'
Event: 12.001 Thread 0x00000280d15c9a00 Unloading class 0x0000000100cb5c00 'java/lang/invoke/LambdaForm$DMH+0x0000000100cb5c00'
Event: 12.001 Thread 0x00000280d15c9a00 Unloading class 0x0000000100cb5000 'java/lang/invoke/LambdaForm$DMH+0x0000000100cb5000'
Event: 12.001 Thread 0x00000280d15c9a00 Unloading class 0x0000000100cb5400 'java/lang/invoke/LambdaForm$DMH+0x0000000100cb5400'
Event: 12.001 Thread 0x00000280d15c9a00 Unloading class 0x0000000100cb4c00 'java/lang/invoke/LambdaForm$DMH+0x0000000100cb4c00'
Event: 12.001 Thread 0x00000280d15c9a00 Unloading class 0x0000000100cb4800 'java/lang/invoke/LambdaForm$DMH+0x0000000100cb4800'
Event: 12.001 Thread 0x00000280d15c9a00 Unloading class 0x0000000100cb4400 'java/lang/invoke/LambdaForm$DMH+0x0000000100cb4400'

Classes redefined (0 events):
No events

Internal exceptions (20 events):
Event: 11.589 Thread 0x00000280d9052c40 Implicit null exception at 0x00000280c212a580 to 0x00000280c212af58
Event: 11.629 Thread 0x00000280d9050f60 Exception <a 'java/lang/NoSuchMethodError'{0x0000000086d4a750}: 'java.lang.Object java.lang.invoke.DirectMethodHandle$Holder.invokeSpecialIFC(java.lang.Object, java.lang.Object, java.lang.Object)'> (0x0000000086d4a750) 
thrown [s\src\hotspot\share\interpreter\linkResolver.cpp, line 771]
Event: 11.629 Thread 0x00000280d9050a90 Exception <a 'java/lang/NoSuchMethodError'{0x0000000086e1e4f8}: 'java.lang.Object java.lang.invoke.DirectMethodHandle$Holder.invokeSpecialIFC(java.lang.Object, java.lang.Object, java.lang.Object)'> (0x0000000086e1e4f8) 
thrown [s\src\hotspot\share\interpreter\linkResolver.cpp, line 771]
Event: 11.629 Thread 0x00000280d90535e0 Exception <a 'java/lang/NoSuchMethodError'{0x0000000086ecde60}: 'java.lang.Object java.lang.invoke.DirectMethodHandle$Holder.invokeSpecialIFC(java.lang.Object, java.lang.Object, java.lang.Object)'> (0x0000000086ecde60) 
thrown [s\src\hotspot\share\interpreter\linkResolver.cpp, line 771]
Event: 11.629 Thread 0x00000280d9056130 Exception <a 'java/lang/NoSuchMethodError'{0x0000000086e915a8}: 'java.lang.Object java.lang.invoke.DirectMethodHandle$Holder.invokeSpecialIFC(java.lang.Object, java.lang.Object, java.lang.Object)'> (0x0000000086e915a8) 
thrown [s\src\hotspot\share\interpreter\linkResolver.cpp, line 771]
Event: 11.629 Thread 0x00000280d9057470 Exception <a 'java/lang/NoSuchMethodError'{0x0000000086e56830}: 'java.lang.Object java.lang.invoke.DirectMethodHandle$Holder.invokeSpecialIFC(java.lang.Object, java.lang.Object, java.lang.Object)'> (0x0000000086e56830) 
thrown [s\src\hotspot\share\interpreter\linkResolver.cpp, line 771]
Event: 11.629 Thread 0x00000280d9056600 Exception <a 'java/lang/NoSuchMethodError'{0x0000000086d0f6a8}: 'java.lang.Object java.lang.invoke.DirectMethodHandle$Holder.invokeSpecialIFC(java.lang.Object, java.lang.Object, java.lang.Object)'> (0x0000000086d0f6a8) 
thrown [s\src\hotspot\share\interpreter\linkResolver.cpp, line 771]
Event: 11.629 Thread 0x00000280d9055c60 Exception <a 'java/lang/NoSuchMethodError'{0x0000000086e3b010}: 'java.lang.Object java.lang.invoke.DirectMethodHandle$Holder.invokeSpecialIFC(java.lang.Object, java.lang.Object, java.lang.Object)'> (0x0000000086e3b010) 
thrown [s\src\hotspot\share\interpreter\linkResolver.cpp, line 771]
Event: 11.629 Thread 0x00000280d9054df0 Exception <a 'java/lang/NoSuchMethodError'{0x0000000086d64910}: 'java.lang.Object java.lang.invoke.DirectMethodHandle$Holder.invokeSpecialIFC(java.lang.Object, java.lang.Object, java.lang.Object)'> (0x0000000086d64910) 
thrown [s\src\hotspot\share\interpreter\linkResolver.cpp, line 771]
Event: 11.629 Thread 0x00000280d89a8a90 Exception <a 'java/lang/NoSuchMethodError'{0x0000000086dbb7c0}: 'java.lang.Object java.lang.invoke.DirectMethodHandle$Holder.invokeSpecialIFC(java.lang.Object, java.lang.Object, java.lang.Object)'> (0x0000000086dbb7c0) 
thrown [s\src\hotspot\share\interpreter\linkResolver.cpp, line 771]
Event: 11.629 Thread 0x00000280d9052c40 Exception <a 'java/lang/NoSuchMethodError'{0x0000000086dd7018}: 'java.lang.Object java.lang.invoke.DirectMethodHandle$Holder.invokeSpecialIFC(java.lang.Object, java.lang.Object, java.lang.Object)'> (0x0000000086dd7018) 
thrown [s\src\hotspot\share\interpreter\linkResolver.cpp, line 771]
Event: 11.629 Thread 0x00000280d9051900 Exception <a 'java/lang/NoSuchMethodError'{0x0000000086d9f6b8}: 'java.lang.Object java.lang.invoke.DirectMethodHandle$Holder.invokeSpecialIFC(java.lang.Object, java.lang.Object, java.lang.Object)'> (0x0000000086d9f6b8) 
thrown [s\src\hotspot\share\interpreter\linkResolver.cpp, line 771]
Event: 11.630 Thread 0x00000280d9054920 Exception <a 'java/lang/NoSuchMethodError'{0x0000000086d2c288}: 'java.lang.Object java.lang.invoke.DirectMethodHandle$Holder.invokeSpecialIFC(java.lang.Object, java.lang.Object, java.lang.Object)'> (0x0000000086d2c288) 
thrown [s\src\hotspot\share\interpreter\linkResolver.cpp, line 771]
Event: 11.630 Thread 0x00000280d90552c0 Exception <a 'java/lang/NoSuchMethodError'{0x0000000086d82478}: 'java.lang.Object java.lang.invoke.DirectMethodHandle$Holder.invokeSpecialIFC(java.lang.Object, java.lang.Object, java.lang.Object)'> (0x0000000086d82478) 
thrown [s\src\hotspot\share\interpreter\linkResolver.cpp, line 771]
Event: 11.630 Thread 0x00000280d9056fa0 Exception <a 'java/lang/NoSuchMethodError'{0x0000000086eecf20}: 'java.lang.Object java.lang.invoke.DirectMethodHandle$Holder.invokeSpecialIFC(java.lang.Object, java.lang.Object, java.lang.Object)'> (0x0000000086eecf20) 
thrown [s\src\hotspot\share\interpreter\linkResolver.cpp, line 771]
Event: 11.630 Thread 0x00000280d9056ad0 Exception <a 'java/lang/NoSuchMethodError'{0x0000000086eafbd8}: 'java.lang.Object java.lang.invoke.DirectMethodHandle$Holder.invokeSpecialIFC(java.lang.Object, java.lang.Object, java.lang.Object)'> (0x0000000086eafbd8) 
thrown [s\src\hotspot\share\interpreter\linkResolver.cpp, line 771]
Event: 11.630 Thread 0x00000280d9055790 Exception <a 'java/lang/NoSuchMethodError'{0x0000000086e74768}: 'java.lang.Object java.lang.invoke.DirectMethodHandle$Holder.invokeSpecialIFC(java.lang.Object, java.lang.Object, java.lang.Object)'> (0x0000000086e74768) 
thrown [s\src\hotspot\share\interpreter\linkResolver.cpp, line 771]
Event: 11.735 Thread 0x00000280d5c90590 Exception <a 'java/lang/NoSuchMethodError'{0x000000008ce467b8}: 'void java.lang.invoke.DirectMethodHandle$Holder.invokeVirtual(java.lang.Object, java.lang.Object)'> (0x000000008ce467b8) 
thrown [s\src\hotspot\share\interpreter\linkResolver.cpp, line 771]
Event: 11.803 Thread 0x00000280d74b3100 Implicit null exception at 0x00000280c1f5954e to 0x00000280c1f59f74
Event: 11.803 Thread 0x00000280d74b3aa0 Implicit null exception at 0x00000280c1f5954e to 0x00000280c1f59f74

VM Operations (20 events):
Event: 11.647 Executing VM operation: ICBufferFull done
Event: 11.690 Executing VM operation: G1CollectForAllocation
Event: 11.696 Executing VM operation: G1CollectForAllocation done
Event: 11.706 Executing VM operation: G1CollectForAllocation
Event: 11.711 Executing VM operation: G1CollectForAllocation done
Event: 11.880 Executing VM operation: HandshakeAllThreads
Event: 11.881 Executing VM operation: HandshakeAllThreads done
Event: 11.882 Executing VM operation: HandshakeAllThreads
Event: 11.883 Executing VM operation: HandshakeAllThreads done
Event: 11.938 Executing VM operation: HandshakeAllThreads
Event: 11.939 Executing VM operation: HandshakeAllThreads done
Event: 11.941 Executing VM operation: ICBufferFull
Event: 11.941 Executing VM operation: ICBufferFull done
Event: 11.944 Executing VM operation: G1CollectForAllocation
Event: 11.948 Executing VM operation: G1CollectForAllocation done
Event: 12.000 Executing VM operation: G1Concurrent
Event: 12.012 Executing VM operation: G1Concurrent done
Event: 12.041 Executing VM operation: G1Concurrent
Event: 12.042 Executing VM operation: G1Concurrent done
Event: 13.053 Executing VM operation: Cleanup

Events (20 events):
Event: 11.605 Thread 0x00000280d5c95290 Thread added: 0x00000280d5c95290
Event: 11.606 Thread 0x00000280d5c93f50 Thread added: 0x00000280d5c93f50
Event: 11.869 loading class java/util/concurrent/LinkedBlockingDeque$Itr
Event: 11.869 loading class java/util/concurrent/LinkedBlockingDeque$AbstractItr
Event: 11.869 loading class java/util/concurrent/LinkedBlockingDeque$AbstractItr done
Event: 11.869 loading class java/util/concurrent/LinkedBlockingDeque$Itr done
Event: 12.032 loading class java/util/Comparators$NaturalOrderComparator
Event: 12.032 loading class java/util/Comparators$NaturalOrderComparator done
Event: 12.032 loading class java/util/stream/SortedOps$SizedRefSortingSink
Event: 12.032 loading class java/util/stream/SortedOps$SizedRefSortingSink done
Event: 12.067 loading class java/util/LinkedList$LLSpliterator
Event: 12.067 loading class java/util/LinkedList$LLSpliterator done
Event: 12.105 loading class javax/xml/parsers/DocumentBuilder
Event: 12.105 loading class javax/xml/parsers/DocumentBuilder done
Event: 12.106 loading class org/xml/sax/SAXNotRecognizedException
Event: 12.106 loading class org/xml/sax/SAXNotRecognizedException done
Event: 12.106 loading class org/xml/sax/SAXNotSupportedException
Event: 12.106 loading class org/xml/sax/SAXNotSupportedException done
Event: 12.132 loading class org/w3c/dom/DOMError
Event: 12.132 loading class org/w3c/dom/DOMError done


Dynamic libraries:
0x00007ff64ea50000 - 0x00007ff64ea5a000 	C:\Program Files\Android\Android Studio\jbr\bin\java.exe
0x00007ffa6e6a0000 - 0x00007ffa6e908000 	C:\WINDOWS\SYSTEM32\ntdll.dll
0x00007ffa6ccd0000 - 0x00007ffa6cd99000 	C:\WINDOWS\System32\KERNEL32.DLL
0x00007ffa6b430000 - 0x00007ffa6b821000 	C:\WINDOWS\System32\KERNELBASE.dll
0x00007ffa6b220000 - 0x00007ffa6b36b000 	C:\WINDOWS\System32\ucrtbase.dll
0x00007ffa65630000 - 0x00007ffa6564b000 	C:\Program Files\Android\Android Studio\jbr\bin\VCRUNTIME140.dll
0x00007ffa2ceb0000 - 0x00007ffa2cec7000 	C:\Program Files\Android\Android Studio\jbr\bin\jli.dll
0x00007ffa6d530000 - 0x00007ffa6d6f6000 	C:\WINDOWS\System32\USER32.dll
0x00007ffa50560000 - 0x00007ffa507f3000 	C:\WINDOWS\WinSxS\amd64_microsoft.windows.common-controls_6595b64144ccf1df_6.0.26100.7824_none_3e0870b2e3345462\COMCTL32.dll
0x00007ffa6b010000 - 0x00007ffa6b037000 	C:\WINDOWS\System32\win32u.dll
0x00007ffa6d360000 - 0x00007ffa6d409000 	C:\WINDOWS\System32\msvcrt.dll
0x00007ffa6d700000 - 0x00007ffa6d72b000 	C:\WINDOWS\System32\GDI32.dll
0x00007ffa6b040000 - 0x00007ffa6b16b000 	C:\WINDOWS\System32\gdi32full.dll
0x00007ffa6b170000 - 0x00007ffa6b213000 	C:\WINDOWS\System32\msvcp_win.dll
0x00007ffa6e050000 - 0x00007ffa6e081000 	C:\WINDOWS\System32\IMM32.DLL
0x00007ffa65620000 - 0x00007ffa6562c000 	C:\Program Files\Android\Android Studio\jbr\bin\vcruntime140_1.dll
0x00007ffa41d60000 - 0x00007ffa41ded000 	C:\Program Files\Android\Android Studio\jbr\bin\msvcp140.dll
0x00007ff9f8880000 - 0x00007ff9f94ee000 	C:\Program Files\Android\Android Studio\jbr\bin\server\jvm.dll
0x00007ffa6df90000 - 0x00007ffa6e044000 	C:\WINDOWS\System32\ADVAPI32.dll
0x00007ffa6ce90000 - 0x00007ffa6cf36000 	C:\WINDOWS\System32\sechost.dll
0x00007ffa6d410000 - 0x00007ffa6d528000 	C:\WINDOWS\System32\RPCRT4.dll
0x00007ffa58050000 - 0x00007ffa5805a000 	C:\WINDOWS\SYSTEM32\WSOCK32.dll
0x00007ffa64220000 - 0x00007ffa6422b000 	C:\WINDOWS\SYSTEM32\VERSION.dll
0x00007ffa58ce0000 - 0x00007ffa58d15000 	C:\WINDOWS\SYSTEM32\WINMM.dll
0x00007ffa6e5e0000 - 0x00007ffa6e654000 	C:\WINDOWS\System32\WS2_32.dll
0x00007ffa69ce0000 - 0x00007ffa69cfb000 	C:\WINDOWS\SYSTEM32\kernel.appcore.dll
0x00007ffa56540000 - 0x00007ffa5654a000 	C:\Program Files\Android\Android Studio\jbr\bin\jimage.dll
0x00007ffa69080000 - 0x00007ffa692c2000 	C:\WINDOWS\SYSTEM32\DBGHELP.DLL
0x00007ffa6cf40000 - 0x00007ffa6d2c6000 	C:\WINDOWS\System32\combase.dll
0x00007ffa6cdb0000 - 0x00007ffa6ce87000 	C:\WINDOWS\System32\OLEAUT32.dll
0x00007ffa4d640000 - 0x00007ffa4d67b000 	C:\WINDOWS\SYSTEM32\dbgcore.DLL
0x00007ffa6b830000 - 0x00007ffa6b8d5000 	C:\WINDOWS\System32\bcryptPrimitives.dll
0x00007ffa0a360000 - 0x00007ffa0a385000 	C:\Program Files\Android\Android Studio\jbr\bin\java.dll
0x00007ffa4fb40000 - 0x00007ffa4fb58000 	C:\Program Files\Android\Android Studio\jbr\bin\zip.dll
0x00007ffa6d830000 - 0x00007ffa6df82000 	C:\WINDOWS\System32\SHELL32.dll
0x00007ffa6c2d0000 - 0x00007ffa6c43a000 	C:\WINDOWS\System32\wintypes.dll
0x00007ffa6ba60000 - 0x00007ffa6c2c3000 	C:\WINDOWS\System32\windows.storage.dll
0x00007ffa6c630000 - 0x00007ffa6c726000 	C:\WINDOWS\System32\SHCORE.dll
0x00007ffa6e090000 - 0x00007ffa6e0f7000 	C:\WINDOWS\System32\shlwapi.dll
0x00007ffa6aea0000 - 0x00007ffa6aec9000 	C:\WINDOWS\SYSTEM32\profapi.dll
0x00007ffa4cb00000 - 0x00007ffa4cb19000 	C:\Program Files\Android\Android Studio\jbr\bin\net.dll
0x00007ffa63ea0000 - 0x00007ffa63fc7000 	C:\WINDOWS\SYSTEM32\WINHTTP.dll
0x00007ffa6a230000 - 0x00007ffa6a29b000 	C:\WINDOWS\system32\mswsock.dll
0x00007ffa4caa0000 - 0x00007ffa4cab6000 	C:\Program Files\Android\Android Studio\jbr\bin\nio.dll
0x00007ffa560f0000 - 0x00007ffa56100000 	C:\Program Files\Android\Android Studio\jbr\bin\verify.dll
0x00007ff9e8d00000 - 0x00007ff9e8d27000 	C:\Users\shuik\Desktop\Android Studio\Sdk\native\68d5fa5c4cc2d200863cafc0d521ce42e7d3e7ee720ec0a83991735586a16f82\windows-amd64\native-platform.dll
0x00007ffa070f0000 - 0x00007ffa07234000 	C:\Users\shuik\Desktop\Android Studio\Sdk\native\e376f236ea51e6404a007f0833ffe2c6e607c4080706a723a18a27aeea778392\windows-amd64\native-platform-file-events.dll
0x00007ffa559e0000 - 0x00007ffa559e9000 	C:\Program Files\Android\Android Studio\jbr\bin\management.dll
0x00007ffa509f0000 - 0x00007ffa509fb000 	C:\Program Files\Android\Android Studio\jbr\bin\management_ext.dll
0x00007ffa6d2d0000 - 0x00007ffa6d2d8000 	C:\WINDOWS\System32\PSAPI.DLL
0x00007ffa6a620000 - 0x00007ffa6a63b000 	C:\WINDOWS\SYSTEM32\CRYPTSP.dll
0x00007ffa69c40000 - 0x00007ffa69c79000 	C:\WINDOWS\system32\rsaenh.dll
0x00007ffa6a2e0000 - 0x00007ffa6a30b000 	C:\WINDOWS\SYSTEM32\USERENV.dll
0x00007ffa6ae70000 - 0x00007ffa6ae9a000 	C:\WINDOWS\SYSTEM32\bcrypt.dll
0x00007ffa6a480000 - 0x00007ffa6a48c000 	C:\WINDOWS\SYSTEM32\CRYPTBASE.dll
0x00007ffa696e0000 - 0x00007ffa69714000 	C:\WINDOWS\SYSTEM32\IPHLPAPI.DLL
0x00007ffa6c440000 - 0x00007ffa6c44a000 	C:\WINDOWS\System32\NSI.dll
0x00007ffa64260000 - 0x00007ffa6427e000 	C:\WINDOWS\SYSTEM32\dhcpcsvc6.DLL
0x00007ffa64230000 - 0x00007ffa64253000 	C:\WINDOWS\SYSTEM32\dhcpcsvc.DLL
0x00007ffa69770000 - 0x00007ffa6989c000 	C:\WINDOWS\SYSTEM32\DNSAPI.dll
0x00007ffa4d7d0000 - 0x00007ffa4d7d8000 	C:\WINDOWS\system32\wshunix.dll

dbghelp: loaded successfully - version: 4.0.5 - missing functions: none
symbol engine: initialized successfully - sym options: 0x614 - pdb path: .;C:\Program Files\Android\Android Studio\jbr\bin;C:\WINDOWS\SYSTEM32;C:\WINDOWS\WinSxS\amd64_microsoft.windows.common-controls_6595b64144ccf1df_6.0.26100.7824_none_3e0870b2e3345462;C:\Program Files\Android\Android Studio\jbr\bin\server;C:\Users\shuik\Desktop\Android Studio\Sdk\native\68d5fa5c4cc2d200863cafc0d521ce42e7d3e7ee720ec0a83991735586a16f82\windows-amd64;C:\Users\shuik\Desktop\Android Studio\Sdk\native\e376f236ea51e6404a007f0833ffe2c6e607c4080706a723a18a27aeea778392\windows-amd64

VM Arguments:
jvm_args: --add-opens=java.base/java.util=ALL-UNNAMED --add-opens=java.base/java.lang=ALL-UNNAMED --add-opens=java.base/java.lang.invoke=ALL-UNNAMED --add-opens=java.prefs/java.util.prefs=ALL-UNNAMED --add-opens=java.base/java.nio.charset=ALL-UNNAMED --add-opens=java.base/java.net=ALL-UNNAMED --add-opens=java.base/java.util.concurrent.atomic=ALL-UNNAMED -Xmx2048m -Dfile.encoding=UTF-8 -Duser.country=ES -Duser.language=es -Duser.variant 
java_command: org.gradle.launcher.daemon.bootstrap.GradleDaemon 8.0
java_class_path (initial): C:\Users\shuik\Desktop\Android Studio\Sdk\wrapper\dists\gradle-8.0-bin\ca5e32bp14vu59qr306oxotwh\gradle-8.0\lib\gradle-launcher-8.0.jar
Launcher Type: SUN_STANDARD

[Global flags]
     intx CICompilerCount                          = 12                                        {product} {ergonomic}
     uint ConcGCThreads                            = 3                                         {product} {ergonomic}
     uint G1ConcRefinementThreads                  = 13                                        {product} {ergonomic}
   size_t G1HeapRegionSize                         = 1048576                                   {product} {ergonomic}
    uintx GCDrainStackTargetSize                   = 64                                        {product} {ergonomic}
   size_t InitialHeapSize                          = 264241152                                 {product} {ergonomic}
   size_t MarkStackSize                            = 4194304                                   {product} {ergonomic}
   size_t MaxHeapSize                              = 2147483648                                {product} {command line}
   size_t MaxNewSize                               = 1287651328                                {product} {ergonomic}
   size_t MinHeapDeltaBytes                        = 1048576                                   {product} {ergonomic}
   size_t MinHeapSize                              = 8388608                                   {product} {ergonomic}
    uintx NonNMethodCodeHeapSize                   = 7602480                                {pd product} {ergonomic}
    uintx NonProfiledCodeHeapSize                  = 122027880                              {pd product} {ergonomic}
    uintx ProfiledCodeHeapSize                     = 122027880                              {pd product} {ergonomic}
    uintx ReservedCodeCacheSize                    = 251658240                              {pd product} {ergonomic}
     bool SegmentedCodeCache                       = true                                      {product} {ergonomic}
   size_t SoftMaxHeapSize                          = 2147483648                             {manageable} {ergonomic}
     bool UseCompressedClassPointers               = true                           {product lp64_product} {ergonomic}
     bool UseCompressedOops                        = true                           {product lp64_product} {ergonomic}
     bool UseG1GC                                  = true                                      {product} {ergonomic}
     bool UseLargePagesIndividualAllocation        = false                                  {pd product} {ergonomic}

Logging:
Log output configuration:
 #0: stdout all=warning uptime,level,tags
 #1: stderr all=off uptime,level,tags

Environment Variables:
PATH=C:\Program Files\Common Files\Oracle\Java\javapath;C:\Program Files (x86)\Common Files\Oracle\Java\java8path;C:\Program Files (x86)\Common Files\Oracle\Java\javapath;C:\WINDOWS\system32;C:\WINDOWS;C:\WINDOWS\System32\Wbem;C:\WINDOWS\System32\WindowsPowerShell\v1.0\;C:\WINDOWS\System32\OpenSSH\;C:\Program Files\dotnet\;C:\Program Files (x86)\NVIDIA Corporation\PhysX\Common;C:\Program Files\NVIDIA Corporation\NVIDIA app\NvDLISR;C:\Program Files\Docker\Docker\resources\bin;C:\Program Files\Apache\apache-maven-3.9.11\bin;C:\Program Files\nodejs\;C:\Users\shuik\AppData\Local\Programs\Python\Launcher\;C:\Users\shuik\AppData\Local\Microsoft\WindowsApps;C:\Users\shuik\AppData\Local\Programs\Microsoft VS Code\bin;C:\Users\shuik\AppData\Local\GitHubDesktop\bin;C:\Users\shuik\AppData\Local\spicetify;C:\Program Files\MongoDB\Server\8.2\bin;C:\Users\shuik\.dotnet\tools;C:\Users\shuik\AppData\Roaming\npm;C:\Users\shuik\AppData\Local\Programs\Python\Python314\Scripts;C:\Users\shuik\AppData\Local\Programs\Python\Python314;
USERNAME=shuik
OS=Windows_NT
PROCESSOR_IDENTIFIER=Intel64 Family 6 Model 141 Stepping 1, GenuineIntel
TMP=C:\Users\shuik\AppData\Local\Temp
TEMP=C:\Users\shuik\AppData\Local\Temp


JNI global refs:
JNI global refs: 54, weak refs: 0

JNI global refs memory usage: 843, weak refs: 209


---------------  S Y S T E M  ---------------

OS:
 Windows 11 , 64 bit Build 26100 (10.0.26100.7705)
OS uptime: 28 days 19:09 hours
Hyper-V role detected

CPU: total 16 (initial active 16) (8 cores per cpu, 2 threads per core) family 6 model 141 stepping 1 microcode 0x34, cx8, cmov, fxsr, ht, mmx, 3dnowpref, sse, sse2, sse3, ssse3, sse4.1, sse4.2, popcnt, lzcnt, tsc, tscinvbit, avx, avx2, aes, erms, clmul, bmi1, bmi2, adx, avx512f, avx512dq, avx512cd, avx512bw, avx512vl, sha, fma, vzeroupper, avx512_vpopcntdq, avx512_vpclmulqdq, avx512_vaes, avx512_vnni, clflush, clflushopt, clwb, avx512_vbmi2, avx512_vbmi, hv

Memory: 4k page, system-wide physical 16085M (1046M free)
TotalPageFile size 65237M (AvailPageFile size 24M)
current process WorkingSet (physical memory assigned to process): 429M, peak: 432M
current process commit charge ("private bytes"): 476M, peak: 479M

vm_info: OpenJDK 64-Bit Server VM (17.0.6+0-b2043.56-10027231) for windows-amd64 JRE (17.0.6+0-b2043.56-10027231), built on Apr 28 2023 00:43:19 by "androidbuild" with MS VC++ 16.10 / 16.11 (VS2019)

END.
