#
# There is insufficient memory for the Java Runtime Environment to continue.
# Native memory allocation (mmap) failed to map 46137344 bytes for G1 virtual space
# Possible reasons:
#   The system is out of physical RAM or swap space
#   The process is running with CompressedOops enabled, and the Java Heap may be blocking the growth of the native heap
# Possible solutions:
#   Reduce memory load on the system
#   Increase physical memory or swap space
#   Check if swap backing store is full
#   Decrease Java heap size (-Xmx/-Xms)
#   Decrease number of Java threads
#   Decrease Java thread stack sizes (-Xss)
#   Set larger code cache with -XX:ReservedCodeCacheSize=
#   JVM is running with Unscaled Compressed Oops mode in which the Java heap is
#     placed in the first 4GB address space. The Java Heap base address is the
#     maximum limit for the native heap growth. Please use -XX:HeapBaseMinAddress
#     to set the Java Heap base and to place the Java Heap above 4GB virtual address.
# This output file may be truncated or incomplete.
#
#  Out of Memory Error (os_windows.cpp:3769), pid=19440, tid=1264
#
# JRE version: OpenJDK Runtime Environment (17.0.6) (build 17.0.6+0-b2043.56-10027231)
# Java VM: OpenJDK 64-Bit Server VM (17.0.6+0-b2043.56-10027231, mixed mode, tiered, compressed oops, compressed class ptrs, g1 gc, windows-amd64)
# No core dump will be written. Minidumps are not enabled by default on client versions of Windows
#

---------------  S U M M A R Y ------------

Command Line: --add-opens=java.base/java.util=ALL-UNNAMED --add-opens=java.base/java.lang=ALL-UNNAMED --add-opens=java.base/java.lang.invoke=ALL-UNNAMED --add-opens=java.prefs/java.util.prefs=ALL-UNNAMED --add-opens=java.base/java.nio.charset=ALL-UNNAMED --add-opens=java.base/java.net=ALL-UNNAMED --add-opens=java.base/java.util.concurrent.atomic=ALL-UNNAMED -Xmx2048m -Dfile.encoding=UTF-8 -Duser.country=ES -Duser.language=es -Duser.variant org.gradle.launcher.daemon.bootstrap.GradleDaemon 8.0

Host: 11th Gen Intel(R) Core(TM) i7-11800H @ 2.30GHz, 16 cores, 15G,  Windows 11 , 64 bit Build 26100 (10.0.26100.7705)
Time: Fri Mar 13 12:42:51 2026 Hora estándar romance elapsed time: 12.308862 seconds (0d 0h 0m 12s)

---------------  T H R E A D  ---------------

Current thread (0x0000024bdc87ed70):  VMThread "VM Thread" [stack: 0x000000a071300000,0x000000a071400000] [id=1264]

Stack: [0x000000a071300000,0x000000a071400000]
Native frames: (J=compiled Java code, j=interpreted, Vv=VM code, C=native code)
V  [jvm.dll+0x683c9a]
V  [jvm.dll+0x8427a4]
V  [jvm.dll+0x843f9e]
V  [jvm.dll+0x844603]
V  [jvm.dll+0x249b75]
V  [jvm.dll+0x680b69]
V  [jvm.dll+0x67505a]
V  [jvm.dll+0x309acb]
V  [jvm.dll+0x310f86]
V  [jvm.dll+0x3608ee]
V  [jvm.dll+0x360b1f]
V  [jvm.dll+0x2dfbf8]
V  [jvm.dll+0x2ddec4]
V  [jvm.dll+0x2dd4cc]
V  [jvm.dll+0x321f3b]
V  [jvm.dll+0x848ccb]
V  [jvm.dll+0x849a04]
V  [jvm.dll+0x849f1d]
V  [jvm.dll+0x84a2f4]
V  [jvm.dll+0x84a3c0]
V  [jvm.dll+0x7f274a]
V  [jvm.dll+0x682ad5]
C  [ucrtbase.dll+0x37b0]
C  [KERNEL32.DLL+0x2e8d7]
C  [ntdll.dll+0x8c40c]

VM_Operation (0x000000a07cafa100): G1CollectForAllocation, mode: safepoint, requested by thread 0x0000024bdf2364d0


---------------  P R O C E S S  ---------------

Threads class SMR info:
_java_thread_list=0x0000024be77bb530, length=243, elements={
0x0000024bc1618ce0, 0x0000024bdc893250, 0x0000024bdc893920, 0x0000024bdc8b2210,
0x0000024bdc8b26e0, 0x0000024bdc8b2bb0, 0x0000024bdc8c1440, 0x0000024bdc8c6460,
0x0000024bdc8c6970, 0x0000024bdc8c6e80, 0x0000024bdca3a1c0, 0x0000024bdca60cf0,
0x0000024bdca79250, 0x0000024bdca79720, 0x0000024bdce4ab20, 0x0000024bddab1480,
0x0000024bdf08d5d0, 0x0000024bdf993070, 0x0000024bdf078220, 0x0000024bdd83fa50,
0x0000024bdf2a7030, 0x0000024bdfc60080, 0x0000024bdfadbb20, 0x0000024bdf6b1ff0,
0x0000024bdf6b24c0, 0x0000024bdf6b3800, 0x0000024bdf6b3cd0, 0x0000024bdf6b3330,
0x0000024bdf6b5010, 0x0000024be00bfac0, 0x0000024bdf6b2990, 0x0000024bdf6b41a0,
0x0000024bdf6b1b20, 0x0000024bdf6b4b40, 0x0000024bdf6b1650, 0x0000024be0baf580,
0x0000024be0baebe0, 0x0000024be0bafa50, 0x0000024be0bb03f0, 0x0000024be0bb0d90,
0x0000024be0bae240, 0x0000024be0baf0b0, 0x0000024be0bb4c20, 0x0000024be0bb38e0,
0x0000024be0bb4280, 0x0000024be0bb3db0, 0x0000024be0bb3410, 0x0000024be0bb50f0,
0x0000024be0bb2f40, 0x0000024be0bb55c0, 0x0000024be0bb5a90, 0x0000024bdf727db0,
0x0000024bdf727410, 0x0000024bdf7278e0, 0x0000024bdf728280, 0x0000024bdf725c00,
0x0000024bdf728c20, 0x0000024bdf728750, 0x0000024bdf7260d0, 0x0000024bdf7265a0,
0x0000024bdf726a70, 0x0000024bdf726f40, 0x0000024bdf7290f0, 0x0000024bdf725730,
0x0000024bdf72bc40, 0x0000024bdf72cf80, 0x0000024bdf72add0, 0x0000024bdf7295c0,
0x0000024bdf72cab0, 0x0000024bdf729a90, 0x0000024bdf72c110, 0x0000024bdf729f60,
0x0000024bdf72b770, 0x0000024bdf72c5e0, 0x0000024bdf72b2a0, 0x0000024bdf72a430,
0x0000024bdf72a900, 0x0000024bdf679ac0, 0x0000024bdf67bc70, 0x0000024bdf67c140,
0x0000024bdf67cfb0, 0x0000024bdf67b7a0, 0x0000024bdf6795f0, 0x0000024bdf67d950,
0x0000024bdf67c610, 0x0000024bdf67ae00, 0x0000024bdf67cae0, 0x0000024bdf67d480,
0x0000024bdf679f90, 0x0000024bdf67de20, 0x0000024bdf67a460, 0x0000024bdf67e2f0,
0x0000024bdf67a930, 0x0000024bdf67e7c0, 0x0000024bdf67ec90, 0x0000024bdf67b2d0,
0x0000024bdf6804a0, 0x0000024bdf67fb00, 0x0000024bdf67f160, 0x0000024bdf680970,
0x0000024bdf67f630, 0x0000024bdf680e40, 0x0000024bdf67ffd0, 0x0000024bdf125780,
0x0000024bdf124440, 0x0000024bdf124de0, 0x0000024bdf121dc0, 0x0000024bdf122290,
0x0000024bdf125c50, 0x0000024bdf123100, 0x0000024bdf122c30, 0x0000024bdf1235d0,
0x0000024bdf123aa0, 0x0000024bdf126120, 0x0000024bdf122760, 0x0000024bdf123f70,
0x0000024bdf127460, 0x0000024bdf127930, 0x0000024bdf126f90, 0x0000024bdf1265f0,
0x0000024bdf1252b0, 0x0000024bdf127e00, 0x0000024bdf126ac0, 0x0000024bdf1282d0,
0x0000024bdf124910, 0x0000024bdf1287a0, 0x0000024bdf128c70, 0x0000024bdf129140,
0x0000024bdf129610, 0x0000024bdf1d2eb0, 0x0000024bdf1d0360, 0x0000024bdf1d1b70,
0x0000024bdf1d2040, 0x0000024bdf1d3380, 0x0000024bdf1cfe90, 0x0000024bdf1d29e0,
0x0000024bdf1d2510, 0x0000024bdf1d3850, 0x0000024bdf1d41f0, 0x0000024bdf1d3d20,
0x0000024bdf1d11d0, 0x0000024bdf1d0830, 0x0000024bdf1d46c0, 0x0000024bdf1d0d00,
0x0000024bdf1d5060, 0x0000024bdf1d6d40, 0x0000024bdf1d16a0, 0x0000024bdf1d7210,
0x0000024bdf1d4b90, 0x0000024bdf1d5a00, 0x0000024bdf1d5ed0, 0x0000024bdf1d76e0,
0x0000024bdf1d5530, 0x0000024bdf1d63a0, 0x0000024bdf1d6870, 0x0000024bdf232fe0,
0x0000024bdf234320, 0x0000024bdf235b30, 0x0000024bdf232170, 0x0000024bdf2334b0,
0x0000024bdf2347f0, 0x0000024bdf235190, 0x0000024bdf234cc0, 0x0000024bdf235660,
0x0000024bdf233980, 0x0000024bdf232640, 0x0000024bdf233e50, 0x0000024bdf2364d0,
0x0000024bdf236000, 0x0000024bdf232b10, 0x0000024bdf237810, 0x0000024bdf2369a0,
0x0000024bdf2394f0, 0x0000024bdf236e70, 0x0000024bdf237340, 0x0000024bdf237ce0,
0x0000024bdf2381b0, 0x0000024bdf238680, 0x0000024bdf238b50, 0x0000024bdf239020,
0x0000024bdf2399c0, 0x0000024be07c0e50, 0x0000024be07c17f0, 0x0000024be07c1cc0,
0x0000024be1c26890, 0x0000024be1c2aa60, 0x0000024be1c29b30, 0x0000024be1c29110,
0x0000024be1c2af70, 0x0000024be07c64f0, 0x0000024be07c4ce0, 0x0000024be07c51b0,
0x0000024be07c5680, 0x0000024be07c5b50, 0x0000024be07c6020, 0x0000024be0bb08c0,
0x0000024be629ec50, 0x0000024be629f5f0, 0x0000024be629d440, 0x0000024be629d910,
0x0000024be629caa0, 0x0000024be629e780, 0x0000024be629fac0, 0x0000024be629cf70,
0x0000024be629dde0, 0x0000024be629c100, 0x0000024be629ff90, 0x0000024be629c5d0,
0x0000024be62a3950, 0x0000024be62a0e00, 0x0000024be62a1c70, 0x0000024be62a2140,
0x0000024be62a0460, 0x0000024be62a0930, 0x0000024be62a2ae0, 0x0000024be62a2610,
0x0000024be62a2fb0, 0x0000024be62a3480, 0x0000024be62a12d0, 0x0000024be62a17a0,
0x0000024be0bb20d0, 0x0000024be07c2b30, 0x0000024be469f5f0, 0x0000024be469e780,
0x0000024be469fac0, 0x0000024be469ec50, 0x0000024be469ff90, 0x0000024be46a0460,
0x0000024be469dde0, 0x0000024be469d440, 0x0000024be469caa0, 0x0000024be46a0930,
0x0000024be469cf70, 0x0000024be46a0e00, 0x0000024be46a12d0, 0x0000024be469f120,
0x0000024be469d910, 0x0000024be46a17a0, 0x0000024be46a1c70, 0x0000024be469e2b0,
0x0000024be46a5630, 0x0000024be46a5b00, 0x0000024be46a42f0
}

Java Threads: ( => current thread )
  0x0000024bc1618ce0 JavaThread "main" [_thread_blocked, id=23004, stack(0x000000a070d00000,0x000000a070e00000)]
  0x0000024bdc893250 JavaThread "Reference Handler" daemon [_thread_blocked, id=18764, stack(0x000000a071400000,0x000000a071500000)]
  0x0000024bdc893920 JavaThread "Finalizer" daemon [_thread_blocked, id=3244, stack(0x000000a071500000,0x000000a071600000)]
  0x0000024bdc8b2210 JavaThread "Signal Dispatcher" daemon [_thread_blocked, id=19896, stack(0x000000a071600000,0x000000a071700000)]
  0x0000024bdc8b26e0 JavaThread "Attach Listener" daemon [_thread_blocked, id=6088, stack(0x000000a071700000,0x000000a071800000)]
  0x0000024bdc8b2bb0 JavaThread "Service Thread" daemon [_thread_blocked, id=1848, stack(0x000000a071800000,0x000000a071900000)]
  0x0000024bdc8c1440 JavaThread "Monitor Deflation Thread" daemon [_thread_blocked, id=15788, stack(0x000000a071900000,0x000000a071a00000)]
  0x0000024bdc8c6460 JavaThread "C2 CompilerThread0" daemon [_thread_blocked, id=15436, stack(0x000000a071a00000,0x000000a071b00000)]
  0x0000024bdc8c6970 JavaThread "C1 CompilerThread0" daemon [_thread_blocked, id=6136, stack(0x000000a071b00000,0x000000a071c00000)]
  0x0000024bdc8c6e80 JavaThread "Sweeper thread" daemon [_thread_blocked, id=11636, stack(0x000000a071c00000,0x000000a071d00000)]
  0x0000024bdca3a1c0 JavaThread "C1 CompilerThread1" daemon [_thread_blocked, id=21972, stack(0x000000a071d00000,0x000000a071e00000)]
  0x0000024bdca60cf0 JavaThread "C1 CompilerThread2" daemon [_thread_blocked, id=23536, stack(0x000000a071e00000,0x000000a071f00000)]
  0x0000024bdca79250 JavaThread "Common-Cleaner" daemon [_thread_blocked, id=23256, stack(0x000000a071f00000,0x000000a072000000)]
  0x0000024bdca79720 JavaThread "Notification Thread" daemon [_thread_blocked, id=4364, stack(0x000000a072000000,0x000000a072100000)]
  0x0000024bdce4ab20 JavaThread "C2 CompilerThread1" daemon [_thread_blocked, id=18880, stack(0x000000a072200000,0x000000a072300000)]
  0x0000024bddab1480 JavaThread "C1 CompilerThread3" daemon [_thread_blocked, id=8040, stack(0x000000a072900000,0x000000a072a00000)]
  0x0000024bdf08d5d0 JavaThread "Daemon health stats" [_thread_blocked, id=5944, stack(0x000000a072a00000,0x000000a072b00000)]
  0x0000024bdf993070 JavaThread "Incoming local TCP Connector on port 61951" [_thread_in_native, id=18204, stack(0x000000a072b00000,0x000000a072c00000)]
  0x0000024bdf078220 JavaThread "Daemon periodic checks" [_thread_blocked, id=18304, stack(0x000000a072c00000,0x000000a072d00000)]
  0x0000024bdd83fa50 JavaThread "Daemon" [_thread_blocked, id=2388, stack(0x000000a072d00000,0x000000a072e00000)]
  0x0000024bdf2a7030 JavaThread "Handler for socket connection from /127.0.0.1:61951 to /127.0.0.1:61952" [_thread_in_native, id=9956, stack(0x000000a072e00000,0x000000a072f00000)]
  0x0000024bdfc60080 JavaThread "Cancel handler" [_thread_blocked, id=10192, stack(0x000000a072f00000,0x000000a073000000)]
  0x0000024bdfadbb20 JavaThread "Daemon worker" [_thread_blocked, id=12488, stack(0x000000a073000000,0x000000a073100000)]
  0x0000024bdf6b1ff0 JavaThread "Asynchronous log dispatcher for DefaultDaemonConnection: socket connection from /127.0.0.1:61951 to /127.0.0.1:61952" [_thread_blocked, id=16696, stack(0x000000a073100000,0x000000a073200000)]
  0x0000024bdf6b24c0 JavaThread "Stdin handler" [_thread_blocked, id=8380, stack(0x000000a073200000,0x000000a073300000)]
  0x0000024bdf6b3800 JavaThread "Daemon client event forwarder" [_thread_blocked, id=22736, stack(0x000000a073300000,0x000000a073400000)]
  0x0000024bdf6b3cd0 JavaThread "Cache worker for journal cache (C:\Users\shuik\Desktop\Android Studio\Sdk\caches\journal-1)" [_thread_blocked, id=17200, stack(0x000000a073c00000,0x000000a073d00000)]
  0x0000024bdf6b3330 JavaThread "File lock request listener" [_thread_in_native, id=15572, stack(0x000000a073d00000,0x000000a073e00000)]
  0x0000024bdf6b5010 JavaThread "Cache worker for file hash cache (C:\Users\shuik\Desktop\Android Studio\Sdk\caches\8.0\fileHashes)" [_thread_blocked, id=17856, stack(0x000000a073e00000,0x000000a073f00000)]
  0x0000024be00bfac0 JavaThread "C2 CompilerThread2" daemon [_thread_blocked, id=13744, stack(0x000000a073f00000,0x000000a074000000)]
  0x0000024bdf6b2990 JavaThread "File watcher server" daemon [_thread_blocked, id=14648, stack(0x000000a074000000,0x000000a074100000)]
  0x0000024bdf6b41a0 JavaThread "File watcher consumer" daemon [_thread_blocked, id=18416, stack(0x000000a074100000,0x000000a074200000)]
  0x0000024bdf6b1b20 JavaThread "Cache worker for checksums cache (C:\Users\shuik\Documents\GitHub\Ovulitos\Android_Ovulitos\.gradle\8.0\checksums)" [_thread_blocked, id=1916, stack(0x000000a074200000,0x000000a074300000)]
  0x0000024bdf6b4b40 JavaThread "Cache worker for cache directory md-rule (C:\Users\shuik\Desktop\Android Studio\Sdk\caches\8.0\md-rule)" [_thread_blocked, id=21952, stack(0x000000a074300000,0x000000a074400000)]
  0x0000024bdf6b1650 JavaThread "Cache worker for file content cache (C:\Users\shuik\Desktop\Android Studio\Sdk\caches\8.0\fileContent)" [_thread_blocked, id=22868, stack(0x000000a074400000,0x000000a074500000)]
  0x0000024be0baf580 JavaThread "Cache worker for file hash cache (C:\Users\shuik\Documents\GitHub\Ovulitos\Android_Ovulitos\.gradle\8.0\fileHashes)" [_thread_blocked, id=19436, stack(0x000000a074500000,0x000000a074600000)]
  0x0000024be0baebe0 JavaThread "Cache worker for cache directory md-supplier (C:\Users\shuik\Desktop\Android Studio\Sdk\caches\8.0\md-supplier)" [_thread_blocked, id=15736, stack(0x000000a074600000,0x000000a074700000)]
  0x0000024be0bafa50 JavaThread "Cache worker for execution history cache (C:\Users\shuik\Desktop\Android Studio\Sdk\caches\8.0\executionHistory)" [_thread_blocked, id=12412, stack(0x000000a074700000,0x000000a074800000)]
  0x0000024be0bb03f0 JavaThread "jar transforms" [_thread_blocked, id=19404, stack(0x000000a074800000,0x000000a074900000)]
  0x0000024be0bb0d90 JavaThread "jar transforms Thread 2" [_thread_blocked, id=7156, stack(0x000000a074900000,0x000000a074a00000)]
  0x0000024be0bae240 JavaThread "Cache worker for kotlin-dsl (C:\Users\shuik\Desktop\Android Studio\Sdk\caches\8.0\kotlin-dsl)" [_thread_blocked, id=22268, stack(0x000000a074c00000,0x000000a074d00000)]
  0x0000024be0baf0b0 JavaThread "jar transforms Thread 3" [_thread_blocked, id=19964, stack(0x000000a074d00000,0x000000a074e00000)]
  0x0000024be0bb4c20 JavaThread "jar transforms Thread 4" [_thread_blocked, id=14692, stack(0x000000a074e00000,0x000000a074f00000)]
  0x0000024be0bb38e0 JavaThread "Cache worker for dependencies-accessors (C:\Users\shuik\Documents\GitHub\Ovulitos\Android_Ovulitos\.gradle\8.0\dependencies-accessors)" [_thread_blocked, id=23156, stack(0x000000a074f00000,0x000000a075000000)]
  0x0000024be0bb4280 JavaThread "Cache worker for Build Output Cleanup Cache (C:\Users\shuik\Documents\GitHub\Ovulitos\Android_Ovulitos\.gradle\buildOutputCleanup)" [_thread_blocked, id=11012, stack(0x000000a074b00000,0x000000a074c00000)]
  0x0000024be0bb3db0 JavaThread "jar transforms Thread 5" [_thread_blocked, id=7160, stack(0x000000a075000000,0x000000a075100000)]
  0x0000024be0bb3410 JavaThread "Unconstrained build operations" [_thread_blocked, id=5588, stack(0x000000a075100000,0x000000a075200000)]
  0x0000024be0bb50f0 JavaThread "Unconstrained build operations Thread 2" [_thread_blocked, id=22192, stack(0x000000a075200000,0x000000a075300000)]
  0x0000024be0bb2f40 JavaThread "Unconstrained build operations Thread 3" [_thread_blocked, id=15740, stack(0x000000a075300000,0x000000a075400000)]
  0x0000024be0bb55c0 JavaThread "Unconstrained build operations Thread 4" [_thread_blocked, id=7544, stack(0x000000a075400000,0x000000a075500000)]
  0x0000024be0bb5a90 JavaThread "Unconstrained build operations Thread 5" [_thread_blocked, id=21156, stack(0x000000a075500000,0x000000a075600000)]
  0x0000024bdf727db0 JavaThread "Unconstrained build operations Thread 6" [_thread_blocked, id=10600, stack(0x000000a075600000,0x000000a075700000)]
  0x0000024bdf727410 JavaThread "Unconstrained build operations Thread 7" [_thread_blocked, id=4348, stack(0x000000a075700000,0x000000a075800000)]
  0x0000024bdf7278e0 JavaThread "Unconstrained build operations Thread 8" [_thread_blocked, id=16444, stack(0x000000a075800000,0x000000a075900000)]
  0x0000024bdf728280 JavaThread "Unconstrained build operations Thread 9" [_thread_blocked, id=15236, stack(0x000000a075900000,0x000000a075a00000)]
  0x0000024bdf725c00 JavaThread "Unconstrained build operations Thread 10" [_thread_blocked, id=20272, stack(0x000000a075a00000,0x000000a075b00000)]
  0x0000024bdf728c20 JavaThread "Unconstrained build operations Thread 11" [_thread_blocked, id=19788, stack(0x000000a075b00000,0x000000a075c00000)]
  0x0000024bdf728750 JavaThread "Unconstrained build operations Thread 12" [_thread_blocked, id=21456, stack(0x000000a075c00000,0x000000a075d00000)]
  0x0000024bdf7260d0 JavaThread "Unconstrained build operations Thread 13" [_thread_blocked, id=5192, stack(0x000000a075d00000,0x000000a075e00000)]
  0x0000024bdf7265a0 JavaThread "Unconstrained build operations Thread 14" [_thread_blocked, id=8964, stack(0x000000a075e00000,0x000000a075f00000)]
  0x0000024bdf726a70 JavaThread "Unconstrained build operations Thread 15" [_thread_blocked, id=18980, stack(0x000000a075f00000,0x000000a076000000)]
  0x0000024bdf726f40 JavaThread "Unconstrained build operations Thread 16" [_thread_blocked, id=13316, stack(0x000000a076000000,0x000000a076100000)]
  0x0000024bdf7290f0 JavaThread "Unconstrained build operations Thread 17" [_thread_blocked, id=11092, stack(0x000000a076100000,0x000000a076200000)]
  0x0000024bdf725730 JavaThread "Unconstrained build operations Thread 18" [_thread_blocked, id=1260, stack(0x000000a076200000,0x000000a076300000)]
  0x0000024bdf72bc40 JavaThread "Unconstrained build operations Thread 19" [_thread_blocked, id=8424, stack(0x000000a076300000,0x000000a076400000)]
  0x0000024bdf72cf80 JavaThread "Unconstrained build operations Thread 20" [_thread_blocked, id=11360, stack(0x000000a076400000,0x000000a076500000)]
  0x0000024bdf72add0 JavaThread "Unconstrained build operations Thread 21" [_thread_blocked, id=20752, stack(0x000000a076500000,0x000000a076600000)]
  0x0000024bdf7295c0 JavaThread "Unconstrained build operations Thread 22" [_thread_blocked, id=10568, stack(0x000000a076600000,0x000000a076700000)]
  0x0000024bdf72cab0 JavaThread "Unconstrained build operations Thread 23" [_thread_blocked, id=19012, stack(0x000000a076700000,0x000000a076800000)]
  0x0000024bdf729a90 JavaThread "Unconstrained build operations Thread 24" [_thread_blocked, id=2376, stack(0x000000a076800000,0x000000a076900000)]
  0x0000024bdf72c110 JavaThread "Unconstrained build operations Thread 25" [_thread_blocked, id=16596, stack(0x000000a076900000,0x000000a076a00000)]
  0x0000024bdf729f60 JavaThread "Unconstrained build operations Thread 26" [_thread_blocked, id=6084, stack(0x000000a076a00000,0x000000a076b00000)]
  0x0000024bdf72b770 JavaThread "Unconstrained build operations Thread 27" [_thread_blocked, id=22932, stack(0x000000a076b00000,0x000000a076c00000)]
  0x0000024bdf72c5e0 JavaThread "Unconstrained build operations Thread 28" [_thread_blocked, id=21556, stack(0x000000a076c00000,0x000000a076d00000)]
  0x0000024bdf72b2a0 JavaThread "Unconstrained build operations Thread 29" [_thread_blocked, id=16104, stack(0x000000a076d00000,0x000000a076e00000)]
  0x0000024bdf72a430 JavaThread "Unconstrained build operations Thread 30" [_thread_blocked, id=16468, stack(0x000000a076e00000,0x000000a076f00000)]
  0x0000024bdf72a900 JavaThread "Unconstrained build operations Thread 31" [_thread_blocked, id=4180, stack(0x000000a076f00000,0x000000a077000000)]
  0x0000024bdf679ac0 JavaThread "Unconstrained build operations Thread 32" [_thread_blocked, id=7660, stack(0x000000a077000000,0x000000a077100000)]
  0x0000024bdf67bc70 JavaThread "Unconstrained build operations Thread 33" [_thread_blocked, id=5172, stack(0x000000a077100000,0x000000a077200000)]
  0x0000024bdf67c140 JavaThread "Unconstrained build operations Thread 34" [_thread_blocked, id=16272, stack(0x000000a077200000,0x000000a077300000)]
  0x0000024bdf67cfb0 JavaThread "Unconstrained build operations Thread 35" [_thread_blocked, id=14780, stack(0x000000a077300000,0x000000a077400000)]
  0x0000024bdf67b7a0 JavaThread "Unconstrained build operations Thread 36" [_thread_blocked, id=9952, stack(0x000000a077400000,0x000000a077500000)]
  0x0000024bdf6795f0 JavaThread "Unconstrained build operations Thread 37" [_thread_blocked, id=3036, stack(0x000000a077500000,0x000000a077600000)]
  0x0000024bdf67d950 JavaThread "Unconstrained build operations Thread 38" [_thread_blocked, id=4228, stack(0x000000a077600000,0x000000a077700000)]
  0x0000024bdf67c610 JavaThread "Unconstrained build operations Thread 39" [_thread_blocked, id=7576, stack(0x000000a077700000,0x000000a077800000)]
  0x0000024bdf67ae00 JavaThread "Unconstrained build operations Thread 40" [_thread_blocked, id=13368, stack(0x000000a077800000,0x000000a077900000)]
  0x0000024bdf67cae0 JavaThread "Unconstrained build operations Thread 41" [_thread_blocked, id=1764, stack(0x000000a077900000,0x000000a077a00000)]
  0x0000024bdf67d480 JavaThread "Unconstrained build operations Thread 42" [_thread_blocked, id=19708, stack(0x000000a077a00000,0x000000a077b00000)]
  0x0000024bdf679f90 JavaThread "Unconstrained build operations Thread 43" [_thread_blocked, id=3560, stack(0x000000a077b00000,0x000000a077c00000)]
  0x0000024bdf67de20 JavaThread "Unconstrained build operations Thread 44" [_thread_blocked, id=19400, stack(0x000000a077c00000,0x000000a077d00000)]
  0x0000024bdf67a460 JavaThread "Unconstrained build operations Thread 45" [_thread_blocked, id=19260, stack(0x000000a077d00000,0x000000a077e00000)]
  0x0000024bdf67e2f0 JavaThread "Unconstrained build operations Thread 46" [_thread_blocked, id=11568, stack(0x000000a077e00000,0x000000a077f00000)]
  0x0000024bdf67a930 JavaThread "Unconstrained build operations Thread 47" [_thread_blocked, id=19512, stack(0x000000a077f00000,0x000000a078000000)]
  0x0000024bdf67e7c0 JavaThread "Unconstrained build operations Thread 48" [_thread_blocked, id=17152, stack(0x000000a078000000,0x000000a078100000)]
  0x0000024bdf67ec90 JavaThread "Unconstrained build operations Thread 49" [_thread_blocked, id=18064, stack(0x000000a078100000,0x000000a078200000)]
  0x0000024bdf67b2d0 JavaThread "Unconstrained build operations Thread 50" [_thread_blocked, id=8976, stack(0x000000a078200000,0x000000a078300000)]
  0x0000024bdf6804a0 JavaThread "Unconstrained build operations Thread 51" [_thread_blocked, id=10104, stack(0x000000a078300000,0x000000a078400000)]
  0x0000024bdf67fb00 JavaThread "Unconstrained build operations Thread 52" [_thread_blocked, id=12272, stack(0x000000a078400000,0x000000a078500000)]
  0x0000024bdf67f160 JavaThread "Unconstrained build operations Thread 53" [_thread_blocked, id=12860, stack(0x000000a078500000,0x000000a078600000)]
  0x0000024bdf680970 JavaThread "Unconstrained build operations Thread 54" [_thread_blocked, id=17992, stack(0x000000a078600000,0x000000a078700000)]
  0x0000024bdf67f630 JavaThread "Unconstrained build operations Thread 55" [_thread_blocked, id=15776, stack(0x000000a078700000,0x000000a078800000)]
  0x0000024bdf680e40 JavaThread "Unconstrained build operations Thread 56" [_thread_blocked, id=3708, stack(0x000000a078800000,0x000000a078900000)]
  0x0000024bdf67ffd0 JavaThread "Unconstrained build operations Thread 57" [_thread_blocked, id=10348, stack(0x000000a078900000,0x000000a078a00000)]
  0x0000024bdf125780 JavaThread "Unconstrained build operations Thread 58" [_thread_blocked, id=7384, stack(0x000000a078a00000,0x000000a078b00000)]
  0x0000024bdf124440 JavaThread "Unconstrained build operations Thread 59" [_thread_blocked, id=7624, stack(0x000000a078b00000,0x000000a078c00000)]
  0x0000024bdf124de0 JavaThread "Unconstrained build operations Thread 60" [_thread_blocked, id=1612, stack(0x000000a078c00000,0x000000a078d00000)]
  0x0000024bdf121dc0 JavaThread "Unconstrained build operations Thread 61" [_thread_blocked, id=23336, stack(0x000000a078d00000,0x000000a078e00000)]
  0x0000024bdf122290 JavaThread "Unconstrained build operations Thread 62" [_thread_blocked, id=10980, stack(0x000000a078e00000,0x000000a078f00000)]
  0x0000024bdf125c50 JavaThread "Unconstrained build operations Thread 63" [_thread_blocked, id=4224, stack(0x000000a078f00000,0x000000a079000000)]
  0x0000024bdf123100 JavaThread "Unconstrained build operations Thread 64" [_thread_blocked, id=8584, stack(0x000000a079000000,0x000000a079100000)]
  0x0000024bdf122c30 JavaThread "Unconstrained build operations Thread 65" [_thread_blocked, id=14680, stack(0x000000a079100000,0x000000a079200000)]
  0x0000024bdf1235d0 JavaThread "Unconstrained build operations Thread 66" [_thread_blocked, id=9316, stack(0x000000a079200000,0x000000a079300000)]
  0x0000024bdf123aa0 JavaThread "Unconstrained build operations Thread 67" [_thread_blocked, id=13736, stack(0x000000a079300000,0x000000a079400000)]
  0x0000024bdf126120 JavaThread "Unconstrained build operations Thread 68" [_thread_blocked, id=11536, stack(0x000000a079400000,0x000000a079500000)]
  0x0000024bdf122760 JavaThread "Unconstrained build operations Thread 69" [_thread_blocked, id=16872, stack(0x000000a079500000,0x000000a079600000)]
  0x0000024bdf123f70 JavaThread "Unconstrained build operations Thread 70" [_thread_blocked, id=21840, stack(0x000000a079600000,0x000000a079700000)]
  0x0000024bdf127460 JavaThread "Unconstrained build operations Thread 71" [_thread_blocked, id=5152, stack(0x000000a079700000,0x000000a079800000)]
  0x0000024bdf127930 JavaThread "Unconstrained build operations Thread 72" [_thread_blocked, id=5296, stack(0x000000a079800000,0x000000a079900000)]
  0x0000024bdf126f90 JavaThread "Unconstrained build operations Thread 73" [_thread_blocked, id=7032, stack(0x000000a079900000,0x000000a079a00000)]
  0x0000024bdf1265f0 JavaThread "Unconstrained build operations Thread 74" [_thread_blocked, id=20924, stack(0x000000a079a00000,0x000000a079b00000)]
  0x0000024bdf1252b0 JavaThread "Unconstrained build operations Thread 75" [_thread_blocked, id=7796, stack(0x000000a079b00000,0x000000a079c00000)]
  0x0000024bdf127e00 JavaThread "Unconstrained build operations Thread 76" [_thread_blocked, id=5800, stack(0x000000a079c00000,0x000000a079d00000)]
  0x0000024bdf126ac0 JavaThread "Unconstrained build operations Thread 77" [_thread_blocked, id=17304, stack(0x000000a079d00000,0x000000a079e00000)]
  0x0000024bdf1282d0 JavaThread "Unconstrained build operations Thread 78" [_thread_blocked, id=3248, stack(0x000000a079e00000,0x000000a079f00000)]
  0x0000024bdf124910 JavaThread "Unconstrained build operations Thread 79" [_thread_blocked, id=9644, stack(0x000000a079f00000,0x000000a07a000000)]
  0x0000024bdf1287a0 JavaThread "Unconstrained build operations Thread 80" [_thread_blocked, id=13620, stack(0x000000a07a000000,0x000000a07a100000)]
  0x0000024bdf128c70 JavaThread "Unconstrained build operations Thread 81" [_thread_blocked, id=15756, stack(0x000000a07a100000,0x000000a07a200000)]
  0x0000024bdf129140 JavaThread "Unconstrained build operations Thread 82" [_thread_blocked, id=16480, stack(0x000000a07a200000,0x000000a07a300000)]
  0x0000024bdf129610 JavaThread "Unconstrained build operations Thread 83" [_thread_blocked, id=17460, stack(0x000000a07a300000,0x000000a07a400000)]
  0x0000024bdf1d2eb0 JavaThread "Unconstrained build operations Thread 84" [_thread_blocked, id=11848, stack(0x000000a07a400000,0x000000a07a500000)]
  0x0000024bdf1d0360 JavaThread "Unconstrained build operations Thread 85" [_thread_blocked, id=12616, stack(0x000000a07a500000,0x000000a07a600000)]
  0x0000024bdf1d1b70 JavaThread "Unconstrained build operations Thread 86" [_thread_blocked, id=18596, stack(0x000000a07a600000,0x000000a07a700000)]
  0x0000024bdf1d2040 JavaThread "Unconstrained build operations Thread 87" [_thread_blocked, id=21912, stack(0x000000a07a700000,0x000000a07a800000)]
  0x0000024bdf1d3380 JavaThread "Unconstrained build operations Thread 88" [_thread_blocked, id=18696, stack(0x000000a07a800000,0x000000a07a900000)]
  0x0000024bdf1cfe90 JavaThread "Unconstrained build operations Thread 89" [_thread_blocked, id=8116, stack(0x000000a07a900000,0x000000a07aa00000)]
  0x0000024bdf1d29e0 JavaThread "Unconstrained build operations Thread 90" [_thread_blocked, id=14960, stack(0x000000a07aa00000,0x000000a07ab00000)]
  0x0000024bdf1d2510 JavaThread "Unconstrained build operations Thread 91" [_thread_blocked, id=1140, stack(0x000000a07ab00000,0x000000a07ac00000)]
  0x0000024bdf1d3850 JavaThread "Unconstrained build operations Thread 92" [_thread_blocked, id=17940, stack(0x000000a07ac00000,0x000000a07ad00000)]
  0x0000024bdf1d41f0 JavaThread "Unconstrained build operations Thread 93" [_thread_blocked, id=10668, stack(0x000000a07ad00000,0x000000a07ae00000)]
  0x0000024bdf1d3d20 JavaThread "Unconstrained build operations Thread 94" [_thread_blocked, id=1724, stack(0x000000a07ae00000,0x000000a07af00000)]
  0x0000024bdf1d11d0 JavaThread "Unconstrained build operations Thread 95" [_thread_blocked, id=11784, stack(0x000000a07af00000,0x000000a07b000000)]
  0x0000024bdf1d0830 JavaThread "Unconstrained build operations Thread 96" [_thread_blocked, id=22580, stack(0x000000a07b000000,0x000000a07b100000)]
  0x0000024bdf1d46c0 JavaThread "Unconstrained build operations Thread 97" [_thread_blocked, id=4160, stack(0x000000a07b100000,0x000000a07b200000)]
  0x0000024bdf1d0d00 JavaThread "Unconstrained build operations Thread 98" [_thread_blocked, id=16828, stack(0x000000a07b200000,0x000000a07b300000)]
  0x0000024bdf1d5060 JavaThread "Unconstrained build operations Thread 99" [_thread_blocked, id=12900, stack(0x000000a07b300000,0x000000a07b400000)]
  0x0000024bdf1d6d40 JavaThread "Unconstrained build operations Thread 100" [_thread_blocked, id=12248, stack(0x000000a07b400000,0x000000a07b500000)]
  0x0000024bdf1d16a0 JavaThread "Unconstrained build operations Thread 101" [_thread_blocked, id=6872, stack(0x000000a07b500000,0x000000a07b600000)]
  0x0000024bdf1d7210 JavaThread "Unconstrained build operations Thread 102" [_thread_blocked, id=6636, stack(0x000000a07b600000,0x000000a07b700000)]
  0x0000024bdf1d4b90 JavaThread "Unconstrained build operations Thread 103" [_thread_blocked, id=19264, stack(0x000000a07b700000,0x000000a07b800000)]
  0x0000024bdf1d5a00 JavaThread "Unconstrained build operations Thread 104" [_thread_blocked, id=19524, stack(0x000000a07b800000,0x000000a07b900000)]
  0x0000024bdf1d5ed0 JavaThread "Unconstrained build operations Thread 105" [_thread_blocked, id=1372, stack(0x000000a07b900000,0x000000a07ba00000)]
  0x0000024bdf1d76e0 JavaThread "Unconstrained build operations Thread 106" [_thread_blocked, id=16376, stack(0x000000a07ba00000,0x000000a07bb00000)]
  0x0000024bdf1d5530 JavaThread "Unconstrained build operations Thread 107" [_thread_blocked, id=21852, stack(0x000000a07bb00000,0x000000a07bc00000)]
  0x0000024bdf1d63a0 JavaThread "Unconstrained build operations Thread 108" [_thread_blocked, id=20952, stack(0x000000a07bc00000,0x000000a07bd00000)]
  0x0000024bdf1d6870 JavaThread "Unconstrained build operations Thread 109" [_thread_blocked, id=20868, stack(0x000000a07bd00000,0x000000a07be00000)]
  0x0000024bdf232fe0 JavaThread "Unconstrained build operations Thread 110" [_thread_blocked, id=16564, stack(0x000000a07be00000,0x000000a07bf00000)]
  0x0000024bdf234320 JavaThread "Unconstrained build operations Thread 111" [_thread_blocked, id=7996, stack(0x000000a07bf00000,0x000000a07c000000)]
  0x0000024bdf235b30 JavaThread "Unconstrained build operations Thread 112" [_thread_blocked, id=17148, stack(0x000000a07c000000,0x000000a07c100000)]
  0x0000024bdf232170 JavaThread "Unconstrained build operations Thread 113" [_thread_blocked, id=2180, stack(0x000000a07c100000,0x000000a07c200000)]
  0x0000024bdf2334b0 JavaThread "Unconstrained build operations Thread 114" [_thread_blocked, id=14240, stack(0x000000a07c200000,0x000000a07c300000)]
  0x0000024bdf2347f0 JavaThread "Unconstrained build operations Thread 115" [_thread_blocked, id=2312, stack(0x000000a07c300000,0x000000a07c400000)]
  0x0000024bdf235190 JavaThread "Unconstrained build operations Thread 116" [_thread_blocked, id=8340, stack(0x000000a07c400000,0x000000a07c500000)]
  0x0000024bdf234cc0 JavaThread "Unconstrained build operations Thread 117" [_thread_blocked, id=19388, stack(0x000000a07c500000,0x000000a07c600000)]
  0x0000024bdf235660 JavaThread "Unconstrained build operations Thread 118" [_thread_blocked, id=21104, stack(0x000000a07c600000,0x000000a07c700000)]
  0x0000024bdf233980 JavaThread "Unconstrained build operations Thread 119" [_thread_blocked, id=7336, stack(0x000000a07c700000,0x000000a07c800000)]
  0x0000024bdf232640 JavaThread "Unconstrained build operations Thread 120" [_thread_blocked, id=3288, stack(0x000000a07c800000,0x000000a07c900000)]
  0x0000024bdf233e50 JavaThread "Unconstrained build operations Thread 121" [_thread_blocked, id=8056, stack(0x000000a07c900000,0x000000a07ca00000)]
  0x0000024bdf2364d0 JavaThread "Unconstrained build operations Thread 122" [_thread_blocked, id=9176, stack(0x000000a07ca00000,0x000000a07cb00000)]
  0x0000024bdf236000 JavaThread "Unconstrained build operations Thread 123" [_thread_blocked, id=15660, stack(0x000000a07cb00000,0x000000a07cc00000)]
  0x0000024bdf232b10 JavaThread "Unconstrained build operations Thread 124" [_thread_blocked, id=14044, stack(0x000000a07cc00000,0x000000a07cd00000)]
  0x0000024bdf237810 JavaThread "Unconstrained build operations Thread 125" [_thread_blocked, id=22460, stack(0x000000a07cd00000,0x000000a07ce00000)]
  0x0000024bdf2369a0 JavaThread "jar transforms Thread 6" [_thread_blocked, id=6980, stack(0x000000a07cf00000,0x000000a07d000000)]
  0x0000024bdf2394f0 JavaThread "jar transforms Thread 7" [_thread_blocked, id=22108, stack(0x000000a07d000000,0x000000a07d100000)]
  0x0000024bdf236e70 JavaThread "jar transforms Thread 8" [_thread_blocked, id=6300, stack(0x000000a07d100000,0x000000a07d200000)]
  0x0000024bdf237340 JavaThread "jar transforms Thread 9" [_thread_blocked, id=14872, stack(0x000000a07d200000,0x000000a07d300000)]
  0x0000024bdf237ce0 JavaThread "jar transforms Thread 10" [_thread_blocked, id=7340, stack(0x000000a07d300000,0x000000a07d400000)]
  0x0000024bdf2381b0 JavaThread "jar transforms Thread 11" [_thread_blocked, id=6048, stack(0x000000a07d400000,0x000000a07d500000)]
  0x0000024bdf238680 JavaThread "jar transforms Thread 12" [_thread_blocked, id=14160, stack(0x000000a07d500000,0x000000a07d600000)]
  0x0000024bdf238b50 JavaThread "jar transforms Thread 13" [_thread_blocked, id=10160, stack(0x000000a07d600000,0x000000a07d700000)]
  0x0000024bdf239020 JavaThread "jar transforms Thread 14" [_thread_blocked, id=12148, stack(0x000000a07d700000,0x000000a07d800000)]
  0x0000024bdf2399c0 JavaThread "jar transforms Thread 15" [_thread_blocked, id=21940, stack(0x000000a07d800000,0x000000a07d900000)]
  0x0000024be07c0e50 JavaThread "jar transforms Thread 16" [_thread_blocked, id=10656, stack(0x000000a07d900000,0x000000a07da00000)]
  0x0000024be07c17f0 JavaThread "build event listener" [_thread_blocked, id=11580, stack(0x000000a07da00000,0x000000a07db00000)]
  0x0000024be07c1cc0 JavaThread "Memory manager" [_thread_blocked, id=1488, stack(0x000000a07db00000,0x000000a07dc00000)]
  0x0000024be1c26890 JavaThread "C2 CompilerThread3" daemon [_thread_blocked, id=12832, stack(0x000000a074a00000,0x000000a074b00000)]
  0x0000024be1c2aa60 JavaThread "C2 CompilerThread4" daemon [_thread_blocked, id=6868, stack(0x000000a07ce00000,0x000000a07cf00000)]
  0x0000024be1c29b30 JavaThread "C2 CompilerThread5" daemon [_thread_blocked, id=7228, stack(0x000000a07dc00000,0x000000a07dd00000)]
  0x0000024be1c29110 JavaThread "C2 CompilerThread6" daemon [_thread_blocked, id=4136, stack(0x000000a07dd00000,0x000000a07de00000)]
  0x0000024be1c2af70 JavaThread "C2 CompilerThread7" daemon [_thread_blocked, id=21020, stack(0x000000a07de00000,0x000000a07df00000)]
  0x0000024be07c64f0 JavaThread "pool-3-thread-1" [_thread_blocked, id=15068, stack(0x000000a07df00000,0x000000a07e000000)]
  0x0000024be07c4ce0 JavaThread "build event listener" [_thread_blocked, id=19472, stack(0x000000a07e000000,0x000000a07e100000)]
  0x0000024be07c51b0 JavaThread "included builds" [_thread_blocked, id=15152, stack(0x000000a07e100000,0x000000a07e200000)]
  0x0000024be07c5680 JavaThread "Execution worker" [_thread_blocked, id=14204, stack(0x000000a07e200000,0x000000a07e300000)]
  0x0000024be07c5b50 JavaThread "Execution worker Thread 2" [_thread_blocked, id=12428, stack(0x000000a07e300000,0x000000a07e400000)]
  0x0000024be07c6020 JavaThread "Execution worker Thread 3" [_thread_blocked, id=2888, stack(0x000000a07e400000,0x000000a07e500000)]
  0x0000024be0bb08c0 JavaThread "Execution worker Thread 4" [_thread_blocked, id=12600, stack(0x000000a07e500000,0x000000a07e600000)]
  0x0000024be629ec50 JavaThread "Execution worker Thread 5" [_thread_blocked, id=15044, stack(0x000000a07e600000,0x000000a07e700000)]
  0x0000024be629f5f0 JavaThread "Execution worker Thread 6" [_thread_blocked, id=23188, stack(0x000000a07e700000,0x000000a07e800000)]
  0x0000024be629d440 JavaThread "Execution worker Thread 7" [_thread_blocked, id=14628, stack(0x000000a07e800000,0x000000a07e900000)]
  0x0000024be629d910 JavaThread "Execution worker Thread 8" [_thread_blocked, id=21584, stack(0x000000a07e900000,0x000000a07ea00000)]
  0x0000024be629caa0 JavaThread "Execution worker Thread 9" [_thread_blocked, id=15020, stack(0x000000a07ea00000,0x000000a07eb00000)]
  0x0000024be629e780 JavaThread "Execution worker Thread 10" [_thread_blocked, id=1952, stack(0x000000a07eb00000,0x000000a07ec00000)]
  0x0000024be629fac0 JavaThread "Execution worker Thread 11" [_thread_blocked, id=16884, stack(0x000000a07ec00000,0x000000a07ed00000)]
  0x0000024be629cf70 JavaThread "Execution worker Thread 12" [_thread_blocked, id=10268, stack(0x000000a07ed00000,0x000000a07ee00000)]
  0x0000024be629dde0 JavaThread "Execution worker Thread 13" [_thread_blocked, id=5376, stack(0x000000a07ee00000,0x000000a07ef00000)]
  0x0000024be629c100 JavaThread "Execution worker Thread 14" [_thread_blocked, id=20176, stack(0x000000a07ef00000,0x000000a07f000000)]
  0x0000024be629ff90 JavaThread "Execution worker Thread 15" [_thread_blocked, id=11808, stack(0x000000a07f000000,0x000000a07f100000)]
  0x0000024be629c5d0 JavaThread "Cache worker for execution history cache (C:\Users\shuik\Documents\GitHub\Ovulitos\Android_Ovulitos\.gradle\8.0\executionHistory)" [_thread_blocked, id=18212, stack(0x000000a07f100000,0x000000a07f200000)]
  0x0000024be62a3950 JavaThread "Unconstrained build operations Thread 126" [_thread_blocked, id=15620, stack(0x000000a07f200000,0x000000a07f300000)]
  0x0000024be62a0e00 JavaThread "Unconstrained build operations Thread 127" [_thread_blocked, id=22536, stack(0x000000a07f300000,0x000000a07f400000)]
  0x0000024be62a1c70 JavaThread "Unconstrained build operations Thread 128" [_thread_blocked, id=22392, stack(0x000000a07f400000,0x000000a07f500000)]
  0x0000024be62a2140 JavaThread "Unconstrained build operations Thread 129" [_thread_blocked, id=21116, stack(0x000000a07f500000,0x000000a07f600000)]
  0x0000024be62a0460 JavaThread "Unconstrained build operations Thread 130" [_thread_blocked, id=3356, stack(0x000000a07f600000,0x000000a07f700000)]
  0x0000024be62a0930 JavaThread "Unconstrained build operations Thread 131" [_thread_blocked, id=20860, stack(0x000000a07f700000,0x000000a07f800000)]
  0x0000024be62a2ae0 JavaThread "Unconstrained build operations Thread 132" [_thread_blocked, id=14196, stack(0x000000a07f800000,0x000000a07f900000)]
  0x0000024be62a2610 JavaThread "Unconstrained build operations Thread 133" [_thread_blocked, id=4176, stack(0x000000a07f900000,0x000000a07fa00000)]
  0x0000024be62a2fb0 JavaThread "Unconstrained build operations Thread 134" [_thread_blocked, id=16732, stack(0x000000a07fa00000,0x000000a07fb00000)]
  0x0000024be62a3480 JavaThread "Unconstrained build operations Thread 135" [_thread_blocked, id=19328, stack(0x000000a07fb00000,0x000000a07fc00000)]
  0x0000024be62a12d0 JavaThread "Unconstrained build operations Thread 136" [_thread_blocked, id=13156, stack(0x000000a07fc00000,0x000000a07fd00000)]
  0x0000024be62a17a0 JavaThread "Unconstrained build operations Thread 137" [_thread_blocked, id=7184, stack(0x000000a07fd00000,0x000000a07fe00000)]
  0x0000024be0bb20d0 JavaThread "Unconstrained build operations Thread 138" [_thread_blocked, id=6964, stack(0x000000a07fe00000,0x000000a07ff00000)]
  0x0000024be07c2b30 JavaThread "Unconstrained build operations Thread 139" [_thread_blocked, id=2840, stack(0x000000a07ff00000,0x000000a080000000)]
  0x0000024be469f5f0 JavaThread "Unconstrained build operations Thread 140" [_thread_blocked, id=18680, stack(0x000000a000000000,0x000000a000100000)]
  0x0000024be469e780 JavaThread "Unconstrained build operations Thread 141" [_thread_blocked, id=23456, stack(0x000000a000100000,0x000000a000200000)]
  0x0000024be469fac0 JavaThread "Unconstrained build operations Thread 142" [_thread_blocked, id=14976, stack(0x000000a000200000,0x000000a000300000)]
  0x0000024be469ec50 JavaThread "Unconstrained build operations Thread 143" [_thread_blocked, id=16408, stack(0x000000a000300000,0x000000a000400000)]
  0x0000024be469ff90 JavaThread "Unconstrained build operations Thread 144" [_thread_blocked, id=19920, stack(0x000000a000400000,0x000000a000500000)]
  0x0000024be46a0460 JavaThread "Unconstrained build operations Thread 145" [_thread_blocked, id=22952, stack(0x000000a000500000,0x000000a000600000)]
  0x0000024be469dde0 JavaThread "Unconstrained build operations Thread 146" [_thread_blocked, id=22060, stack(0x000000a000600000,0x000000a000700000)]
  0x0000024be469d440 JavaThread "Unconstrained build operations Thread 147" [_thread_blocked, id=15900, stack(0x000000a000700000,0x000000a000800000)]
  0x0000024be469caa0 JavaThread "Unconstrained build operations Thread 148" [_thread_blocked, id=23296, stack(0x000000a000800000,0x000000a000900000)]
  0x0000024be46a0930 JavaThread "Unconstrained build operations Thread 149" [_thread_blocked, id=20712, stack(0x000000a000900000,0x000000a000a00000)]
  0x0000024be469cf70 JavaThread "Unconstrained build operations Thread 150" [_thread_blocked, id=7360, stack(0x000000a000c00000,0x000000a000d00000)]
  0x0000024be46a0e00 JavaThread "Unconstrained build operations Thread 151" [_thread_blocked, id=16248, stack(0x000000a000d00000,0x000000a000e00000)]
  0x0000024be46a12d0 JavaThread "Unconstrained build operations Thread 152" [_thread_blocked, id=7288, stack(0x000000a000e00000,0x000000a000f00000)]
  0x0000024be469f120 JavaThread "Unconstrained build operations Thread 153" [_thread_blocked, id=20740, stack(0x000000a000f00000,0x000000a001000000)]
  0x0000024be469d910 JavaThread "Unconstrained build operations Thread 154" [_thread_blocked, id=17012, stack(0x000000a001000000,0x000000a001100000)]
  0x0000024be46a17a0 JavaThread "Unconstrained build operations Thread 155" [_thread_blocked, id=12960, stack(0x000000a001100000,0x000000a001200000)]
  0x0000024be46a1c70 JavaThread "Unconstrained build operations Thread 156" [_thread_blocked, id=17684, stack(0x000000a001200000,0x000000a001300000)]
  0x0000024be469e2b0 JavaThread "Unconstrained build operations Thread 157" [_thread_blocked, id=17628, stack(0x000000a001300000,0x000000a001400000)]
  0x0000024be46a5630 JavaThread "Unconstrained build operations Thread 158" [_thread_blocked, id=9072, stack(0x000000a001400000,0x000000a001500000)]
  0x0000024be46a5b00 JavaThread "Unconstrained build operations Thread 159" [_thread_blocked, id=1580, stack(0x000000a001500000,0x000000a001600000)]
  0x0000024be46a42f0 JavaThread "Unconstrained build operations Thread 160" [_thread_blocked, id=19832, stack(0x000000a001600000,0x000000a001700000)]

Other Threads:
=>0x0000024bdc87ed70 VMThread "VM Thread" [stack: 0x000000a071300000,0x000000a071400000] [id=1264]
  0x0000024bc16c97a0 WatcherThread [stack: 0x000000a072100000,0x000000a072200000] [id=11044]
  0x0000024bc16752b0 GCTaskThread "GC Thread#0" [stack: 0x000000a070e00000,0x000000a070f00000] [id=2496]
  0x0000024bde1409f0 GCTaskThread "GC Thread#1" [stack: 0x000000a072400000,0x000000a072500000] [id=13464]
  0x0000024bde13c560 GCTaskThread "GC Thread#2" [stack: 0x000000a072500000,0x000000a072600000] [id=16080]
  0x0000024bdd9dd640 GCTaskThread "GC Thread#3" [stack: 0x000000a072600000,0x000000a072700000] [id=7124]
  0x0000024bdd9dd8f0 GCTaskThread "GC Thread#4" [stack: 0x000000a072700000,0x000000a072800000] [id=12360]
  0x0000024bdda85a40 GCTaskThread "GC Thread#5" [stack: 0x000000a072800000,0x000000a072900000] [id=11968]
  0x0000024bdf4740f0 GCTaskThread "GC Thread#6" [stack: 0x000000a072300000,0x000000a072400000] [id=20788]
  0x0000024bdf4743a0 GCTaskThread "GC Thread#7" [stack: 0x000000a073400000,0x000000a073500000] [id=15140]
  0x0000024bdfc00d40 GCTaskThread "GC Thread#8" [stack: 0x000000a073500000,0x000000a073600000] [id=20008]
  0x0000024bdfc00ff0 GCTaskThread "GC Thread#9" [stack: 0x000000a073600000,0x000000a073700000] [id=12836]
  0x0000024bddd8fc10 GCTaskThread "GC Thread#10" [stack: 0x000000a073700000,0x000000a073800000] [id=8384]
  0x0000024bddd8f6b0 GCTaskThread "GC Thread#11" [stack: 0x000000a073800000,0x000000a073900000] [id=16100]
  0x0000024bddd8fec0 GCTaskThread "GC Thread#12" [stack: 0x000000a073900000,0x000000a073a00000] [id=11912]
  0x0000024bc16c4010 ConcurrentGCThread "G1 Main Marker" [stack: 0x000000a070f00000,0x000000a071000000] [id=6388]
  0x0000024bc16c57e0 ConcurrentGCThread "G1 Conc#0" [stack: 0x000000a071000000,0x000000a071100000] [id=8816]
  0x0000024bddd90170 ConcurrentGCThread "G1 Conc#1" [stack: 0x000000a073a00000,0x000000a073b00000] [id=17512]
  0x0000024bddd8f960 ConcurrentGCThread "G1 Conc#2" [stack: 0x000000a073b00000,0x000000a073c00000] [id=17620]
  0x0000024bdbdf9280 ConcurrentGCThread "G1 Refine#0" [stack: 0x000000a071100000,0x000000a071200000] [id=6028]
  0x0000024bdbdfb670 ConcurrentGCThread "G1 Service" [stack: 0x000000a071200000,0x000000a071300000] [id=20288]

Threads with active compile tasks:
C2 CompilerThread0    12325 10703       4       java.lang.invoke.LambdaForm::prepare (112 bytes)
C1 CompilerThread0    12325 10863       1       org.gradle.internal.execution.UnitOfWork$InputFileValueSupplier::getLineEndingNormalization (5 bytes)
C1 CompilerThread1    12326 10865       1       org.gradle.internal.fingerprint.impl.DefaultFileCollectionSnapshotter$1::containsArchiveTrees (5 bytes)
C1 CompilerThread2    12326 10864       1       org.gradle.internal.execution.UnitOfWork$InputFileValueSupplier::getNormalizer (5 bytes)
C2 CompilerThread1    12326 10688       4       org.gradle.internal.snapshot.VfsRelativePath::lengthOfCommonPrefix (173 bytes)
C1 CompilerThread3    12326 10857       1       org.gradle.internal.execution.UnitOfWork$OutputFileValueSupplier::getFiles (5 bytes)
C2 CompilerThread2    12326 10720       4       org.gradle.tooling.internal.provider.runner.ClientBuildEventGenerator::started (168 bytes)
C2 CompilerThread3    12326 10877       4       org.gradle.internal.file.FileHierarchySet$Node::isChildOfOrThis (110 bytes)
C2 CompilerThread4    12326 10673       4       java.lang.invoke.MethodType::makeImpl (109 bytes)
C2 CompilerThread5    12326 10776       4       java.util.TimSort::binarySort (223 bytes)
C2 CompilerThread6    12326 10695   !   4       java.util.concurrent.ConcurrentHashMap::putVal (432 bytes)
C2 CompilerThread7    12326 10749       4       org.gradle.internal.snapshot.VfsRelativePath::hasPrefix (15 bytes)

VM state: at safepoint (normal execution)

VM Mutex/Monitor currently owned by a thread:  ([mutex/lock_event])
[0x0000024bbf48be30] Threads_lock - owner thread: 0x0000024bdc87ed70
[0x0000024bc1614f50] Heap_lock - owner thread: 0x0000024bdf2364d0

Heap address: 0x0000000080000000, size: 2048 MB, Compressed Oops mode: 32-bit

CDS archive(s) not mapped
Compressed class space mapped at: 0x0000000100000000-0x0000000140000000, reserved size: 1073741824
Narrow klass base: 0x0000000000000000, Narrow klass shift: 3, Narrow klass range: 0x140000000

GC Precious Log:
 CPUs: 16 total, 16 available
 Memory: 16085M
 Large Page Support: Disabled
 NUMA Support: Disabled
 Compressed Oops: Enabled (32-bit)
 Heap Region Size: 1M
 Heap Min Capacity: 8M
 Heap Initial Capacity: 252M
 Heap Max Capacity: 2G
 Pre-touch: Disabled
 Parallel Workers: 13
 Concurrent Workers: 3
 Concurrent Refinement Workers: 13
 Periodic GC: Disabled

Heap:
 garbage-first heap   total 212992K, used 79882K [0x0000000080000000, 0x0000000100000000)
  region size 1024K, 3 young (3072K), 3 survivors (3072K)
 Metaspace       used 94036K, committed 94720K, reserved 1138688K
  class space    used 12768K, committed 13056K, reserved 1048576K

Heap Regions: E=young(eden), S=young(survivor), O=old, HS=humongous(starts), HC=humongous(continues), CS=collection set, F=free, OA=open archive, CA=closed archive, TAMS=top-at-mark-start (previous, next)
|   0|0x0000000080000000, 0x0000000080100000, 0x0000000080100000|100%|HS|  |TAMS 0x0000000080100000, 0x0000000080000000| Complete 
|   1|0x0000000080100000, 0x0000000080200000, 0x0000000080200000|100%|HC|  |TAMS 0x0000000080200000, 0x0000000080100000| Complete 
|   2|0x0000000080200000, 0x0000000080300000, 0x0000000080300000|100%|HC|  |TAMS 0x0000000080300000, 0x0000000080200000| Complete 
|   3|0x0000000080300000, 0x0000000080400000, 0x0000000080400000|100%|HC|  |TAMS 0x0000000080400000, 0x0000000080300000| Complete 
|   4|0x0000000080400000, 0x0000000080500000, 0x0000000080500000|100%| O|  |TAMS 0x0000000080500000, 0x0000000080400000| Untracked 
|   5|0x0000000080500000, 0x0000000080600000, 0x0000000080600000|100%| O|  |TAMS 0x0000000080600000, 0x0000000080500000| Untracked 
|   6|0x0000000080600000, 0x0000000080700000, 0x0000000080700000|100%| O|  |TAMS 0x0000000080700000, 0x0000000080600000| Untracked 
|   7|0x0000000080700000, 0x0000000080800000, 0x0000000080800000|100%| O|  |TAMS 0x0000000080800000, 0x0000000080700000| Untracked 
|   8|0x0000000080800000, 0x0000000080900000, 0x0000000080900000|100%| O|  |TAMS 0x0000000080900000, 0x0000000080800000| Untracked 
|   9|0x0000000080900000, 0x0000000080a00000, 0x0000000080a00000|100%| O|  |TAMS 0x0000000080a00000, 0x0000000080900000| Untracked 
|  10|0x0000000080a00000, 0x0000000080b00000, 0x0000000080b00000|100%| O|  |TAMS 0x0000000080b00000, 0x0000000080a00000| Untracked 
|  11|0x0000000080b00000, 0x0000000080c00000, 0x0000000080c00000|100%| O|  |TAMS 0x0000000080c00000, 0x0000000080b00000| Untracked 
|  12|0x0000000080c00000, 0x0000000080d00000, 0x0000000080d00000|100%| O|  |TAMS 0x0000000080d00000, 0x0000000080c00000| Untracked 
|  13|0x0000000080d00000, 0x0000000080e00000, 0x0000000080e00000|100%| O|  |TAMS 0x0000000080e00000, 0x0000000080d00000| Untracked 
|  14|0x0000000080e00000, 0x0000000080f00000, 0x0000000080f00000|100%| O|  |TAMS 0x0000000080f00000, 0x0000000080e00000| Untracked 
|  15|0x0000000080f00000, 0x0000000081000000, 0x0000000081000000|100%| O|  |TAMS 0x0000000081000000, 0x0000000080f00000| Untracked 
|  16|0x0000000081000000, 0x0000000081100000, 0x0000000081100000|100%| O|  |TAMS 0x0000000081100000, 0x0000000081000000| Untracked 
|  17|0x0000000081100000, 0x0000000081200000, 0x0000000081200000|100%| O|  |TAMS 0x0000000081200000, 0x0000000081100000| Untracked 
|  18|0x0000000081200000, 0x0000000081300000, 0x0000000081300000|100%| O|  |TAMS 0x0000000081300000, 0x0000000081200000| Untracked 
|  19|0x0000000081300000, 0x0000000081400000, 0x0000000081400000|100%| O|  |TAMS 0x0000000081400000, 0x0000000081300000| Untracked 
|  20|0x0000000081400000, 0x0000000081500000, 0x0000000081500000|100%| O|  |TAMS 0x0000000081500000, 0x0000000081400000| Untracked 
|  21|0x0000000081500000, 0x0000000081600000, 0x0000000081600000|100%| O|  |TAMS 0x0000000081600000, 0x0000000081500000| Untracked 
|  22|0x0000000081600000, 0x0000000081700000, 0x0000000081700000|100%| O|  |TAMS 0x0000000081600000, 0x0000000081600000| Untracked 
|  23|0x0000000081700000, 0x0000000081800000, 0x0000000081800000|100%| O|  |TAMS 0x0000000081800000, 0x0000000081700000| Untracked 
|  24|0x0000000081800000, 0x0000000081900000, 0x0000000081900000|100%| O|  |TAMS 0x0000000081900000, 0x0000000081800000| Untracked 
|  25|0x0000000081900000, 0x0000000081a00000, 0x0000000081a00000|100%| O|  |TAMS 0x0000000081a00000, 0x0000000081900000| Untracked 
|  26|0x0000000081a00000, 0x0000000081b00000, 0x0000000081b00000|100%| O|  |TAMS 0x0000000081b00000, 0x0000000081a00000| Untracked 
|  27|0x0000000081b00000, 0x0000000081c00000, 0x0000000081c00000|100%| O|  |TAMS 0x0000000081c00000, 0x0000000081b00000| Untracked 
|  28|0x0000000081c00000, 0x0000000081d00000, 0x0000000081d00000|100%| O|  |TAMS 0x0000000081d00000, 0x0000000081c00000| Untracked 
|  29|0x0000000081d00000, 0x0000000081e00000, 0x0000000081e00000|100%| O|  |TAMS 0x0000000081e00000, 0x0000000081d00000| Untracked 
|  30|0x0000000081e00000, 0x0000000081e00000, 0x0000000081f00000|  0%| F|  |TAMS 0x0000000081e00000, 0x0000000081e00000| Untracked 
|  31|0x0000000081f00000, 0x0000000082000000, 0x0000000082000000|100%|HS|  |TAMS 0x0000000082000000, 0x0000000081f00000| Complete 
|  32|0x0000000082000000, 0x0000000082100000, 0x0000000082100000|100%|HS|  |TAMS 0x0000000082100000, 0x0000000082000000| Complete 
|  33|0x0000000082100000, 0x0000000082200000, 0x0000000082200000|100%|HS|  |TAMS 0x0000000082200000, 0x0000000082100000| Complete 
|  34|0x0000000082200000, 0x0000000082300000, 0x0000000082300000|100%| O|  |TAMS 0x0000000082300000, 0x0000000082200000| Untracked 
|  35|0x0000000082300000, 0x0000000082400000, 0x0000000082400000|100%| O|  |TAMS 0x0000000082400000, 0x0000000082300000| Untracked 
|  36|0x0000000082400000, 0x0000000082500000, 0x0000000082500000|100%| O|  |TAMS 0x0000000082500000, 0x0000000082400000| Untracked 
|  37|0x0000000082500000, 0x0000000082600000, 0x0000000082600000|100%| O|  |TAMS 0x0000000082600000, 0x0000000082500000| Untracked 
|  38|0x0000000082600000, 0x0000000082700000, 0x0000000082700000|100%| O|  |TAMS 0x0000000082700000, 0x0000000082600000| Untracked 
|  39|0x0000000082700000, 0x0000000082800000, 0x0000000082800000|100%| O|  |TAMS 0x0000000082800000, 0x0000000082700000| Untracked 
|  40|0x0000000082800000, 0x0000000082900000, 0x0000000082900000|100%| O|  |TAMS 0x0000000082900000, 0x0000000082800000| Untracked 
|  41|0x0000000082900000, 0x0000000082a00000, 0x0000000082a00000|100%| O|  |TAMS 0x0000000082a00000, 0x0000000082900000| Untracked 
|  42|0x0000000082a00000, 0x0000000082b00000, 0x0000000082b00000|100%| O|  |TAMS 0x0000000082b00000, 0x0000000082a00000| Untracked 
|  43|0x0000000082b00000, 0x0000000082c00000, 0x0000000082c00000|100%| O|  |TAMS 0x0000000082c00000, 0x0000000082b00000| Untracked 
|  44|0x0000000082c00000, 0x0000000082d00000, 0x0000000082d00000|100%| O|  |TAMS 0x0000000082d00000, 0x0000000082c00000| Untracked 
|  45|0x0000000082d00000, 0x0000000082e00000, 0x0000000082e00000|100%| O|  |TAMS 0x0000000082e00000, 0x0000000082d00000| Untracked 
|  46|0x0000000082e00000, 0x0000000082f00000, 0x0000000082f00000|100%| O|  |TAMS 0x0000000082f00000, 0x0000000082e00000| Untracked 
|  47|0x0000000082f00000, 0x0000000083000000, 0x0000000083000000|100%| O|  |TAMS 0x0000000083000000, 0x0000000082f00000| Untracked 
|  48|0x0000000083000000, 0x0000000083100000, 0x0000000083100000|100%| O|  |TAMS 0x0000000083100000, 0x0000000083000000| Untracked 
|  49|0x0000000083100000, 0x0000000083200000, 0x0000000083200000|100%| O|  |TAMS 0x0000000083200000, 0x0000000083100000| Untracked 
|  50|0x0000000083200000, 0x0000000083300000, 0x0000000083300000|100%| O|  |TAMS 0x0000000083300000, 0x0000000083200000| Untracked 
|  51|0x0000000083300000, 0x0000000083400000, 0x0000000083400000|100%| O|  |TAMS 0x0000000083400000, 0x0000000083300000| Untracked 
|  52|0x0000000083400000, 0x0000000083500000, 0x0000000083500000|100%| O|  |TAMS 0x0000000083500000, 0x0000000083400000| Untracked 
|  53|0x0000000083500000, 0x0000000083600000, 0x0000000083600000|100%| O|  |TAMS 0x0000000083600000, 0x0000000083500000| Untracked 
|  54|0x0000000083600000, 0x0000000083700000, 0x0000000083700000|100%| O|  |TAMS 0x0000000083700000, 0x0000000083600000| Untracked 
|  55|0x0000000083700000, 0x0000000083800000, 0x0000000083800000|100%| O|  |TAMS 0x0000000083800000, 0x0000000083700000| Untracked 
|  56|0x0000000083800000, 0x0000000083900000, 0x0000000083900000|100%| O|  |TAMS 0x0000000083900000, 0x0000000083800000| Untracked 
|  57|0x0000000083900000, 0x0000000083a00000, 0x0000000083a00000|100%| O|  |TAMS 0x0000000083a00000, 0x0000000083900000| Untracked 
|  58|0x0000000083a00000, 0x0000000083b00000, 0x0000000083b00000|100%| O|  |TAMS 0x0000000083b00000, 0x0000000083a00000| Untracked 
|  59|0x0000000083b00000, 0x0000000083c00000, 0x0000000083c00000|100%| O|  |TAMS 0x0000000083c00000, 0x0000000083b00000| Untracked 
|  60|0x0000000083c00000, 0x0000000083d00000, 0x0000000083d00000|100%| O|  |TAMS 0x0000000083d00000, 0x0000000083c00000| Untracked 
|  61|0x0000000083d00000, 0x0000000083e00000, 0x0000000083e00000|100%| O|  |TAMS 0x0000000083e00000, 0x0000000083d00000| Untracked 
|  62|0x0000000083e00000, 0x0000000083f00000, 0x0000000083f00000|100%| O|  |TAMS 0x0000000083f00000, 0x0000000083e00000| Untracked 
|  63|0x0000000083f00000, 0x0000000084000000, 0x0000000084000000|100%| O|  |TAMS 0x0000000084000000, 0x0000000083f00000| Untracked 
|  64|0x0000000084000000, 0x0000000084100000, 0x0000000084100000|100%| O|  |TAMS 0x0000000084100000, 0x0000000084000000| Untracked 
|  65|0x0000000084100000, 0x0000000084200000, 0x0000000084200000|100%| O|  |TAMS 0x0000000084200000, 0x0000000084100000| Untracked 
|  66|0x0000000084200000, 0x0000000084300000, 0x0000000084300000|100%| O|  |TAMS 0x0000000084300000, 0x0000000084200000| Untracked 
|  67|0x0000000084300000, 0x0000000084400000, 0x0000000084400000|100%| O|  |TAMS 0x0000000084365400, 0x0000000084300000| Untracked 
|  68|0x0000000084400000, 0x0000000084500000, 0x0000000084500000|100%| O|  |TAMS 0x0000000084400000, 0x0000000084400000| Untracked 
|  69|0x0000000084500000, 0x0000000084600000, 0x0000000084600000|100%| O|  |TAMS 0x0000000084500000, 0x0000000084500000| Untracked 
|  70|0x0000000084600000, 0x0000000084700000, 0x0000000084700000|100%| O|  |TAMS 0x0000000084600000, 0x0000000084600000| Untracked 
|  71|0x0000000084700000, 0x0000000084800000, 0x0000000084800000|100%| O|  |TAMS 0x0000000084700000, 0x0000000084700000| Untracked 
|  72|0x0000000084800000, 0x0000000084900000, 0x0000000084900000|100%| O|  |TAMS 0x0000000084800000, 0x0000000084800000| Untracked 
|  73|0x0000000084900000, 0x0000000084a00000, 0x0000000084a00000|100%| O|  |TAMS 0x0000000084900000, 0x0000000084900000| Untracked 
|  74|0x0000000084a00000, 0x0000000084b00000, 0x0000000084b00000|100%| O|  |TAMS 0x0000000084a00000, 0x0000000084a00000| Untracked 
|  75|0x0000000084b00000, 0x0000000084c00000, 0x0000000084c00000|100%| O|  |TAMS 0x0000000084b00000, 0x0000000084b00000| Untracked 
|  76|0x0000000084c00000, 0x0000000084ca5600, 0x0000000084d00000| 64%| O|  |TAMS 0x0000000084c00000, 0x0000000084c00000| Untracked 
|  77|0x0000000084d00000, 0x0000000084d00000, 0x0000000084e00000|  0%| F|  |TAMS 0x0000000084d00000, 0x0000000084d00000| Untracked 
|  78|0x0000000084e00000, 0x0000000084e00000, 0x0000000084f00000|  0%| F|  |TAMS 0x0000000084e00000, 0x0000000084e00000| Untracked 
|  79|0x0000000084f00000, 0x0000000084f00000, 0x0000000085000000|  0%| F|  |TAMS 0x0000000084f00000, 0x0000000084f00000| Untracked 
|  80|0x0000000085000000, 0x0000000085000000, 0x0000000085100000|  0%| F|  |TAMS 0x0000000085000000, 0x0000000085000000| Untracked 
|  81|0x0000000085100000, 0x0000000085100000, 0x0000000085200000|  0%| F|  |TAMS 0x0000000085100000, 0x0000000085100000| Untracked 
|  82|0x0000000085200000, 0x0000000085200000, 0x0000000085300000|  0%| F|  |TAMS 0x0000000085200000, 0x0000000085200000| Untracked 
|  83|0x0000000085300000, 0x0000000085300000, 0x0000000085400000|  0%| F|  |TAMS 0x0000000085300000, 0x0000000085300000| Untracked 
|  84|0x0000000085400000, 0x0000000085400000, 0x0000000085500000|  0%| F|  |TAMS 0x0000000085400000, 0x0000000085400000| Untracked 
|  85|0x0000000085500000, 0x0000000085500000, 0x0000000085600000|  0%| F|  |TAMS 0x0000000085500000, 0x0000000085500000| Untracked 
|  86|0x0000000085600000, 0x0000000085600000, 0x0000000085700000|  0%| F|  |TAMS 0x0000000085600000, 0x0000000085600000| Untracked 
|  87|0x0000000085700000, 0x0000000085700000, 0x0000000085800000|  0%| F|  |TAMS 0x0000000085700000, 0x0000000085700000| Untracked 
|  88|0x0000000085800000, 0x0000000085800000, 0x0000000085900000|  0%| F|  |TAMS 0x0000000085800000, 0x0000000085800000| Untracked 
|  89|0x0000000085900000, 0x0000000085900000, 0x0000000085a00000|  0%| F|  |TAMS 0x0000000085900000, 0x0000000085900000| Untracked 
|  90|0x0000000085a00000, 0x0000000085a00000, 0x0000000085b00000|  0%| F|  |TAMS 0x0000000085a00000, 0x0000000085a00000| Untracked 
|  91|0x0000000085b00000, 0x0000000085b00000, 0x0000000085c00000|  0%| F|  |TAMS 0x0000000085b00000, 0x0000000085b00000| Untracked 
|  92|0x0000000085c00000, 0x0000000085c00000, 0x0000000085d00000|  0%| F|  |TAMS 0x0000000085c00000, 0x0000000085c00000| Untracked 
|  93|0x0000000085d00000, 0x0000000085d00000, 0x0000000085e00000|  0%| F|  |TAMS 0x0000000085d00000, 0x0000000085d00000| Untracked 
|  94|0x0000000085e00000, 0x0000000085e00000, 0x0000000085f00000|  0%| F|  |TAMS 0x0000000085e00000, 0x0000000085e00000| Untracked 
|  95|0x0000000085f00000, 0x0000000085f00000, 0x0000000086000000|  0%| F|  |TAMS 0x0000000085f00000, 0x0000000085f00000| Untracked 
|  96|0x0000000086000000, 0x0000000086000000, 0x0000000086100000|  0%| F|  |TAMS 0x0000000086000000, 0x0000000086000000| Untracked 
|  97|0x0000000086100000, 0x0000000086100000, 0x0000000086200000|  0%| F|  |TAMS 0x0000000086100000, 0x0000000086100000| Untracked 
|  98|0x0000000086200000, 0x000000008625d390, 0x0000000086300000| 36%| S|CS|TAMS 0x0000000086200000, 0x0000000086200000| Complete 
|  99|0x0000000086300000, 0x0000000086400000, 0x0000000086400000|100%| S|CS|TAMS 0x0000000086300000, 0x0000000086300000| Complete 
| 100|0x0000000086400000, 0x0000000086500000, 0x0000000086500000|100%| S|CS|TAMS 0x0000000086400000, 0x0000000086400000| Complete 
| 101|0x0000000086500000, 0x0000000086500000, 0x0000000086600000|  0%| F|  |TAMS 0x0000000086500000, 0x0000000086500000| Untracked 
| 102|0x0000000086600000, 0x0000000086600000, 0x0000000086700000|  0%| F|  |TAMS 0x0000000086600000, 0x0000000086600000| Untracked 
| 103|0x0000000086700000, 0x0000000086700000, 0x0000000086800000|  0%| F|  |TAMS 0x0000000086700000, 0x0000000086700000| Untracked 
| 104|0x0000000086800000, 0x0000000086800000, 0x0000000086900000|  0%| F|  |TAMS 0x0000000086800000, 0x0000000086800000| Untracked 
| 105|0x0000000086900000, 0x0000000086900000, 0x0000000086a00000|  0%| F|  |TAMS 0x0000000086900000, 0x0000000086900000| Untracked 
| 106|0x0000000086a00000, 0x0000000086a00000, 0x0000000086b00000|  0%| F|  |TAMS 0x0000000086a00000, 0x0000000086a00000| Untracked 
| 107|0x0000000086b00000, 0x0000000086b00000, 0x0000000086c00000|  0%| F|  |TAMS 0x0000000086b00000, 0x0000000086b00000| Untracked 
| 108|0x0000000086c00000, 0x0000000086c00000, 0x0000000086d00000|  0%| F|  |TAMS 0x0000000086c00000, 0x0000000086c00000| Untracked 
| 109|0x0000000086d00000, 0x0000000086d00000, 0x0000000086e00000|  0%| F|  |TAMS 0x0000000086d00000, 0x0000000086d00000| Untracked 
| 110|0x0000000086e00000, 0x0000000086e00000, 0x0000000086f00000|  0%| F|  |TAMS 0x0000000086e00000, 0x0000000086e00000| Untracked 
| 111|0x0000000086f00000, 0x0000000086f00000, 0x0000000087000000|  0%| F|  |TAMS 0x0000000086f00000, 0x0000000086f00000| Untracked 
| 112|0x0000000087000000, 0x0000000087000000, 0x0000000087100000|  0%| F|  |TAMS 0x0000000087000000, 0x0000000087000000| Untracked 
| 113|0x0000000087100000, 0x0000000087100000, 0x0000000087200000|  0%| F|  |TAMS 0x0000000087100000, 0x0000000087100000| Untracked 
| 114|0x0000000087200000, 0x0000000087200000, 0x0000000087300000|  0%| F|  |TAMS 0x0000000087200000, 0x0000000087200000| Untracked 
| 115|0x0000000087300000, 0x0000000087300000, 0x0000000087400000|  0%| F|  |TAMS 0x0000000087300000, 0x0000000087300000| Untracked 
| 116|0x0000000087400000, 0x0000000087400000, 0x0000000087500000|  0%| F|  |TAMS 0x0000000087400000, 0x0000000087400000| Untracked 
| 117|0x0000000087500000, 0x0000000087500000, 0x0000000087600000|  0%| F|  |TAMS 0x0000000087500000, 0x0000000087500000| Untracked 
| 118|0x0000000087600000, 0x0000000087600000, 0x0000000087700000|  0%| F|  |TAMS 0x0000000087600000, 0x0000000087600000| Untracked 
| 119|0x0000000087700000, 0x0000000087700000, 0x0000000087800000|  0%| F|  |TAMS 0x0000000087700000, 0x0000000087700000| Untracked 
| 120|0x0000000087800000, 0x0000000087800000, 0x0000000087900000|  0%| F|  |TAMS 0x0000000087800000, 0x0000000087800000| Untracked 
| 121|0x0000000087900000, 0x0000000087900000, 0x0000000087a00000|  0%| F|  |TAMS 0x0000000087900000, 0x0000000087900000| Untracked 
| 122|0x0000000087a00000, 0x0000000087a00000, 0x0000000087b00000|  0%| F|  |TAMS 0x0000000087a00000, 0x0000000087a00000| Untracked 
| 123|0x0000000087b00000, 0x0000000087b00000, 0x0000000087c00000|  0%| F|  |TAMS 0x0000000087b00000, 0x0000000087b00000| Untracked 
| 124|0x0000000087c00000, 0x0000000087c00000, 0x0000000087d00000|  0%| F|  |TAMS 0x0000000087c00000, 0x0000000087c00000| Untracked 
| 125|0x0000000087d00000, 0x0000000087d00000, 0x0000000087e00000|  0%| F|  |TAMS 0x0000000087d00000, 0x0000000087d00000| Untracked 
| 126|0x0000000087e00000, 0x0000000087e00000, 0x0000000087f00000|  0%| F|  |TAMS 0x0000000087e00000, 0x0000000087e00000| Untracked 
| 127|0x0000000087f00000, 0x0000000087f00000, 0x0000000088000000|  0%| F|  |TAMS 0x0000000087f00000, 0x0000000087f00000| Untracked 
| 128|0x0000000088000000, 0x0000000088000000, 0x0000000088100000|  0%| F|  |TAMS 0x0000000088000000, 0x0000000088000000| Untracked 
| 129|0x0000000088100000, 0x0000000088100000, 0x0000000088200000|  0%| F|  |TAMS 0x0000000088100000, 0x0000000088100000| Untracked 
| 130|0x0000000088200000, 0x0000000088200000, 0x0000000088300000|  0%| F|  |TAMS 0x0000000088200000, 0x0000000088200000| Untracked 
| 131|0x0000000088300000, 0x0000000088300000, 0x0000000088400000|  0%| F|  |TAMS 0x0000000088300000, 0x0000000088300000| Untracked 
| 132|0x0000000088400000, 0x0000000088400000, 0x0000000088500000|  0%| F|  |TAMS 0x0000000088400000, 0x0000000088400000| Untracked 
| 133|0x0000000088500000, 0x0000000088500000, 0x0000000088600000|  0%| F|  |TAMS 0x0000000088500000, 0x0000000088500000| Untracked 
| 134|0x0000000088600000, 0x0000000088600000, 0x0000000088700000|  0%| F|  |TAMS 0x0000000088600000, 0x0000000088600000| Untracked 
| 135|0x0000000088700000, 0x0000000088700000, 0x0000000088800000|  0%| F|  |TAMS 0x0000000088700000, 0x0000000088700000| Untracked 
| 136|0x0000000088800000, 0x0000000088800000, 0x0000000088900000|  0%| F|  |TAMS 0x0000000088800000, 0x0000000088800000| Untracked 
| 137|0x0000000088900000, 0x0000000088900000, 0x0000000088a00000|  0%| F|  |TAMS 0x0000000088900000, 0x0000000088900000| Untracked 
| 138|0x0000000088a00000, 0x0000000088a00000, 0x0000000088b00000|  0%| F|  |TAMS 0x0000000088a00000, 0x0000000088a00000| Untracked 
| 139|0x0000000088b00000, 0x0000000088b00000, 0x0000000088c00000|  0%| F|  |TAMS 0x0000000088b00000, 0x0000000088b00000| Untracked 
| 140|0x0000000088c00000, 0x0000000088c00000, 0x0000000088d00000|  0%| F|  |TAMS 0x0000000088c00000, 0x0000000088c00000| Untracked 
| 141|0x0000000088d00000, 0x0000000088d00000, 0x0000000088e00000|  0%| F|  |TAMS 0x0000000088d00000, 0x0000000088d00000| Untracked 
| 142|0x0000000088e00000, 0x0000000088e00000, 0x0000000088f00000|  0%| F|  |TAMS 0x0000000088e00000, 0x0000000088e00000| Untracked 
| 143|0x0000000088f00000, 0x0000000088f00000, 0x0000000089000000|  0%| F|  |TAMS 0x0000000088f00000, 0x0000000088f00000| Untracked 
| 144|0x0000000089000000, 0x0000000089000000, 0x0000000089100000|  0%| F|  |TAMS 0x0000000089000000, 0x0000000089000000| Untracked 
| 145|0x0000000089100000, 0x0000000089100000, 0x0000000089200000|  0%| F|  |TAMS 0x0000000089100000, 0x0000000089100000| Untracked 
| 146|0x0000000089200000, 0x0000000089200000, 0x0000000089300000|  0%| F|  |TAMS 0x0000000089200000, 0x0000000089200000| Untracked 
| 147|0x0000000089300000, 0x0000000089300000, 0x0000000089400000|  0%| F|  |TAMS 0x0000000089300000, 0x0000000089300000| Untracked 
| 148|0x0000000089400000, 0x0000000089400000, 0x0000000089500000|  0%| F|  |TAMS 0x0000000089400000, 0x0000000089400000| Untracked 
| 149|0x0000000089500000, 0x0000000089500000, 0x0000000089600000|  0%| F|  |TAMS 0x0000000089500000, 0x0000000089500000| Untracked 
| 150|0x0000000089600000, 0x0000000089600000, 0x0000000089700000|  0%| F|  |TAMS 0x0000000089600000, 0x0000000089600000| Untracked 
| 151|0x0000000089700000, 0x0000000089700000, 0x0000000089800000|  0%| F|  |TAMS 0x0000000089700000, 0x0000000089700000| Untracked 
| 152|0x0000000089800000, 0x0000000089800000, 0x0000000089900000|  0%| F|  |TAMS 0x0000000089800000, 0x0000000089800000| Untracked 
| 153|0x0000000089900000, 0x0000000089900000, 0x0000000089a00000|  0%| F|  |TAMS 0x0000000089900000, 0x0000000089900000| Untracked 
| 154|0x0000000089a00000, 0x0000000089a00000, 0x0000000089b00000|  0%| F|  |TAMS 0x0000000089a00000, 0x0000000089a00000| Untracked 
| 155|0x0000000089b00000, 0x0000000089b00000, 0x0000000089c00000|  0%| F|  |TAMS 0x0000000089b00000, 0x0000000089b00000| Untracked 
| 156|0x0000000089c00000, 0x0000000089c00000, 0x0000000089d00000|  0%| F|  |TAMS 0x0000000089c00000, 0x0000000089c00000| Untracked 
| 157|0x0000000089d00000, 0x0000000089d00000, 0x0000000089e00000|  0%| F|  |TAMS 0x0000000089d00000, 0x0000000089d00000| Untracked 
| 158|0x0000000089e00000, 0x0000000089e00000, 0x0000000089f00000|  0%| F|  |TAMS 0x0000000089e00000, 0x0000000089e00000| Untracked 
| 159|0x0000000089f00000, 0x0000000089f00000, 0x000000008a000000|  0%| F|  |TAMS 0x0000000089f00000, 0x0000000089f00000| Untracked 
| 160|0x000000008a000000, 0x000000008a000000, 0x000000008a100000|  0%| F|  |TAMS 0x000000008a000000, 0x000000008a000000| Untracked 
| 161|0x000000008a100000, 0x000000008a100000, 0x000000008a200000|  0%| F|  |TAMS 0x000000008a100000, 0x000000008a100000| Untracked 
| 162|0x000000008a200000, 0x000000008a200000, 0x000000008a300000|  0%| F|  |TAMS 0x000000008a200000, 0x000000008a200000| Untracked 
| 163|0x000000008a300000, 0x000000008a300000, 0x000000008a400000|  0%| F|  |TAMS 0x000000008a300000, 0x000000008a300000| Untracked 
| 164|0x000000008a400000, 0x000000008a400000, 0x000000008a500000|  0%| F|  |TAMS 0x000000008a400000, 0x000000008a400000| Untracked 
| 165|0x000000008a500000, 0x000000008a500000, 0x000000008a600000|  0%| F|  |TAMS 0x000000008a500000, 0x000000008a500000| Untracked 
| 166|0x000000008a600000, 0x000000008a600000, 0x000000008a700000|  0%| F|  |TAMS 0x000000008a600000, 0x000000008a600000| Untracked 
| 167|0x000000008a700000, 0x000000008a700000, 0x000000008a800000|  0%| F|  |TAMS 0x000000008a700000, 0x000000008a700000| Untracked 
| 168|0x000000008a800000, 0x000000008a800000, 0x000000008a900000|  0%| F|  |TAMS 0x000000008a800000, 0x000000008a800000| Untracked 
| 169|0x000000008a900000, 0x000000008a900000, 0x000000008aa00000|  0%| F|  |TAMS 0x000000008a900000, 0x000000008a900000| Untracked 
| 170|0x000000008aa00000, 0x000000008aa00000, 0x000000008ab00000|  0%| F|  |TAMS 0x000000008aa00000, 0x000000008aa00000| Untracked 
| 171|0x000000008ab00000, 0x000000008ab00000, 0x000000008ac00000|  0%| F|  |TAMS 0x000000008ab00000, 0x000000008ab00000| Untracked 
| 172|0x000000008ac00000, 0x000000008ac00000, 0x000000008ad00000|  0%| F|  |TAMS 0x000000008ac00000, 0x000000008ac00000| Untracked 
| 173|0x000000008ad00000, 0x000000008ad00000, 0x000000008ae00000|  0%| F|  |TAMS 0x000000008ad00000, 0x000000008ad00000| Untracked 
| 174|0x000000008ae00000, 0x000000008ae00000, 0x000000008af00000|  0%| F|  |TAMS 0x000000008ae00000, 0x000000008ae00000| Untracked 
| 175|0x000000008af00000, 0x000000008af00000, 0x000000008b000000|  0%| F|  |TAMS 0x000000008af00000, 0x000000008af00000| Untracked 
| 176|0x000000008b000000, 0x000000008b000000, 0x000000008b100000|  0%| F|  |TAMS 0x000000008b000000, 0x000000008b000000| Untracked 
| 177|0x000000008b100000, 0x000000008b100000, 0x000000008b200000|  0%| F|  |TAMS 0x000000008b100000, 0x000000008b100000| Untracked 
| 178|0x000000008b200000, 0x000000008b200000, 0x000000008b300000|  0%| F|  |TAMS 0x000000008b200000, 0x000000008b200000| Untracked 
| 179|0x000000008b300000, 0x000000008b300000, 0x000000008b400000|  0%| F|  |TAMS 0x000000008b300000, 0x000000008b300000| Untracked 
| 180|0x000000008b400000, 0x000000008b400000, 0x000000008b500000|  0%| F|  |TAMS 0x000000008b400000, 0x000000008b400000| Untracked 
| 181|0x000000008b500000, 0x000000008b500000, 0x000000008b600000|  0%| F|  |TAMS 0x000000008b500000, 0x000000008b500000| Untracked 
| 182|0x000000008b600000, 0x000000008b600000, 0x000000008b700000|  0%| F|  |TAMS 0x000000008b600000, 0x000000008b600000| Untracked 
| 183|0x000000008b700000, 0x000000008b700000, 0x000000008b800000|  0%| F|  |TAMS 0x000000008b700000, 0x000000008b700000| Untracked 
| 184|0x000000008b800000, 0x000000008b800000, 0x000000008b900000|  0%| F|  |TAMS 0x000000008b800000, 0x000000008b800000| Untracked 
| 185|0x000000008b900000, 0x000000008b900000, 0x000000008ba00000|  0%| F|  |TAMS 0x000000008b900000, 0x000000008b900000| Untracked 
| 186|0x000000008ba00000, 0x000000008ba00000, 0x000000008bb00000|  0%| F|  |TAMS 0x000000008ba00000, 0x000000008ba00000| Untracked 
| 187|0x000000008bb00000, 0x000000008bb00000, 0x000000008bc00000|  0%| F|  |TAMS 0x000000008bb00000, 0x000000008bb00000| Untracked 
| 188|0x000000008bc00000, 0x000000008bc00000, 0x000000008bd00000|  0%| F|  |TAMS 0x000000008bc00000, 0x000000008bc00000| Untracked 
| 189|0x000000008bd00000, 0x000000008bd00000, 0x000000008be00000|  0%| F|  |TAMS 0x000000008bd00000, 0x000000008bd00000| Untracked 
| 190|0x000000008be00000, 0x000000008be00000, 0x000000008bf00000|  0%| F|  |TAMS 0x000000008be00000, 0x000000008be00000| Untracked 
| 191|0x000000008bf00000, 0x000000008bf00000, 0x000000008c000000|  0%| F|  |TAMS 0x000000008bf00000, 0x000000008bf00000| Untracked 
| 192|0x000000008c000000, 0x000000008c000000, 0x000000008c100000|  0%| F|  |TAMS 0x000000008c000000, 0x000000008c000000| Untracked 
| 193|0x000000008c100000, 0x000000008c100000, 0x000000008c200000|  0%| F|  |TAMS 0x000000008c100000, 0x000000008c100000| Untracked 
| 194|0x000000008c200000, 0x000000008c200000, 0x000000008c300000|  0%| F|  |TAMS 0x000000008c200000, 0x000000008c200000| Untracked 
| 195|0x000000008c300000, 0x000000008c300000, 0x000000008c400000|  0%| F|  |TAMS 0x000000008c300000, 0x000000008c300000| Untracked 
| 196|0x000000008c400000, 0x000000008c400000, 0x000000008c500000|  0%| F|  |TAMS 0x000000008c400000, 0x000000008c400000| Untracked 
| 197|0x000000008c500000, 0x000000008c500000, 0x000000008c600000|  0%| F|  |TAMS 0x000000008c500000, 0x000000008c500000| Untracked 
| 198|0x000000008c600000, 0x000000008c600000, 0x000000008c700000|  0%| F|  |TAMS 0x000000008c600000, 0x000000008c600000| Untracked 
| 199|0x000000008c700000, 0x000000008c700000, 0x000000008c800000|  0%| F|  |TAMS 0x000000008c700000, 0x000000008c700000| Untracked 
| 200|0x000000008c800000, 0x000000008c800000, 0x000000008c900000|  0%| F|  |TAMS 0x000000008c800000, 0x000000008c800000| Untracked 
| 201|0x000000008c900000, 0x000000008c900000, 0x000000008ca00000|  0%| F|  |TAMS 0x000000008c900000, 0x000000008c900000| Untracked 
| 202|0x000000008ca00000, 0x000000008ca00000, 0x000000008cb00000|  0%| F|  |TAMS 0x000000008ca00000, 0x000000008ca00000| Untracked 
| 203|0x000000008cb00000, 0x000000008cb00000, 0x000000008cc00000|  0%| F|  |TAMS 0x000000008cb00000, 0x000000008cb00000| Untracked 
| 204|0x000000008cc00000, 0x000000008cc00000, 0x000000008cd00000|  0%| F|  |TAMS 0x000000008cc00000, 0x000000008cc00000| Untracked 
| 205|0x000000008cd00000, 0x000000008cd00000, 0x000000008ce00000|  0%| F|  |TAMS 0x000000008cd00000, 0x000000008cd00000| Untracked 
| 206|0x000000008ce00000, 0x000000008ce00000, 0x000000008cf00000|  0%| F|  |TAMS 0x000000008ce00000, 0x000000008ce00000| Untracked 
| 251|0x000000008fb00000, 0x000000008fb00000, 0x000000008fc00000|  0%| F|  |TAMS 0x000000008fb00000, 0x000000008fb00000| Untracked 

Card table byte_map: [0x0000024bd4750000,0x0000024bd4b50000] _byte_map_base: 0x0000024bd4350000

Marking Bits (Prev, Next): (CMBitMap*) 0x0000024bc1675810, (CMBitMap*) 0x0000024bc16757d0
 Prev Bits: [0x0000024bd6f50000, 0x0000024bd8f50000)
 Next Bits: [0x0000024bd4f50000, 0x0000024bd6f50000)

Polling page: 0x0000024bbf580000

Metaspace:

Usage:
  Non-class:     79.36 MB used.
      Class:     12.47 MB used.
       Both:     91.83 MB used.

Virtual space:
  Non-class space:       88.00 MB reserved,      79.75 MB ( 91%) committed,  11 nodes.
      Class space:        1.00 GB reserved,      12.75 MB (  1%) committed,  1 nodes.
             Both:        1.09 GB reserved,      92.50 MB (  8%) committed. 

Chunk freelists:
   Non-Class:  3.86 MB
       Class:  3.19 MB
        Both:  7.05 MB

MaxMetaspaceSize: unlimited
CompressedClassSpaceSize: 1.00 GB
Initial GC threshold: 21.00 MB
Current GC threshold: 148.56 MB
CDS: off
MetaspaceReclaimPolicy: balanced
 - commit_granule_bytes: 65536.
 - commit_granule_words: 8192.
 - virtual_space_node_default_size: 1048576.
 - enlarge_chunks_in_place: 1.
 - new_chunks_are_fully_committed: 0.
 - uncommit_free_chunks: 1.
 - use_allocation_guard: 0.
 - handle_deallocations: 1.


Internal statistics:

num_allocs_failed_limit: 9.
num_arena_births: 986.
num_arena_deaths: 0.
num_vsnodes_births: 12.
num_vsnodes_deaths: 0.
num_space_committed: 1479.
num_space_uncommitted: 0.
num_chunks_returned_to_freelist: 9.
num_chunks_taken_from_freelist: 4421.
num_chunk_merges: 6.
num_chunk_splits: 2930.
num_chunks_enlarged: 1981.
num_purges: 0.
num_inconsistent_stats: 0.

CodeHeap 'non-profiled nmethods': size=119168Kb used=5515Kb max_used=5808Kb free=113652Kb
 bounds [0x0000024bcc670000, 0x0000024bccc20000, 0x0000024bd3ad0000]
CodeHeap 'profiled nmethods': size=119104Kb used=17955Kb max_used=18705Kb free=101148Kb
 bounds [0x0000024bc4ad0000, 0x0000024bc5d20000, 0x0000024bcbf20000]
CodeHeap 'non-nmethods': size=7488Kb used=4085Kb max_used=4181Kb free=3402Kb
 bounds [0x0000024bcbf20000, 0x0000024bcc340000, 0x0000024bcc670000]
 total_blobs=10245 nmethods=9321 adapters=831
 compilation: enabled
              stopped_count=0, restarted_count=0
 full_count=0

Compilation events (20 events):
Event: 11.065 Thread 0x0000024bdc8c6970 10886       3       com.google.common.collect.ImmutableSortedMap::createEntrySet (22 bytes)
Event: 11.065 Thread 0x0000024bdca3a1c0 10891       3       com.google.common.collect.ImmutableSortedMap$1::<init> (10 bytes)
Event: 11.065 Thread 0x0000024be1c26890 10877       4       org.gradle.internal.file.FileHierarchySet$Node::isChildOfOrThis (110 bytes)
Event: 11.065 Thread 0x0000024bddab1480 10889       3       org.gradle.internal.execution.steps.WorkspaceContext::<init> (16 bytes)
Event: 11.065 Thread 0x0000024bdca60cf0 nmethod 10887 0x0000024bc5434890 code [0x0000024bc5434a80, 0x0000024bc5435068]
Event: 11.066 Thread 0x0000024bdca60cf0 10893       3       org.gradle.internal.Try$Success::map (14 bytes)
Event: 11.066 Thread 0x0000024bdca3a1c0 nmethod 10891 0x0000024bc52b3110 code [0x0000024bc52b32a0, 0x0000024bc52b3478]
Event: 11.066 Thread 0x0000024bddab1480 nmethod 10889 0x0000024bc5434410 code [0x0000024bc54345c0, 0x0000024bc54347c8]
Event: 11.066 Thread 0x0000024bdca3a1c0 10851       1       org.gradle.internal.execution.impl.DefaultInputFingerprinter$InputFingerprints::getFileFingerprints (5 bytes)
Event: 11.067 Thread 0x0000024bddab1480 10862       1       org.gradle.internal.execution.UnitOfWork$InputFileValueSupplier::getDirectorySensitivity (5 bytes)
Event: 11.067 Thread 0x0000024bdc8c6970 nmethod 10886 0x0000024bc5433810 code [0x0000024bc5433a20, 0x0000024bc5434188]
Event: 11.067 Thread 0x0000024bdca60cf0 nmethod 10893 0x0000024bc5116a10 code [0x0000024bc5116be0, 0x0000024bc5117048]
Event: 11.068 Thread 0x0000024bdc8c6970 10863       1       org.gradle.internal.execution.UnitOfWork$InputFileValueSupplier::getLineEndingNormalization (5 bytes)
Event: 11.068 Thread 0x0000024bdca3a1c0 nmethod 10851 0x0000024bcc7c2410 code [0x0000024bcc7c25a0, 0x0000024bcc7c2678]
Event: 11.068 Thread 0x0000024bdca60cf0 10864       1       org.gradle.internal.execution.UnitOfWork$InputFileValueSupplier::getNormalizer (5 bytes)
Event: 11.068 Thread 0x0000024bdca3a1c0 10865       1       org.gradle.internal.fingerprint.impl.DefaultFileCollectionSnapshotter$1::containsArchiveTrees (5 bytes)
Event: 11.068 Thread 0x0000024bddab1480 nmethod 10862 0x0000024bcc6fd210 code [0x0000024bcc6fd3a0, 0x0000024bcc6fd478]
Event: 11.068 Thread 0x0000024bddab1480 10857       1       org.gradle.internal.execution.UnitOfWork$OutputFileValueSupplier::getFiles (5 bytes)
Event: 11.069 Thread 0x0000024bdc8c6970 nmethod 10863 0x0000024bcc6fcf10 code [0x0000024bcc6fd0a0, 0x0000024bcc6fd178]
Event: 11.069 Thread 0x0000024bdca60cf0 nmethod 10864 0x0000024bcc6fcc10 code [0x0000024bcc6fcda0, 0x0000024bcc6fce78]

GC Heap History (20 events):
Event: 7.327 GC heap after
{Heap after GC invocations=19 (full 0):
 garbage-first heap   total 120832K, used 53642K [0x0000000080000000, 0x0000000100000000)
  region size 1024K, 3 young (3072K), 3 survivors (3072K)
 Metaspace       used 70402K, committed 70976K, reserved 1114112K
  class space    used 9277K, committed 9536K, reserved 1048576K
}
Event: 7.842 GC heap before
{Heap before GC invocations=19 (full 0):
 garbage-first heap   total 120832K, used 95626K [0x0000000080000000, 0x0000000100000000)
  region size 1024K, 44 young (45056K), 3 survivors (3072K)
 Metaspace       used 75084K, committed 75648K, reserved 1122304K
  class space    used 9854K, committed 10112K, reserved 1048576K
}
Event: 7.846 GC heap after
{Heap after GC invocations=20 (full 0):
 garbage-first heap   total 120832K, used 56122K [0x0000000080000000, 0x0000000100000000)
  region size 1024K, 6 young (6144K), 6 survivors (6144K)
 Metaspace       used 75084K, committed 75648K, reserved 1122304K
  class space    used 9854K, committed 10112K, reserved 1048576K
}
Event: 8.435 GC heap before
{Heap before GC invocations=20 (full 0):
 garbage-first heap   total 120832K, used 96058K [0x0000000080000000, 0x0000000100000000)
  region size 1024K, 45 young (46080K), 6 survivors (6144K)
 Metaspace       used 79761K, committed 80320K, reserved 1122304K
  class space    used 10715K, committed 11008K, reserved 1048576K
}
Event: 8.439 GC heap after
{Heap after GC invocations=21 (full 0):
 garbage-first heap   total 120832K, used 58274K [0x0000000080000000, 0x0000000100000000)
  region size 1024K, 5 young (5120K), 5 survivors (5120K)
 Metaspace       used 79761K, committed 80320K, reserved 1122304K
  class space    used 10715K, committed 11008K, reserved 1048576K
}
Event: 9.017 GC heap before
{Heap before GC invocations=21 (full 0):
 garbage-first heap   total 120832K, used 98210K [0x0000000080000000, 0x0000000100000000)
  region size 1024K, 44 young (45056K), 5 survivors (5120K)
 Metaspace       used 83779K, committed 84416K, reserved 1122304K
  class space    used 11288K, committed 11584K, reserved 1048576K
}
Event: 9.023 GC heap after
{Heap after GC invocations=22 (full 0):
 garbage-first heap   total 120832K, used 61487K [0x0000000080000000, 0x0000000100000000)
  region size 1024K, 6 young (6144K), 6 survivors (6144K)
 Metaspace       used 83779K, committed 84416K, reserved 1122304K
  class space    used 11288K, committed 11584K, reserved 1048576K
}
Event: 9.537 GC heap before
{Heap before GC invocations=22 (full 0):
 garbage-first heap   total 120832K, used 98351K [0x0000000080000000, 0x0000000100000000)
  region size 1024K, 42 young (43008K), 6 survivors (6144K)
 Metaspace       used 88671K, committed 89280K, reserved 1130496K
  class space    used 11993K, committed 12288K, reserved 1048576K
}
Event: 9.543 GC heap after
{Heap after GC invocations=23 (full 0):
 garbage-first heap   total 120832K, used 64176K [0x0000000080000000, 0x0000000100000000)
  region size 1024K, 6 young (6144K), 6 survivors (6144K)
 Metaspace       used 88671K, committed 89280K, reserved 1130496K
  class space    used 11993K, committed 12288K, reserved 1048576K
}
Event: 9.917 GC heap before
{Heap before GC invocations=24 (full 0):
 garbage-first heap   total 120832K, used 98992K [0x0000000080000000, 0x0000000100000000)
  region size 1024K, 40 young (40960K), 6 survivors (6144K)
 Metaspace       used 89967K, committed 90624K, reserved 1130496K
  class space    used 12169K, committed 12480K, reserved 1048576K
}
Event: 9.923 GC heap after
{Heap after GC invocations=25 (full 0):
 garbage-first heap   total 120832K, used 68703K [0x0000000080000000, 0x0000000100000000)
  region size 1024K, 5 young (5120K), 5 survivors (5120K)
 Metaspace       used 89967K, committed 90624K, reserved 1130496K
  class space    used 12169K, committed 12480K, reserved 1048576K
}
Event: 9.928 GC heap before
{Heap before GC invocations=25 (full 0):
 garbage-first heap   total 120832K, used 69727K [0x0000000080000000, 0x0000000100000000)
  region size 1024K, 6 young (6144K), 5 survivors (5120K)
 Metaspace       used 89968K, committed 90624K, reserved 1130496K
  class space    used 12169K, committed 12480K, reserved 1048576K
}
Event: 9.932 GC heap after
{Heap after GC invocations=26 (full 0):
 garbage-first heap   total 120832K, used 68818K [0x0000000080000000, 0x0000000100000000)
  region size 1024K, 1 young (1024K), 1 survivors (1024K)
 Metaspace       used 89968K, committed 90624K, reserved 1130496K
  class space    used 12169K, committed 12480K, reserved 1048576K
}
Event: 10.320 GC heap before
{Heap before GC invocations=26 (full 0):
 garbage-first heap   total 120832K, used 97490K [0x0000000080000000, 0x0000000100000000)
  region size 1024K, 30 young (30720K), 1 survivors (1024K)
 Metaspace       used 90497K, committed 91136K, reserved 1130496K
  class space    used 12208K, committed 12480K, reserved 1048576K
}
Event: 10.326 GC heap after
{Heap after GC invocations=27 (full 0):
 garbage-first heap   total 120832K, used 74438K [0x0000000080000000, 0x0000000100000000)
  region size 1024K, 4 young (4096K), 4 survivors (4096K)
 Metaspace       used 90497K, committed 91136K, reserved 1130496K
  class space    used 12208K, committed 12480K, reserved 1048576K
}
Event: 10.840 GC heap before
{Heap before GC invocations=28 (full 0):
 garbage-first heap   total 130048K, used 97990K [0x0000000080000000, 0x0000000100000000)
  region size 1024K, 27 young (27648K), 4 survivors (4096K)
 Metaspace       used 93205K, committed 93760K, reserved 1130496K
  class space    used 12536K, committed 12800K, reserved 1048576K
}
Event: 10.846 GC heap after
{Heap after GC invocations=29 (full 0):
 garbage-first heap   total 130048K, used 78299K [0x0000000080000000, 0x0000000100000000)
  region size 1024K, 4 young (4096K), 4 survivors (4096K)
 Metaspace       used 93205K, committed 93760K, reserved 1130496K
  class space    used 12536K, committed 12800K, reserved 1048576K
}
Event: 10.909 GC heap before
{Heap before GC invocations=29 (full 0):
 garbage-first heap   total 130048K, used 80347K [0x0000000080000000, 0x0000000100000000)
  region size 1024K, 6 young (6144K), 4 survivors (4096K)
 Metaspace       used 93367K, committed 94016K, reserved 1130496K
  class space    used 12560K, committed 12864K, reserved 1048576K
}
Event: 10.913 GC heap after
{Heap after GC invocations=30 (full 0):
 garbage-first heap   total 130048K, used 78285K [0x0000000080000000, 0x0000000100000000)
  region size 1024K, 1 young (1024K), 1 survivors (1024K)
 Metaspace       used 93367K, committed 94016K, reserved 1130496K
  class space    used 12560K, committed 12864K, reserved 1048576K
}
Event: 11.069 GC heap before
{Heap before GC invocations=30 (full 0):
 garbage-first heap   total 130048K, used 103885K [0x0000000080000000, 0x0000000100000000)
  region size 1024K, 26 young (26624K), 1 survivors (1024K)
 Metaspace       used 94036K, committed 94720K, reserved 1138688K
  class space    used 12768K, committed 13056K, reserved 1048576K
}

Dll operation events (2 events):
Event: 0.008 Loaded shared library C:\Program Files\Android\Android Studio\jbr\bin\java.dll
Event: 0.411 Loaded shared library C:\Program Files\Android\Android Studio\jbr\bin\verify.dll

Deoptimization events (20 events):
Event: 10.993 Thread 0x0000024be62a2ae0 Uncommon trap: trap_request=0xffffff45 fr.pc=0x0000024bcca39b08 relative=0x0000000000001728
Event: 10.993 Thread 0x0000024be62a2ae0 Uncommon trap: reason=unstable_if action=reinterpret pc=0x0000024bcca39b08 method=java.util.concurrent.ConcurrentHashMap.computeIfAbsent(Ljava/lang/Object;Ljava/util/function/Function;)Ljava/lang/Object; @ 279 c2
Event: 10.994 Thread 0x0000024be62a2ae0 DEOPT PACKING pc=0x0000024bcca39b08 sp=0x000000a07f8fde00
Event: 10.994 Thread 0x0000024be62a2ae0 DEOPT UNPACKING pc=0x0000024bcbf7a1a3 sp=0x000000a07f8fdd98 mode 2
Event: 11.013 Thread 0x0000024be62a0930 Uncommon trap: trap_request=0xffffff45 fr.pc=0x0000024bcc723d68 relative=0x0000000000000528
Event: 11.014 Thread 0x0000024be62a0930 Uncommon trap: reason=unstable_if action=reinterpret pc=0x0000024bcc723d68 method=java.lang.StringLatin1.compareToCI([B[B)I @ 68 c2
Event: 11.014 Thread 0x0000024be62a0930 DEOPT PACKING pc=0x0000024bcc723d68 sp=0x000000a07f7fb720
Event: 11.014 Thread 0x0000024be62a0930 DEOPT UNPACKING pc=0x0000024bcbf7a1a3 sp=0x000000a07f7fb610 mode 2
Event: 11.014 Thread 0x0000024be62a0930 Uncommon trap: trap_request=0xffffff45 fr.pc=0x0000024bcc8585a0 relative=0x00000000000004e0
Event: 11.015 Thread 0x0000024be62a0930 Uncommon trap: reason=unstable_if action=reinterpret pc=0x0000024bcc8585a0 method=java.lang.StringLatin1.compareToCI([B[B)I @ 68 c2
Event: 11.015 Thread 0x0000024be62a0930 DEOPT PACKING pc=0x0000024bcc8585a0 sp=0x000000a07f7fb680
Event: 11.015 Thread 0x0000024be62a0930 DEOPT UNPACKING pc=0x0000024bcbf7a1a3 sp=0x000000a07f7fb608 mode 2
Event: 11.030 Thread 0x0000024be62a2610 Uncommon trap: trap_request=0xffffff45 fr.pc=0x0000024bcc79edf0 relative=0x0000000000000250
Event: 11.030 Thread 0x0000024be62a2610 Uncommon trap: reason=unstable_if action=reinterpret pc=0x0000024bcc79edf0 method=java.util.concurrent.ConcurrentHashMap.get(Ljava/lang/Object;)Ljava/lang/Object; @ 86 c2
Event: 11.031 Thread 0x0000024be62a2610 DEOPT PACKING pc=0x0000024bcc79edf0 sp=0x000000a07f9fdd70
Event: 11.031 Thread 0x0000024be62a2610 DEOPT UNPACKING pc=0x0000024bcbf7a1a3 sp=0x000000a07f9fdce8 mode 2
Event: 11.037 Thread 0x0000024be469f5f0 Uncommon trap: trap_request=0xffffff45 fr.pc=0x0000024bcca5ef9c relative=0x000000000000077c
Event: 11.037 Thread 0x0000024be469f5f0 Uncommon trap: reason=unstable_if action=reinterpret pc=0x0000024bcca5ef9c method=java.util.concurrent.ConcurrentHashMap.addCount(JI)V @ 34 c2
Event: 11.037 Thread 0x0000024be469f5f0 DEOPT PACKING pc=0x0000024bcca5ef9c sp=0x000000a0000fe420
Event: 11.037 Thread 0x0000024be469f5f0 DEOPT UNPACKING pc=0x0000024bcbf7a1a3 sp=0x000000a0000fe2d8 mode 2

Classes unloaded (0 events):
No events

Classes redefined (0 events):
No events

Internal exceptions (20 events):
Event: 10.917 Thread 0x0000024be62a3950 Implicit null exception at 0x0000024bcc96ad80 to 0x0000024bcc96b788
Event: 10.917 Thread 0x0000024be62a3950 Implicit null exception at 0x0000024bcc96ad80 to 0x0000024bcc96b788
Event: 10.917 Thread 0x0000024be62a3950 Implicit null exception at 0x0000024bcc96ad80 to 0x0000024bcc96b788
Event: 10.918 Thread 0x0000024be62a1c70 Implicit null exception at 0x0000024bcc96ad80 to 0x0000024bcc96b788
Event: 10.953 Thread 0x0000024be62a17a0 Exception <a 'java/lang/NoSuchMethodError'{0x000000008cbeaf70}: 'java.lang.Object java.lang.invoke.DirectMethodHandle$Holder.invokeSpecialIFC(java.lang.Object, java.lang.Object, java.lang.Object)'> (0x000000008cbeaf70) 
thrown [s\src\hotspot\share\interpreter\linkResolver.cpp, line 771]
Event: 10.953 Thread 0x0000024be62a0460 Exception <a 'java/lang/NoSuchMethodError'{0x000000008cb6ddd0}: 'java.lang.Object java.lang.invoke.DirectMethodHandle$Holder.invokeSpecialIFC(java.lang.Object, java.lang.Object, java.lang.Object)'> (0x000000008cb6ddd0) 
thrown [s\src\hotspot\share\interpreter\linkResolver.cpp, line 771]
Event: 10.954 Thread 0x0000024be62a3480 Exception <a 'java/lang/NoSuchMethodError'{0x000000008cbb98b8}: 'java.lang.Object java.lang.invoke.DirectMethodHandle$Holder.invokeSpecialIFC(java.lang.Object, java.lang.Object, java.lang.Object)'> (0x000000008cbb98b8) 
thrown [s\src\hotspot\share\interpreter\linkResolver.cpp, line 771]
Event: 10.954 Thread 0x0000024be62a3950 Exception <a 'java/lang/NoSuchMethodError'{0x000000008cba8a20}: 'java.lang.Object java.lang.invoke.DirectMethodHandle$Holder.invokeSpecialIFC(java.lang.Object, java.lang.Object, java.lang.Object)'> (0x000000008cba8a20) 
thrown [s\src\hotspot\share\interpreter\linkResolver.cpp, line 771]
Event: 10.954 Thread 0x0000024be07c2b30 Exception <a 'java/lang/NoSuchMethodError'{0x000000008ca0a698}: 'java.lang.Object java.lang.invoke.DirectMethodHandle$Holder.invokeSpecialIFC(java.lang.Object, java.lang.Object, java.lang.Object)'> (0x000000008ca0a698) 
thrown [s\src\hotspot\share\interpreter\linkResolver.cpp, line 771]
Event: 10.954 Thread 0x0000024be62a2140 Exception <a 'java/lang/NoSuchMethodError'{0x000000008cbdff88}: 'java.lang.Object java.lang.invoke.DirectMethodHandle$Holder.invokeSpecialIFC(java.lang.Object, java.lang.Object, java.lang.Object)'> (0x000000008cbdff88) 
thrown [s\src\hotspot\share\interpreter\linkResolver.cpp, line 771]
Event: 10.954 Thread 0x0000024be62a2fb0 Exception <a 'java/lang/NoSuchMethodError'{0x000000008cb81878}: 'java.lang.Object java.lang.invoke.DirectMethodHandle$Holder.invokeSpecialIFC(java.lang.Object, java.lang.Object, java.lang.Object)'> (0x000000008cb81878) 
thrown [s\src\hotspot\share\interpreter\linkResolver.cpp, line 771]
Event: 10.954 Thread 0x0000024be62a1c70 Exception <a 'java/lang/NoSuchMethodError'{0x000000008cbf9450}: 'java.lang.Object java.lang.invoke.DirectMethodHandle$Holder.invokeSpecialIFC(java.lang.Object, java.lang.Object, java.lang.Object)'> (0x000000008cbf9450) 
thrown [s\src\hotspot\share\interpreter\linkResolver.cpp, line 771]
Event: 10.954 Thread 0x0000024be469f5f0 Exception <a 'java/lang/NoSuchMethodError'{0x000000008cb9eb10}: 'java.lang.Object java.lang.invoke.DirectMethodHandle$Holder.invokeSpecialIFC(java.lang.Object, java.lang.Object, java.lang.Object)'> (0x000000008cb9eb10) 
thrown [s\src\hotspot\share\interpreter\linkResolver.cpp, line 771]
Event: 10.954 Thread 0x0000024be62a0930 Exception <a 'java/lang/NoSuchMethodError'{0x000000008ca28898}: 'java.lang.Object java.lang.invoke.DirectMethodHandle$Holder.invokeSpecialIFC(java.lang.Object, java.lang.Object, java.lang.Object)'> (0x000000008ca28898) 
thrown [s\src\hotspot\share\interpreter\linkResolver.cpp, line 771]
Event: 10.954 Thread 0x0000024be62a2610 Exception <a 'java/lang/NoSuchMethodError'{0x000000008cbb1840}: 'java.lang.Object java.lang.invoke.DirectMethodHandle$Holder.invokeSpecialIFC(java.lang.Object, java.lang.Object, java.lang.Object)'> (0x000000008cbb1840) 
thrown [s\src\hotspot\share\interpreter\linkResolver.cpp, line 771]
Event: 10.954 Thread 0x0000024be62a0e00 Exception <a 'java/lang/NoSuchMethodError'{0x000000008cbd5f78}: 'java.lang.Object java.lang.invoke.DirectMethodHandle$Holder.invokeSpecialIFC(java.lang.Object, java.lang.Object, java.lang.Object)'> (0x000000008cbd5f78) 
thrown [s\src\hotspot\share\interpreter\linkResolver.cpp, line 771]
Event: 10.954 Thread 0x0000024be62a12d0 Exception <a 'java/lang/NoSuchMethodError'{0x000000008cbc3b00}: 'java.lang.Object java.lang.invoke.DirectMethodHandle$Holder.invokeSpecialIFC(java.lang.Object, java.lang.Object, java.lang.Object)'> (0x000000008cbc3b00) 
thrown [s\src\hotspot\share\interpreter\linkResolver.cpp, line 771]
Event: 10.954 Thread 0x0000024be62a2ae0 Exception <a 'java/lang/NoSuchMethodError'{0x000000008cbf1960}: 'java.lang.Object java.lang.invoke.DirectMethodHandle$Holder.invokeSpecialIFC(java.lang.Object, java.lang.Object, java.lang.Object)'> (0x000000008cbf1960) 
thrown [s\src\hotspot\share\interpreter\linkResolver.cpp, line 771]
Event: 10.954 Thread 0x0000024be0bb20d0 Exception <a 'java/lang/NoSuchMethodError'{0x000000008cbcd708}: 'java.lang.Object java.lang.invoke.DirectMethodHandle$Holder.invokeSpecialIFC(java.lang.Object, java.lang.Object, java.lang.Object)'> (0x000000008cbcd708) 
thrown [s\src\hotspot\share\interpreter\linkResolver.cpp, line 771]
Event: 10.954 Thread 0x0000024be07c6020 Exception <a 'java/lang/NoSuchMethodError'{0x000000008ccf3bf8}: 'java.lang.Object java.lang.invoke.DirectMethodHandle$Holder.invokeSpecialIFC(java.lang.Object, java.lang.Object, java.lang.Object)'> (0x000000008ccf3bf8) 
thrown [s\src\hotspot\share\interpreter\linkResolver.cpp, line 771]

VM Operations (20 events):
Event: 10.412 Executing VM operation: G1Concurrent done
Event: 10.432 Executing VM operation: HandshakeAllThreads
Event: 10.432 Executing VM operation: HandshakeAllThreads done
Event: 10.432 Executing VM operation: HandshakeAllThreads
Event: 10.433 Executing VM operation: HandshakeAllThreads done
Event: 10.489 Executing VM operation: HandshakeAllThreads
Event: 10.490 Executing VM operation: HandshakeAllThreads done
Event: 10.530 Executing VM operation: HandshakeAllThreads
Event: 10.530 Executing VM operation: HandshakeAllThreads done
Event: 10.556 Executing VM operation: HandshakeAllThreads
Event: 10.557 Executing VM operation: HandshakeAllThreads done
Event: 10.607 Executing VM operation: HandshakeAllThreads
Event: 10.607 Executing VM operation: HandshakeAllThreads done
Event: 10.679 Executing VM operation: ICBufferFull
Event: 10.696 Executing VM operation: ICBufferFull done
Event: 10.840 Executing VM operation: G1CollectForAllocation
Event: 10.846 Executing VM operation: G1CollectForAllocation done
Event: 10.909 Executing VM operation: G1CollectForAllocation
Event: 10.913 Executing VM operation: G1CollectForAllocation done
Event: 11.069 Executing VM operation: G1CollectForAllocation

Events (20 events):
Event: 10.921 Thread 0x0000024be469e780 Thread added: 0x0000024be469e780
Event: 10.921 Thread 0x0000024be469fac0 Thread added: 0x0000024be469fac0
Event: 10.921 Thread 0x0000024be469ec50 Thread added: 0x0000024be469ec50
Event: 10.921 Thread 0x0000024be469ff90 Thread added: 0x0000024be469ff90
Event: 10.921 Thread 0x0000024be46a0460 Thread added: 0x0000024be46a0460
Event: 10.922 Thread 0x0000024be469dde0 Thread added: 0x0000024be469dde0
Event: 10.922 Thread 0x0000024be469d440 Thread added: 0x0000024be469d440
Event: 10.922 Thread 0x0000024be469caa0 Thread added: 0x0000024be469caa0
Event: 10.922 Thread 0x0000024be46a0930 Thread added: 0x0000024be46a0930
Event: 10.922 Thread 0x0000024be469cf70 Thread added: 0x0000024be469cf70
Event: 10.923 Thread 0x0000024be46a0e00 Thread added: 0x0000024be46a0e00
Event: 10.923 Thread 0x0000024be46a12d0 Thread added: 0x0000024be46a12d0
Event: 10.923 Thread 0x0000024be469f120 Thread added: 0x0000024be469f120
Event: 10.923 Thread 0x0000024be469d910 Thread added: 0x0000024be469d910
Event: 10.924 Thread 0x0000024be46a17a0 Thread added: 0x0000024be46a17a0
Event: 10.924 Thread 0x0000024be46a1c70 Thread added: 0x0000024be46a1c70
Event: 10.925 Thread 0x0000024be469e2b0 Thread added: 0x0000024be469e2b0
Event: 10.925 Thread 0x0000024be46a5630 Thread added: 0x0000024be46a5630
Event: 10.926 Thread 0x0000024be46a5b00 Thread added: 0x0000024be46a5b00
Event: 10.926 Thread 0x0000024be46a42f0 Thread added: 0x0000024be46a42f0


Dynamic libraries:
0x00007ff79c220000 - 0x00007ff79c22a000 	C:\Program Files\Android\Android Studio\jbr\bin\java.exe
0x00007ffa6e6a0000 - 0x00007ffa6e908000 	C:\WINDOWS\SYSTEM32\ntdll.dll
0x00007ffa6ccd0000 - 0x00007ffa6cd99000 	C:\WINDOWS\System32\KERNEL32.DLL
0x00007ffa6b430000 - 0x00007ffa6b821000 	C:\WINDOWS\System32\KERNELBASE.dll
0x00007ffa6b220000 - 0x00007ffa6b36b000 	C:\WINDOWS\System32\ucrtbase.dll
0x00007ffa2ceb0000 - 0x00007ffa2cec7000 	C:\Program Files\Android\Android Studio\jbr\bin\jli.dll
0x00007ffa65630000 - 0x00007ffa6564b000 	C:\Program Files\Android\Android Studio\jbr\bin\VCRUNTIME140.dll
0x00007ffa6d530000 - 0x00007ffa6d6f6000 	C:\WINDOWS\System32\USER32.dll
0x00007ffa6b010000 - 0x00007ffa6b037000 	C:\WINDOWS\System32\win32u.dll
0x00007ffa50560000 - 0x00007ffa507f3000 	C:\WINDOWS\WinSxS\amd64_microsoft.windows.common-controls_6595b64144ccf1df_6.0.26100.7824_none_3e0870b2e3345462\COMCTL32.dll
0x00007ffa6d360000 - 0x00007ffa6d409000 	C:\WINDOWS\System32\msvcrt.dll
0x00007ffa6d700000 - 0x00007ffa6d72b000 	C:\WINDOWS\System32\GDI32.dll
0x00007ffa6b040000 - 0x00007ffa6b16b000 	C:\WINDOWS\System32\gdi32full.dll
0x00007ffa6b170000 - 0x00007ffa6b213000 	C:\WINDOWS\System32\msvcp_win.dll
0x00007ffa6e050000 - 0x00007ffa6e081000 	C:\WINDOWS\System32\IMM32.DLL
0x00007ffa65620000 - 0x00007ffa6562c000 	C:\Program Files\Android\Android Studio\jbr\bin\vcruntime140_1.dll
0x00007ffa072e0000 - 0x00007ffa0736d000 	C:\Program Files\Android\Android Studio\jbr\bin\msvcp140.dll
0x00007ff9f8880000 - 0x00007ff9f94ee000 	C:\Program Files\Android\Android Studio\jbr\bin\server\jvm.dll
0x00007ffa6df90000 - 0x00007ffa6e044000 	C:\WINDOWS\System32\ADVAPI32.dll
0x00007ffa6ce90000 - 0x00007ffa6cf36000 	C:\WINDOWS\System32\sechost.dll
0x00007ffa6d410000 - 0x00007ffa6d528000 	C:\WINDOWS\System32\RPCRT4.dll
0x00007ffa58050000 - 0x00007ffa5805a000 	C:\WINDOWS\SYSTEM32\WSOCK32.dll
0x00007ffa58ce0000 - 0x00007ffa58d15000 	C:\WINDOWS\SYSTEM32\WINMM.dll
0x00007ffa64220000 - 0x00007ffa6422b000 	C:\WINDOWS\SYSTEM32\VERSION.dll
0x00007ffa6e5e0000 - 0x00007ffa6e654000 	C:\WINDOWS\System32\WS2_32.dll
0x00007ffa69ce0000 - 0x00007ffa69cfb000 	C:\WINDOWS\SYSTEM32\kernel.appcore.dll
0x00007ffa56540000 - 0x00007ffa5654a000 	C:\Program Files\Android\Android Studio\jbr\bin\jimage.dll
0x00007ffa69080000 - 0x00007ffa692c2000 	C:\WINDOWS\SYSTEM32\DBGHELP.DLL
0x00007ffa6cf40000 - 0x00007ffa6d2c6000 	C:\WINDOWS\System32\combase.dll
0x00007ffa6cdb0000 - 0x00007ffa6ce87000 	C:\WINDOWS\System32\OLEAUT32.dll
0x00007ffa4d640000 - 0x00007ffa4d67b000 	C:\WINDOWS\SYSTEM32\dbgcore.DLL
0x00007ffa6b830000 - 0x00007ffa6b8d5000 	C:\WINDOWS\System32\bcryptPrimitives.dll
0x00007ffa0a360000 - 0x00007ffa0a385000 	C:\Program Files\Android\Android Studio\jbr\bin\java.dll
0x00007ffa4fb40000 - 0x00007ffa4fb58000 	C:\Program Files\Android\Android Studio\jbr\bin\zip.dll
0x00007ffa6d830000 - 0x00007ffa6df82000 	C:\WINDOWS\System32\SHELL32.dll
0x00007ffa6c2d0000 - 0x00007ffa6c43a000 	C:\WINDOWS\System32\wintypes.dll
0x00007ffa6ba60000 - 0x00007ffa6c2c3000 	C:\WINDOWS\System32\windows.storage.dll
0x00007ffa6c630000 - 0x00007ffa6c726000 	C:\WINDOWS\System32\SHCORE.dll
0x00007ffa6e090000 - 0x00007ffa6e0f7000 	C:\WINDOWS\System32\shlwapi.dll
0x00007ffa6aea0000 - 0x00007ffa6aec9000 	C:\WINDOWS\SYSTEM32\profapi.dll
0x00007ffa4cb00000 - 0x00007ffa4cb19000 	C:\Program Files\Android\Android Studio\jbr\bin\net.dll
0x00007ffa63ea0000 - 0x00007ffa63fc7000 	C:\WINDOWS\SYSTEM32\WINHTTP.dll
0x00007ffa6a230000 - 0x00007ffa6a29b000 	C:\WINDOWS\system32\mswsock.dll
0x00007ffa4caa0000 - 0x00007ffa4cab6000 	C:\Program Files\Android\Android Studio\jbr\bin\nio.dll
0x00007ffa560f0000 - 0x00007ffa56100000 	C:\Program Files\Android\Android Studio\jbr\bin\verify.dll
0x00007ff9e8d00000 - 0x00007ff9e8d27000 	C:\Users\shuik\Desktop\Android Studio\Sdk\native\68d5fa5c4cc2d200863cafc0d521ce42e7d3e7ee720ec0a83991735586a16f82\windows-amd64\native-platform.dll
0x00007ffa070f0000 - 0x00007ffa07234000 	C:\Users\shuik\Desktop\Android Studio\Sdk\native\e376f236ea51e6404a007f0833ffe2c6e607c4080706a723a18a27aeea778392\windows-amd64\native-platform-file-events.dll
0x00007ffa559e0000 - 0x00007ffa559e9000 	C:\Program Files\Android\Android Studio\jbr\bin\management.dll
0x00007ffa509f0000 - 0x00007ffa509fb000 	C:\Program Files\Android\Android Studio\jbr\bin\management_ext.dll
0x00007ffa6d2d0000 - 0x00007ffa6d2d8000 	C:\WINDOWS\System32\PSAPI.DLL
0x00007ffa6a620000 - 0x00007ffa6a63b000 	C:\WINDOWS\SYSTEM32\CRYPTSP.dll
0x00007ffa69c40000 - 0x00007ffa69c79000 	C:\WINDOWS\system32\rsaenh.dll
0x00007ffa6a2e0000 - 0x00007ffa6a30b000 	C:\WINDOWS\SYSTEM32\USERENV.dll
0x00007ffa6ae70000 - 0x00007ffa6ae9a000 	C:\WINDOWS\SYSTEM32\bcrypt.dll
0x00007ffa6a480000 - 0x00007ffa6a48c000 	C:\WINDOWS\SYSTEM32\CRYPTBASE.dll
0x00007ffa696e0000 - 0x00007ffa69714000 	C:\WINDOWS\SYSTEM32\IPHLPAPI.DLL
0x00007ffa6c440000 - 0x00007ffa6c44a000 	C:\WINDOWS\System32\NSI.dll
0x00007ffa64260000 - 0x00007ffa6427e000 	C:\WINDOWS\SYSTEM32\dhcpcsvc6.DLL
0x00007ffa64230000 - 0x00007ffa64253000 	C:\WINDOWS\SYSTEM32\dhcpcsvc.DLL
0x00007ffa69770000 - 0x00007ffa6989c000 	C:\WINDOWS\SYSTEM32\DNSAPI.dll
0x00007ffa4d7d0000 - 0x00007ffa4d7d8000 	C:\WINDOWS\system32\wshunix.dll

dbghelp: loaded successfully - version: 4.0.5 - missing functions: none
symbol engine: initialized successfully - sym options: 0x614 - pdb path: .;C:\Program Files\Android\Android Studio\jbr\bin;C:\WINDOWS\SYSTEM32;C:\WINDOWS\WinSxS\amd64_microsoft.windows.common-controls_6595b64144ccf1df_6.0.26100.7824_none_3e0870b2e3345462;C:\Program Files\Android\Android Studio\jbr\bin\server;C:\Users\shuik\Desktop\Android Studio\Sdk\native\68d5fa5c4cc2d200863cafc0d521ce42e7d3e7ee720ec0a83991735586a16f82\windows-amd64;C:\Users\shuik\Desktop\Android Studio\Sdk\native\e376f236ea51e6404a007f0833ffe2c6e607c4080706a723a18a27aeea778392\windows-amd64

VM Arguments:
jvm_args: --add-opens=java.base/java.util=ALL-UNNAMED --add-opens=java.base/java.lang=ALL-UNNAMED --add-opens=java.base/java.lang.invoke=ALL-UNNAMED --add-opens=java.prefs/java.util.prefs=ALL-UNNAMED --add-opens=java.base/java.nio.charset=ALL-UNNAMED --add-opens=java.base/java.net=ALL-UNNAMED --add-opens=java.base/java.util.concurrent.atomic=ALL-UNNAMED -Xmx2048m -Dfile.encoding=UTF-8 -Duser.country=ES -Duser.language=es -Duser.variant 
java_command: org.gradle.launcher.daemon.bootstrap.GradleDaemon 8.0
java_class_path (initial): C:\Users\shuik\Desktop\Android Studio\Sdk\wrapper\dists\gradle-8.0-bin\ca5e32bp14vu59qr306oxotwh\gradle-8.0\lib\gradle-launcher-8.0.jar
Launcher Type: SUN_STANDARD

[Global flags]
     intx CICompilerCount                          = 12                                        {product} {ergonomic}
     uint ConcGCThreads                            = 3                                         {product} {ergonomic}
     uint G1ConcRefinementThreads                  = 13                                        {product} {ergonomic}
   size_t G1HeapRegionSize                         = 1048576                                   {product} {ergonomic}
    uintx GCDrainStackTargetSize                   = 64                                        {product} {ergonomic}
   size_t InitialHeapSize                          = 264241152                                 {product} {ergonomic}
   size_t MarkStackSize                            = 4194304                                   {product} {ergonomic}
   size_t MaxHeapSize                              = 2147483648                                {product} {command line}
   size_t MaxNewSize                               = 1287651328                                {product} {ergonomic}
   size_t MinHeapDeltaBytes                        = 1048576                                   {product} {ergonomic}
   size_t MinHeapSize                              = 8388608                                   {product} {ergonomic}
    uintx NonNMethodCodeHeapSize                   = 7602480                                {pd product} {ergonomic}
    uintx NonProfiledCodeHeapSize                  = 122027880                              {pd product} {ergonomic}
    uintx ProfiledCodeHeapSize                     = 122027880                              {pd product} {ergonomic}
    uintx ReservedCodeCacheSize                    = 251658240                              {pd product} {ergonomic}
     bool SegmentedCodeCache                       = true                                      {product} {ergonomic}
   size_t SoftMaxHeapSize                          = 2147483648                             {manageable} {ergonomic}
     bool UseCompressedClassPointers               = true                           {product lp64_product} {ergonomic}
     bool UseCompressedOops                        = true                           {product lp64_product} {ergonomic}
     bool UseG1GC                                  = true                                      {product} {ergonomic}
     bool UseLargePagesIndividualAllocation        = false                                  {pd product} {ergonomic}

Logging:
Log output configuration:
 #0: stdout all=warning uptime,level,tags
 #1: stderr all=off uptime,level,tags

Environment Variables:
PATH=C:\Program Files\Common Files\Oracle\Java\javapath;C:\Program Files (x86)\Common Files\Oracle\Java\java8path;C:\Program Files (x86)\Common Files\Oracle\Java\javapath;C:\WINDOWS\system32;C:\WINDOWS;C:\WINDOWS\System32\Wbem;C:\WINDOWS\System32\WindowsPowerShell\v1.0\;C:\WINDOWS\System32\OpenSSH\;C:\Program Files\dotnet\;C:\Program Files (x86)\NVIDIA Corporation\PhysX\Common;C:\Program Files\NVIDIA Corporation\NVIDIA app\NvDLISR;C:\Program Files\Docker\Docker\resources\bin;C:\Program Files\Apache\apache-maven-3.9.11\bin;C:\Program Files\nodejs\;C:\Users\shuik\AppData\Local\Programs\Python\Launcher\;C:\Users\shuik\AppData\Local\Microsoft\WindowsApps;C:\Users\shuik\AppData\Local\Programs\Microsoft VS Code\bin;C:\Users\shuik\AppData\Local\GitHubDesktop\bin;C:\Users\shuik\AppData\Local\spicetify;C:\Program Files\MongoDB\Server\8.2\bin;C:\Users\shuik\.dotnet\tools;C:\Users\shuik\AppData\Roaming\npm;C:\Users\shuik\AppData\Local\Programs\Python\Python314\Scripts;C:\Users\shuik\AppData\Local\Programs\Python\Python314;
USERNAME=shuik
OS=Windows_NT
PROCESSOR_IDENTIFIER=Intel64 Family 6 Model 141 Stepping 1, GenuineIntel
TMP=C:\Users\shuik\AppData\Local\Temp
TEMP=C:\Users\shuik\AppData\Local\Temp


JNI global refs:
JNI global refs: 41, weak refs: 23

JNI global refs memory usage: 843, weak refs: 841


---------------  S Y S T E M  ---------------

OS:
 Windows 11 , 64 bit Build 26100 (10.0.26100.7705)
OS uptime: 28 days 19:05 hours
Hyper-V role detected

CPU: total 16 (initial active 16) (8 cores per cpu, 2 threads per core) family 6 model 141 stepping 1 microcode 0x34, cx8, cmov, fxsr, ht, mmx, 3dnowpref, sse, sse2, sse3, ssse3, sse4.1, sse4.2, popcnt, lzcnt, tsc, tscinvbit, avx, avx2, aes, erms, clmul, bmi1, bmi2, adx, avx512f, avx512dq, avx512cd, avx512bw, avx512vl, sha, fma, vzeroupper, avx512_vpopcntdq, avx512_vpclmulqdq, avx512_vaes, avx512_vnni, clflush, clflushopt, clwb, avx512_vbmi2, avx512_vbmi, hv

Memory: 4k page, system-wide physical 16085M (2111M free)
TotalPageFile size 65237M (AvailPageFile size 62M)
current process WorkingSet (physical memory assigned to process): 422M, peak: 423M
current process commit charge ("private bytes"): 552M, peak: 597M

vm_info: OpenJDK 64-Bit Server VM (17.0.6+0-b2043.56-10027231) for windows-amd64 JRE (17.0.6+0-b2043.56-10027231), built on Apr 28 2023 00:43:19 by "androidbuild" with MS VC++ 16.10 / 16.11 (VS2019)

END.
